key,sha256,bytes,content_type,fetched_at,origin,source_url
sbi/forex-card-rates/2020/2020-01-04.pdf,178dd2a581b9c85a9bc550a192ae36e0f94cd1fb918606409f3580ed2bf818cf,245869,application/pdf,2026-10-02T17:46:42Z,upstream,https://github.com/sakthipriyan/financial-data/raw/fa278a509a956062c41aae859b9818bcba95779a/src/sbi-fx-card-rates/2020/2020-01-04.pdf
sbi/forex-card-rates/2020/2020-01-06.pdf,fad81e51a685e4b7a3ff5cc9e52cfdd77ff05e445d129a8ffff2dd2a2f3a84f2,246109,application/pdf,2026-10-02T17:46:42Z,upstream,https://github.com/sakthipriyan/financial-data/raw/fa278a509a956062c41aae859b9818bcba95779a/src/sbi-fx-card-rates/2020/2020-01-06.pdf
sbi/forex-card-rates/2020/2020-01-07.pdf,96bf5689867f14782783a852eb7ba9fc1d9f0cdc2c83c7a467d1e980f1e1655d,246451,application/pdf,2026-10-02T17:46:42Z,upstream,https://github.com/sakthipriyan/financial-data/raw/fa278a509a956062c41aae859b9818bcba95779a/src/sbi-fx-card-rates/2020/2020-01-07.pdf
sbi/forex-card-rates/2020/2020-01-08.pdf,cab1e1f7989ef920fbeae84d2163f50215ec1d5c1cfca7bf0d1a11a3fffb8db6,246423,application/pdf,2026-10-02T17:46:42Z,upstream,https://github.com/sakthipriyan/financial-data/raw/fa278a509a956062c41aae859b9818bcba95779a/src/sbi-fx-card-rates/2020/2020-01-08.pdf
sbi/forex-card-rates/2020/2020-01-10.pdf,8296bd0211eb5b6151b1c9a06beea998a68ac061fa88719e7056f62679bbf0ac,246399,application/pdf,2026-10-02T17:46:42Z,upstream,https://github.com/sakthipriyan/financial-data/raw/fa278a509a956062c41aae859b9818bcba95779a/src/sbi-fx-card-rates/2020/2020-01-10.pdf
sbi/forex-card-rates/2020/2020-01-13.pdf,b8c023463418fe54a009cd2d18bfc34270ce42fa9853c46bb686c26f1f173ae1,246491,application/pdf,2026-10-02T17:46:42Z,upstream,https://github.com/sakthipriyan/financial-data/raw/fa278a509a956062c41aae859b9818bcba95779a/src/sbi-fx-card-rates/2020/2020-01-13.pdf
sbi/forex-card-rates/2020/2020-01-15.pdf,4c4db4951b474c858ad93191961b65b2f7cfdda995f571d8a73bf5b586a874ec,246433,application/pdf,2026-10-02T17:46:42Z,upstream,https://github.com/sakthipriyan/financial-data/raw/fa278a509a956062c41aae859b9818bcba95779a/src/sbi-fx-card-rates/2020/2020-01-15.pdf
sbi/forex-card-rates/2020/2020-01-17.pdf,9aed238a29d39c78d79a52f1f6aa7c810caba99b821c084e26fc68027c0345a6,246455,application/pdf,2026-10-02T17:46:42Z,upstream,https://github.com/sakthipriyan/financial-data/raw/fa278a509a956062c41aae859b9818bcba95779a/src/sbi-fx-card-rates/2020/2020-01-17.pdf
sbi/forex-card-rates/2020/2020-01-18.pdf,b512f9ad53f4029f26baae1e569b75ccec090a7f89f6f46f42a85add95ba7e54,246131,application/pdf,2026-10-02T17:46:42Z,upstream,https://github.com/sakthipriyan/financial-data/raw/fa278a509a956062c41aae859b9818bcba95779a/src/sbi-fx-card-rates/2020/2020-01-18.pdf
sbi/forex-card-rates/2020/2020-01-20.pdf,cf3f738fbc7b4043c06918a187b485e3e1789546ec582d7c3ffbd242c1a8cda6,246452,application/pdf,2026-10-02T17:46:42Z,upstream,https://github.com/sakthipriyan/financial-data/raw/fa278a509a956062c41aae859b9818bcba95779a/src/sbi-fx-card-rates/2020/2020-01-20.pdf
sbi/forex-card-rates/2020/2020-01-21.pdf,c98963b2666c518ae4c92abc2c2326b8887a3c74e6ba509379cf5445ebf4e002,246467,application/pdf,2026-10-02T17:46:42Z,upstream,https://github.com/sakthipriyan/financial-data/raw/fa278a509a956062c41aae859b9818bcba95779a/src/sbi-fx-card-rates/2020/2020-01-21.pdf
sbi/forex-card-rates/2020/2020-01-22.pdf,fd3c38ff3436143c0dd4bbb64037cd476436a2badd4ee4797eabaaa50eadd08b,243885,application/pdf,2026-10-02T17:46:42Z,upstream,https://github.com/sakthipriyan/financial-data/raw/fa278a509a956062c41aae859b9818bcba95779a/src/sbi-fx-card-rates/2020/2020-01-22.pdf
sbi/forex-card-rates/2020/2020-01-23.pdf,d59211c53b669eaba264992b7a6972daf1fb6c2d889fd4ca39c594166ceed92e,246435,application/pdf,2026-10-02T17:46:42Z,upstream,https://github.com/sakthipriyan/financial-data/raw/fa278a509a956062c41aae859b9818bcba95779a/src/sbi-fx-card-rates/2020/2020-01-23.pdf
sbi/forex-card-rates/2020/2020-01-24.pdf,75b2690fd6de11aa1c47906d2fa96352afaac469509b99d0cf3425928b4c0c85,246463,application/pdf,2026-10-02T17:46:42Z,upstream,https://github.com/sakthipriyan/financial-data/raw/fa278a509a956062c41aae859b9818bcba95779a/src/sbi-fx-card-rates/2020/2020-01-24.pdf
sbi/forex-card-rates/2020/2020-01-27.pdf,661c23bba67ae8f9c9ca475a4c783cc6b06c89a1c4b6d5b639970ed0718df2b6,246901,application/pdf,2026-10-02T17:46:42Z,upstream,https://github.com/sakthipriyan/financial-data/raw/fa278a509a956062c41aae859b9818bcba95779a/src/sbi-fx-card-rates/2020/2020-01-27.pdf
sbi/forex-card-rates/2020/2020-01-28.pdf,ec35b75b3ca0a7248c4878bf4aa8fe11b6a42252a3e7898c9341e120b65feefd,246903,application/pdf,2026-10-02T17:46:42Z,upstream,https://github.com/sakthipriyan/financial-data/raw/fa278a509a956062c41aae859b9818bcba95779a/src/sbi-fx-card-rates/2020/2020-01-28.pdf
sbi/forex-card-rates/2020/2020-01-29.pdf,2de5bc33bdb2e29585f1def516263b4cec3a3b2c985a223d57181d8417afcf0c,246476,application/pdf,2026-10-02T17:46:42Z,upstream,https://github.com/sakthipriyan/financial-data/raw/fa278a509a956062c41aae859b9818bcba95779a/src/sbi-fx-card-rates/2020/2020-01-29.pdf
sbi/forex-card-rates/2020/2020-01-30.pdf,abc3a7430927a16dd0fb484612f2ba029add9fd4da5b1659e3cf495c11d6c288,246455,application/pdf,2026-10-02T17:46:42Z,upstream,https://github.com/sakthipriyan/financial-data/raw/fa278a509a956062c41aae859b9818bcba95779a/src/sbi-fx-card-rates/2020/2020-01-30.pdf
sbi/forex-card-rates/2020/2020-01-31.pdf,2187486384d37584fef409b0d1dfbe709a89d1394f23c7817e78103704dead1c,246445,application/pdf,2026-10-02T17:46:42Z,upstream,https://github.com/sakthipriyan/financial-data/raw/fa278a509a956062c41aae859b9818bcba95779a/src/sbi-fx-card-rates/2020/2020-01-31.pdf
sbi/forex-card-rates/2020/2020-02-01.pdf,89e8d8bc2a037e68b9a84eacd722628263857441d1782ffc547fc9826bac7301,245865,application/pdf,2026-10-02T17:46:42Z,upstream,https://github.com/sakthipriyan/financial-data/raw/fa278a509a956062c41aae859b9818bcba95779a/src/sbi-fx-card-rates/2020/2020-02-01.pdf
sbi/forex-card-rates/2020/2020-02-03.pdf,a69d6a13bb506a3eaa79fe990322c5d86a687a0702db73470253eecba2dfc20c,246123,application/pdf,2026-10-02T17:46:42Z,upstream,https://github.com/sakthipriyan/financial-data/raw/fa278a509a956062c41aae859b9818bcba95779a/src/sbi-fx-card-rates/2020/2020-02-03.pdf
sbi/forex-card-rates/2020/2020-02-04.pdf,deabb3073bfd5239a4678d4872c4ed3ca37222e80c571191c3f1eaacdcf5f78d,246121,application/pdf,2026-10-02T17:46:42Z,upstream,https://github.com/sakthipriyan/financial-data/raw/fa278a509a956062c41aae859b9818bcba95779a/src/sbi-fx-card-rates/2020/2020-02-04.pdf
sbi/forex-card-rates/2020/2020-02-05.pdf,575de77f307a1825e941d9d6e1f69a6de06e7c2b437abdafc9594cf48e40aa69,246135,application/pdf,2026-10-02T17:46:42Z,upstream,https://github.com/sakthipriyan/financial-data/raw/fa278a509a956062c41aae859b9818bcba95779a/src/sbi-fx-card-rates/2020/2020-02-05.pdf
sbi/forex-card-rates/2020/2020-02-06.pdf,6c07ab007808c5b381ed2edf87caf61ab9ffbca4d2760fd7026838a11abc01de,246111,application/pdf,2026-10-02T17:46:42Z,upstream,https://github.com/sakthipriyan/financial-data/raw/fa278a509a956062c41aae859b9818bcba95779a/src/sbi-fx-card-rates/2020/2020-02-06.pdf
sbi/forex-card-rates/2020/2020-02-07.pdf,d85d31b7dcf38b74dddfd76ca13cc4a51430f6b0c112473d3600095579616856,246109,application/pdf,2026-10-02T17:46:42Z,upstream,https://github.com/sakthipriyan/financial-data/raw/fa278a509a956062c41aae859b9818bcba95779a/src/sbi-fx-card-rates/2020/2020-02-07.pdf
sbi/forex-card-rates/2020/2020-02-10.pdf,353b17eec4a7900aa92ffa72751d2bbdbbfbdc3b79e1fe1e277f9b1717b46196,246079,application/pdf,2026-10-02T17:46:42Z,upstream,https://github.com/sakthipriyan/financial-data/raw/fa278a509a956062c41aae859b9818bcba95779a/src/sbi-fx-card-rates/2020/2020-02-10.pdf
sbi/forex-card-rates/2020/2020-02-11.pdf,6b705b232474151e4d8b0742a2fa16e64a6668fd2658c1bf481e2f90a13f0989,246122,application/pdf,2026-10-02T17:46:42Z,upstream,https://github.com/sakthipriyan/financial-data/raw/fa278a509a956062c41aae859b9818bcba95779a/src/sbi-fx-card-rates/2020/2020-02-11.pdf
sbi/forex-card-rates/2020/2020-02-12.pdf,211772f821fb2155d421dd4e6cbf526ef96d6c5fe7e3568044c7a7850fc84aa7,486969,application/pdf,2026-10-02T17:46:42Z,upstream,https://github.com/sakthipriyan/financial-data/raw/fa278a509a956062c41aae859b9818bcba95779a/src/sbi-fx-card-rates/2020/2020-02-12.pdf
sbi/forex-card-rates/2020/2020-02-13.pdf,b747f503865e3b3f86f764996b662dfba42b744d539ae02032b7343d6a8cdae2,246107,application/pdf,2026-10-02T17:46:42Z,upstream,https://github.com/sakthipriyan/financial-data/raw/fa278a509a956062c41aae859b9818bcba95779a/src/sbi-fx-card-rates/2020/2020-02-13.pdf
sbi/forex-card-rates/2020/2020-02-14.pdf,2fbdded5dca351fbf11cc3b05fdf36c8a1d27fc2e8d53f61b5d3a1914bf179ba,246123,application/pdf,2026-10-02T17:46:42Z,upstream,https://github.com/sakthipriyan/financial-data/raw/fa278a509a956062c41aae859b9818bcba95779a/src/sbi-fx-card-rates/2020/2020-02-14.pdf
sbi/forex-card-rates/2020/2020-02-15.pdf,89486fc6ab4cee9ba70d512a44343e9f409bcb86b933c690470e236d6ccf94f0,245857,application/pdf,2026-10-02T17:46:42Z,upstream,https://github.com/sakthipriyan/financial-data/raw/fa278a509a956062c41aae859b9818bcba95779a/src/sbi-fx-card-rates/2020/2020-02-15.pdf
sbi/forex-card-rates/2020/2020-02-18.pdf,a622c767b535948b855a2b61ee0e14f4c4cc64a9b0402abae038fad0958e8b3e,486926,application/pdf,2026-10-02T17:46:42Z,upstream,https://github.com/sakthipriyan/financial-data/raw/fa278a509a956062c41aae859b9818bcba95779a/src/sbi-fx-card-rates/2020/2020-02-18.pdf
sbi/forex-card-rates/2020/2020-02-20.pdf,580e694fcdd5f278d08ccf29da372ab6d1676f5fafbd2ceaa85c498bebde83dd,486823,application/pdf,2026-10-02T17:46:42Z,upstream,https://github.com/sakthipriyan/financial-data/raw/fa278a509a956062c41aae859b9818bcba95779a/src/sbi-fx-card-rates/2020/2020-02-20.pdf
sbi/forex-card-rates/2020/2020-02-21.pdf,af3135ef70869e8b924f5bd633f59695babfa6272df04f9c6b7127dea6da5656,246099,application/pdf,2026-10-02T17:46:42Z,upstream,https://github.com/sakthipriyan/financial-data/raw/fa278a509a956062c41aae859b9818bcba95779a/src/sbi-fx-card-rates/2020/2020-02-21.pdf
sbi/forex-card-rates/2020/2020-02-24.pdf,ddefe9dc2de8d9dfdc2ed016cfde0892914ff645092a3a6aad30967d0e38d8e6,246115,application/pdf,2026-10-02T17:46:42Z,upstream,https://github.com/sakthipriyan/financial-data/raw/fa278a509a956062c41aae859b9818bcba95779a/src/sbi-fx-card-rates/2020/2020-02-24.pdf
sbi/forex-card-rates/2020/2020-02-25.pdf,28aeac143823e2b4825a89523b04675e4033988e911784c27af4895721bf0cf0,246099,application/pdf,2026-10-02T17:46:42Z,upstream,https://github.com/sakthipriyan/financial-data/raw/fa278a509a956062c41aae859b9818bcba95779a/src/sbi-fx-card-rates/2020/2020-02-25.pdf
sbi/forex-card-rates/2020/2020-02-26.pdf,eb4ee9910850f4112eae334ea9418c84e8b9bcbb8a15a5df0ff63bae16489df3,246099,application/pdf,2026-10-02T17:46:42Z,upstream,https://github.com/sakthipriyan/financial-data/raw/fa278a509a956062c41aae859b9818bcba95779a/src/sbi-fx-card-rates/2020/2020-02-26.pdf
sbi/forex-card-rates/2020/2020-02-27.pdf,15a2ca1751446a8e2721482dd5c061029811b922057390c5c7aacb0961f709d9,243619,application/pdf,2026-10-02T17:46:42Z,upstream,https://github.com/sakthipriyan/financial-data/raw/fa278a509a956062c41aae859b9818bcba95779a/src/sbi-fx-card-rates/2020/2020-02-27.pdf
sbi/forex-card-rates/2020/2020-02-28.pdf,62f1ea27953fcb9f89c89dbae98d87d7cf0ab5850c52ecef9671b3e520467f1c,243616,application/pdf,2026-10-02T17:46:42Z,upstream,https://github.com/sakthipriyan/financial-data/raw/fa278a509a956062c41aae859b9818bcba95779a/src/sbi-fx-card-rates/2020/2020-02-28.pdf
sbi/forex-card-rates/2020/2020-03-03.pdf,e8a52b3ef134cd89df4d78a87ece1d5aa2973ad320e01ee49cb1c8c1b7c65299,246107,application/pdf,2026-10-02T17:46:42Z,upstream,https://github.com/sakthipriyan/financial-data/raw/fa278a509a956062c41aae859b9818bcba95779a/src/sbi-fx-card-rates/2020/2020-03-03.pdf
sbi/forex-card-rates/2020/2020-03-04.pdf,9d243a1becab66a5a221aa134fb5883a43041886491beed4ed3fee8cbc6a9cea,246107,application/pdf,2026-10-02T17:46:42Z,upstream,https://github.com/sakthipriyan/financial-data/raw/fa278a509a956062c41aae859b9818bcba95779a/src/sbi-fx-card-rates/2020/2020-03-04.pdf
sbi/forex-card-rates/2020/2020-03-05.pdf,0d85aa6d6ad654f7120dbce9c722520fb39f79f1a12e8f121620f6713d550f86,246123,application/pdf,2026-10-02T17:46:42Z,upstream,https://github.com/sakthipriyan/financial-data/raw/fa278a509a956062c41aae859b9818bcba95779a/src/sbi-fx-card-rates/2020/2020-03-05.pdf
sbi/forex-card-rates/2020/2020-03-06.pdf,64dbd8f6c161cf0ea242b8f1e5dcef33dec16591de262790ec5efac77823e53a,246135,application/pdf,2026-10-02T17:46:42Z,upstream,https://github.com/sakthipriyan/financial-data/raw/fa278a509a956062c41aae859b9818bcba95779a/src/sbi-fx-card-rates/2020/2020-03-06.pdf
sbi/forex-card-rates/2020/2020-03-12.pdf,2674fda2d4f0208b017afab55675127f613078495ae2d9c6af64617980a9224e,246093,application/pdf,2026-10-02T17:46:42Z,upstream,https://github.com/sakthipriyan/financial-data/raw/fa278a509a956062c41aae859b9818bcba95779a/src/sbi-fx-card-rates/2020/2020-03-12.pdf
sbi/forex-card-rates/2020/2020-03-13.pdf,5a84d33b8a3f1b4b34cd432063883beb95cdfb00c0140fb9e4dc01de518a8be4,246109,application/pdf,2026-10-02T17:46:42Z,upstream,https://github.com/sakthipriyan/financial-data/raw/fa278a509a956062c41aae859b9818bcba95779a/src/sbi-fx-card-rates/2020/2020-03-13.pdf
sbi/forex-card-rates/2020/2020-03-16.pdf,f442dce7b2e56bfce016173ddb209ed59cecfcfe212c4eacc90488783f579b78,486863,application/pdf,2026-10-02T17:46:42Z,upstream,https://github.com/sakthipriyan/financial-data/raw/fa278a509a956062c41aae859b9818bcba95779a/src/sbi-fx-card-rates/2020/2020-03-16.pdf
sbi/forex-card-rates/2020/2020-03-17.pdf,99deffe1733af4c87e03a3b1c1939ddfb6bcc5822ff3ab46515210196693abc1,486947,application/pdf,2026-10-02T17:46:42Z,upstream,https://github.com/sakthipriyan/financial-data/raw/fa278a509a956062c41aae859b9818bcba95779a/src/sbi-fx-card-rates/2020/2020-03-17.pdf
sbi/forex-card-rates/2020/2020-03-18.pdf,b0ee46e8392e374aa2332b2de79971b9bd6cf7593d8fbefe90471fc7ea05a2a1,246120,application/pdf,2026-10-02T17:46:42Z,upstream,https://github.com/sakthipriyan/financial-data/raw/fa278a509a956062c41aae859b9818bcba95779a/src/sbi-fx-card-rates/2020/2020-03-18.pdf
sbi/forex-card-rates/2020/2020-03-19.pdf,60c2faea0339a23f3c068ae051efbb53c3815aa089eee54a5551a321b15e7e3a,246745,application/pdf,2026-10-02T17:46:42Z,upstream,https://github.com/sakthipriyan/financial-data/raw/fa278a509a956062c41aae859b9818bcba95779a/src/sbi-fx-card-rates/2020/2020-03-19.pdf
sbi/forex-card-rates/2020/2020-03-20.pdf,0669e2847d2f48bf936ec09cf4522cf98f80648615a99ca277c001311859fb9d,485453,application/pdf,2026-10-02T17:46:42Z,upstream,https://github.com/sakthipriyan/financial-data/raw/fa278a509a956062c41aae859b9818bcba95779a/src/sbi-fx-card-rates/2020/2020-03-20.pdf
sbi/forex-card-rates/2020/2020-03-21.pdf,12338a7a01541c506d64c03230e22d5f050a8ee681254b55989135e5e88f46f8,245861,application/pdf,2026-10-02T17:46:42Z,upstream,https://github.com/sakthipriyan/financial-data/raw/fa278a509a956062c41aae859b9818bcba95779a/src/sbi-fx-card-rates/2020/2020-03-21.pdf
sbi/forex-card-rates/2020/2020-03-23.pdf,515ad6baaf2d9bb9f2466ad34494c45e752083a2416179422a61a2df92a916e2,246135,application/pdf,2026-10-02T17:46:42Z,upstream,https://github.com/sakthipriyan/financial-data/raw/fa278a509a956062c41aae859b9818bcba95779a/src/sbi-fx-card-rates/2020/2020-03-23.pdf
sbi/forex-card-rates/2020/2020-03-24.pdf,fa70b4666fde49d926651f938d167f8812d7afb5f9dda075fcbef7b12244f84d,246107,application/pdf,2026-10-02T17:46:42Z,upstream,https://github.com/sakthipriyan/financial-data/raw/fa278a509a956062c41aae859b9818bcba95779a/src/sbi-fx-card-rates/2020/2020-03-24.pdf
sbi/forex-card-rates/2020/2020-03-26.pdf,b1f7e1bc417531963f0082a980f3292f99195c58af3edf1913303be4445b62a8,246162,application/pdf,2026-10-02T17:46:42Z,upstream,https://github.com/sakthipriyan/financial-data/raw/fa278a509a956062c41aae859b9818bcba95779a/src/sbi-fx-card-rates/2020/2020-03-26.pdf
sbi/forex-card-rates/2020/2020-03-27.pdf,05121ad7890a47da57f1e67b575f1f361bd46d849864eac5fbbbd8a444859e1b,246110,application/pdf,2026-10-02T17:46:42Z,upstream,https://github.com/sakthipriyan/financial-data/raw/fa278a509a956062c41aae859b9818bcba95779a/src/sbi-fx-card-rates/2020/2020-03-27.pdf
sbi/forex-card-rates/2020/2020-03-30.pdf,9d21ca36e3c6eeb492d44f33faff2b837a69cc8e0be44d28664aa2f0903ca558,485447,application/pdf,2026-10-02T17:46:42Z,upstream,https://github.com/sakthipriyan/financial-data/raw/fa278a509a956062c41aae859b9818bcba95779a/src/sbi-fx-card-rates/2020/2020-03-30.pdf
sbi/forex-card-rates/2020/2020-03-31.pdf,1b60c4917a58745d5a5ac327bb1813f27c37270495e44af802c0c91611577e4d,485483,application/pdf,2026-10-02T17:46:42Z,upstream,https://github.com/sakthipriyan/financial-data/raw/fa278a509a956062c41aae859b9818bcba95779a/src/sbi-fx-card-rates/2020/2020-03-31.pdf
sbi/forex-card-rates/2020/2020-04-04.pdf,8ff6e6cf727a0b120b8361c0d462a0e660abba486c1a0bd988258bf8ace39402,485183,application/pdf,2026-10-02T17:46:42Z,upstream,https://github.com/sakthipriyan/financial-data/raw/fa278a509a956062c41aae859b9818bcba95779a/src/sbi-fx-card-rates/2020/2020-04-04.pdf
sbi/forex-card-rates/2020/2020-04-13.pdf,47737263c5cb120a36944aec91b8e43601379880bbedb21b7213130fba7f22d0,246089,application/pdf,2026-10-02T17:46:42Z,upstream,https://github.com/sakthipriyan/financial-data/raw/fa278a509a956062c41aae859b9818bcba95779a/src/sbi-fx-card-rates/2020/2020-04-13.pdf
sbi/forex-card-rates/2020/2020-04-20.pdf,a79d85ee1517f249193b3b60c7a8739a2270b6c138fa7bf90b39fd27a1406986,246702,application/pdf,2026-10-02T17:46:42Z,upstream,https://github.com/sakthipriyan/financial-data/raw/fa278a509a956062c41aae859b9818bcba95779a/src/sbi-fx-card-rates/2020/2020-04-20.pdf
sbi/forex-card-rates/2020/2020-04-29.pdf,4335c8762d28e026794c4c16b4fa26df8e8d57b32cd67c40b66d5b31e09e893f,485430,application/pdf,2026-10-02T17:46:42Z,upstream,https://github.com/sakthipriyan/financial-data/raw/fa278a509a956062c41aae859b9818bcba95779a/src/sbi-fx-card-rates/2020/2020-04-29.pdf
sbi/forex-card-rates/2020/2020-04-30.pdf,34e2143baef72d9738eb805ca59af9ff0fe999f5720a0a0ba9fce9f64aa9bb16,485418,application/pdf,2026-10-02T17:46:42Z,upstream,https://github.com/sakthipriyan/financial-data/raw/fa278a509a956062c41aae859b9818bcba95779a/src/sbi-fx-card-rates/2020/2020-04-30.pdf
sbi/forex-card-rates/2020/2020-05-12.pdf,7f8142d9cf000129fd1e14ef6a4b6e6f68a6288442298a23a9a47f315ae6db02,485447,application/pdf,2026-10-02T17:46:42Z,upstream,https://github.com/sakthipriyan/financial-data/raw/fa278a509a956062c41aae859b9818bcba95779a/src/sbi-fx-card-rates/2020/2020-05-12.pdf
sbi/forex-card-rates/2020/2020-05-30.pdf,41b6c3a251798fe1b6630b97c2857f9984c0d02d51dac492f37aad6d8542f351,241640,application/pdf,2026-10-02T17:46:42Z,upstream,https://github.com/sakthipriyan/financial-data/raw/fa278a509a956062c41aae859b9818bcba95779a/src/sbi-fx-card-rates/2020/2020-05-30.pdf
sbi/forex-card-rates/2020/2020-06-02.pdf,65fcab90e72a2cca29c9134b229df885eda6c8a7a01b5cf54792a21498cf5c56,485454,application/pdf,2026-10-02T17:46:42Z,upstream,https://github.com/sakthipriyan/financial-data/raw/fa278a509a956062c41aae859b9818bcba95779a/src/sbi-fx-card-rates/2020/2020-06-02.pdf
sbi/forex-card-rates/2020/2020-06-03.pdf,71e431702e9d8d19dd227345ee23ece8cce83eb3faa03f327545b360cb1f34f0,485453,application/pdf,2026-10-02T17:46:42Z,upstream,https://github.com/sakthipriyan/financial-data/raw/fa278a509a956062c41aae859b9818bcba95779a/src/sbi-fx-card-rates/2020/2020-06-03.pdf
sbi/forex-card-rates/2020/2020-06-04.pdf,2845f2660f0e8159db00f73fdcd03cd4a39f69a14805b0417ac9af00ba00bc7a,247094,application/pdf,2026-10-02T17:46:42Z,upstream,https://github.com/sakthipriyan/financial-data/raw/fa278a509a956062c41aae859b9818bcba95779a/src/sbi-fx-card-rates/2020/2020-06-04.pdf
sbi/forex-card-rates/2020/2020-06-05.pdf,fdbcc9cfc870dd6bf10949dac9f493bf5ed3a010332b0ad8e418dc27919adfc8,247104,application/pdf,2026-10-02T17:46:42Z,upstream,https://github.com/sakthipriyan/financial-data/raw/fa278a509a956062c41aae859b9818bcba95779a/src/sbi-fx-card-rates/2020/2020-06-05.pdf
sbi/forex-card-rates/2020/2020-06-06.pdf,4e366da37d9ff0ee2052844de95c8afe2feb955ad97b891e1ac97d1fa8428d56,246890,application/pdf,2026-10-02T17:46:42Z,upstream,https://github.com/sakthipriyan/financial-data/raw/fa278a509a956062c41aae859b9818bcba95779a/src/sbi-fx-card-rates/2020/2020-06-06.pdf
sbi/forex-card-rates/2020/2020-06-08.pdf,275fbfc557d28ce1b4324c6dd973c73829e9b140b43d6db5f7ab1bb94b262cc9,241928,application/pdf,2026-10-02T17:46:42Z,upstream,https://github.com/sakthipriyan/financial-data/raw/fa278a509a956062c41aae859b9818bcba95779a/src/sbi-fx-card-rates/2020/2020-06-08.pdf
sbi/forex-card-rates/2020/2020-06-09.pdf,674801a8c2d8ca3dec2c4ec70b5c75da58d248e7da014f14fc410dd12731a22a,241907,application/pdf,2026-10-02T17:46:42Z,upstream,https://github.com/sakthipriyan/financial-data/raw/fa278a509a956062c41aae859b9818bcba95779a/src/sbi-fx-card-rates/2020/2020-06-09.pdf
sbi/forex-card-rates/2020/2020-06-10.pdf,290880ad9cf3aa5b920c5e951803a0cfeef0b48072539a8b44da1231eefaf6d9,247078,application/pdf,2026-10-02T17:46:42Z,upstream,https://github.com/sakthipriyan/financial-data/raw/fa278a509a956062c41aae859b9818bcba95779a/src/sbi-fx-card-rates/2020/2020-06-10.pdf
sbi/forex-card-rates/2020/2020-06-11.pdf,dd20f19ac9eb1082773b0bd2287e838f7f96352f31690f73d2c7622f7e230789,247096,application/pdf,2026-10-02T17:46:42Z,upstream,https://github.com/sakthipriyan/financial-data/raw/fa278a509a956062c41aae859b9818bcba95779a/src/sbi-fx-card-rates/2020/2020-06-11.pdf
sbi/forex-card-rates/2020/2020-06-12.pdf,48b741765d8731fb70a47c8880d42a55f880e0f6ac430ba3f4fd11b93d0fcb64,247104,application/pdf,2026-10-02T17:46:42Z,upstream,https://github.com/sakthipriyan/financial-data/raw/fa278a509a956062c41aae859b9818bcba95779a/src/sbi-fx-card-rates/2020/2020-06-12.pdf
sbi/forex-card-rates/2020/2020-06-16.pdf,2bc2ea417174821f616393b6aff148cfbd87d6194277fbd771417530c193304e,485112,application/pdf,2026-10-02T17:46:42Z,upstream,https://github.com/sakthipriyan/financial-data/raw/fa278a509a956062c41aae859b9818bcba95779a/src/sbi-fx-card-rates/2020/2020-06-16.pdf
sbi/forex-card-rates/2020/2020-06-17.pdf,8656d4d2ca7331b41342714d04769f00561ff0a37ed4ddd01026f42e849e1ec7,484915,application/pdf,2026-10-02T17:46:42Z,upstream,https://github.com/sakthipriyan/financial-data/raw/fa278a509a956062c41aae859b9818bcba95779a/src/sbi-fx-card-rates/2020/2020-06-17.pdf
sbi/forex-card-rates/2020/2020-06-18.pdf,a52090b58aa91c40f218d016fde31eccb6f9b0224678686f09f77b35facbc9d6,485090,application/pdf,2026-10-02T17:46:42Z,upstream,https://github.com/sakthipriyan/financial-data/raw/fa278a509a956062c41aae859b9818bcba95779a/src/sbi-fx-card-rates/2020/2020-06-18.pdf
sbi/forex-card-rates/2020/2020-06-19.pdf,bde359fc050d95a4160824e1823d8c3d012156bb0c14faca554ed1526faad8d8,485122,application/pdf,2026-10-02T17:46:42Z,upstream,https://github.com/sakthipriyan/financial-data/raw/fa278a509a956062c41aae859b9818bcba95779a/src/sbi-fx-card-rates/2020/2020-06-19.pdf
sbi/forex-card-rates/2020/2020-06-20.pdf,9139073951cfa3e84c85b37b12b06a707e032ff18359b1e1254257fa3cad4c2b,484813,application/pdf,2026-10-02T17:46:42Z,upstream,https://github.com/sakthipriyan/financial-data/raw/fa278a509a956062c41aae859b9818bcba95779a/src/sbi-fx-card-rates/2020/2020-06-20.pdf
sbi/forex-card-rates/2020/2020-06-22.pdf,985a1b3c78d454972805e92c774ecafb99c62e7210da9e52359fe2569d474567,459283,application/pdf,2026-10-02T17:46:42Z,upstream,https://github.com/sakthipriyan/financial-data/raw/fa278a509a956062c41aae859b9818bcba95779a/src/sbi-fx-card-rates/2020/2020-06-22.pdf
sbi/forex-card-rates/2020/2020-06-23.pdf,136aa99e2703162ca10f5534c25a3042e0931614aac270b3aa7cdfcf602895a5,485483,application/pdf,2026-10-02T17:46:42Z,upstream,https://github.com/sakthipriyan/financial-data/raw/fa278a509a956062c41aae859b9818bcba95779a/src/sbi-fx-card-rates/2020/2020-06-23.pdf
sbi/forex-card-rates/2020/2020-06-24.pdf,f184adf861b67147a8d0f270a2ac5484ee5fef35f7bd464bd1374511e28a805d,241927,application/pdf,2026-10-02T17:46:42Z,upstream,https://github.com/sakthipriyan/financial-data/raw/fa278a509a956062c41aae859b9818bcba95779a/src/sbi-fx-card-rates/2020/2020-06-24.pdf
sbi/forex-card-rates/2020/2020-06-25.pdf,01118d581ab79661d56786c51ad5f27ded9335ed71c8f73a52f58bc24cd33c28,485078,application/pdf,2026-10-02T17:46:42Z,upstream,https://github.com/sakthipriyan/financial-data/raw/fa278a509a956062c41aae859b9818bcba95779a/src/sbi-fx-card-rates/2020/2020-06-25.pdf
sbi/forex-card-rates/2020/2020-06-26.pdf,0dbc776c3452d1379ca0f4f3a619a21fea9c8b3ae317b4d7bfa7a5383c4afb21,241924,application/pdf,2026-10-02T17:46:42Z,upstream,https://github.com/sakthipriyan/financial-data/raw/fa278a509a956062c41aae859b9818bcba95779a/src/sbi-fx-card-rates/2020/2020-06-26.pdf
sbi/forex-card-rates/2020/2020-06-29.pdf,5dda5d51b3907128e0e562fb51344094468c7d00d3208c5db3b264b8a242ea09,485457,application/pdf,2026-10-02T17:46:42Z,upstream,https://github.com/sakthipriyan/financial-data/raw/fa278a509a956062c41aae859b9818bcba95779a/src/sbi-fx-card-rates/2020/2020-06-29.pdf
sbi/forex-card-rates/2020/2020-06-30.pdf,62d2c1cf4ad4aa29dce9cf98bf934b5101bf948b876c7a06fcafce007873bff8,485465,application/pdf,2026-10-02T17:46:42Z,upstream,https://github.com/sakthipriyan/financial-data/raw/fa278a509a956062c41aae859b9818bcba95779a/src/sbi-fx-card-rates/2020/2020-06-30.pdf
sbi/forex-card-rates/2020/2020-07-01.pdf,57a602ebbe6cb40eb1f459295de0b4bcf98c60e034a4c3ff41f2a2a11eb18b7e,485421,application/pdf,2026-10-02T17:46:42Z,upstream,https://github.com/sakthipriyan/financial-data/raw/fa278a509a956062c41aae859b9818bcba95779a/src/sbi-fx-card-rates/2020/2020-07-01.pdf
sbi/forex-card-rates/2020/2020-07-02.pdf,1ebb7281fe80e3b94a3d34854ae27e543d640da13a649ae0b39bb3b86e4159be,485095,application/pdf,2026-10-02T17:46:42Z,upstream,https://github.com/sakthipriyan/financial-data/raw/fa278a509a956062c41aae859b9818bcba95779a/src/sbi-fx-card-rates/2020/2020-07-02.pdf
sbi/forex-card-rates/2020/2020-07-03.pdf,9d05064731c58bf4933b1bea769e1f8c9a29f704e498cb30bd16847a317094ba,172497,application/pdf,2026-10-02T17:46:42Z,upstream,https://github.com/sakthipriyan/financial-data/raw/fa278a509a956062c41aae859b9818bcba95779a/src/sbi-fx-card-rates/2020/2020-07-03.pdf
sbi/forex-card-rates/2020/2020-07-04.pdf,c1fef51ee5164a2be4f96613972cbfd80a55dc06d415da118aef369b26317f32,172236,application/pdf,2026-10-02T17:46:42Z,upstream,https://github.com/sakthipriyan/financial-data/raw/fa278a509a956062c41aae859b9818bcba95779a/src/sbi-fx-card-rates/2020/2020-07-04.pdf
sbi/forex-card-rates/2020/2020-07-08.pdf,6bf63fc114c9ffd3d0e4b22998960a86fa4c0d5fadd687f1bc4062a719bd5041,172481,application/pdf,2026-10-02T17:46:42Z,upstream,https://github.com/sakthipriyan/financial-data/raw/fa278a509a956062c41aae859b9818bcba95779a/src/sbi-fx-card-rates/2020/2020-07-08.pdf
sbi/forex-card-rates/2020/2020-07-09.pdf,243a7b756ad0ea04fd97db665b85f40434ab4eb9ba20d704d01c47eafca30e88,172451,application/pdf,2026-10-02T17:46:42Z,upstream,https://github.com/sakthipriyan/financial-data/raw/fa278a509a956062c41aae859b9818bcba95779a/src/sbi-fx-card-rates/2020/2020-07-09.pdf
sbi/forex-card-rates/2020/2020-07-10.pdf,e37264fcc97873c8f0a0d67eb2f6e4af45d4e6c4b1d5542e8f06fd6a53d996b5,172486,application/pdf,2026-10-02T17:46:42Z,upstream,https://github.com/sakthipriyan/financial-data/raw/fa278a509a956062c41aae859b9818bcba95779a/src/sbi-fx-card-rates/2020/2020-07-10.pdf
sbi/forex-card-rates/2020/2020-07-13.pdf,be977397f8c2417cdf799d59195f71f3c70d39f4b9d044365049a0716b54cf97,485084,application/pdf,2026-10-02T17:46:42Z,upstream,https://github.com/sakthipriyan/financial-data/raw/fa278a509a956062c41aae859b9818bcba95779a/src/sbi-fx-card-rates/2020/2020-07-13.pdf
sbi/forex-card-rates/2020/2020-07-14.pdf,cf0a1ffaebbdeda0796bf72c5c669d2821f62fd9a073f56c30a1bf7061322b02,484785,application/pdf,2026-10-02T17:46:42Z,upstream,https://github.com/sakthipriyan/financial-data/raw/fa278a509a956062c41aae859b9818bcba95779a/src/sbi-fx-card-rates/2020/2020-07-14.pdf
sbi/forex-card-rates/2020/2020-07-15.pdf,4ec68e1aecc5f500ff6dd6d30d333838020f833eea81985a1e9314c81580e1d2,485082,application/pdf,2026-10-02T17:46:42Z,upstream,https://github.com/sakthipriyan/financial-data/raw/fa278a509a956062c41aae859b9818bcba95779a/src/sbi-fx-card-rates/2020/2020-07-15.pdf
sbi/forex-card-rates/2020/2020-07-16.pdf,8f33afd7870aa63a0a53bda529ddfb05095a72261ce84c5faf61e842a29c8c3c,485071,application/pdf,2026-10-02T17:46:42Z,upstream,https://github.com/sakthipriyan/financial-data/raw/fa278a509a956062c41aae859b9818bcba95779a/src/sbi-fx-card-rates/2020/2020-07-16.pdf
sbi/forex-card-rates/2020/2020-07-17.pdf,2c1ff32d1ed7b01f10a08f5714f1e1364e7ba6f0e5c9dfcc871f610c8a7bcb98,485025,application/pdf,2026-10-02T17:46:42Z,upstream,https://github.com/sakthipriyan/financial-data/raw/fa278a509a956062c41aae859b9818bcba95779a/src/sbi-fx-card-rates/2020/2020-07-17.pdf
sbi/forex-card-rates/2020/2020-07-18.pdf,4b2ab5874351a3fc4f3087c57c40f5fd0dffa67b9230a10ead4f952f6f105b74,484825,application/pdf,2026-10-02T17:46:42Z,upstream,https://github.com/sakthipriyan/financial-data/raw/fa278a509a956062c41aae859b9818bcba95779a/src/sbi-fx-card-rates/2020/2020-07-18.pdf
sbi/forex-card-rates/2020/2020-07-20.pdf,79e160617653af4316712c1aa4e210d70b8eddc86238b72c064a27ccf412021d,172472,application/pdf,2026-10-02T17:46:42Z,upstream,https://github.com/sakthipriyan/financial-data/raw/fa278a509a956062c41aae859b9818bcba95779a/src/sbi-fx-card-rates/2020/2020-07-20.pdf
sbi/forex-card-rates/2020/2020-07-21.pdf,b4ded80f3a0da42f9d144c35a898aa97920e92391f79c3edcfbe9fad60a4d105,241940,application/pdf,2026-10-02T17:46:42Z,upstream,https://github.com/sakthipriyan/financial-data/raw/fa278a509a956062c41aae859b9818bcba95779a/src/sbi-fx-card-rates/2020/2020-07-21.pdf
sbi/forex-card-rates/2020/2020-07-22.pdf,28e61d58ebd7973f03efa953cca69cdb944ef939c80e0d535232433e72aa39b5,241932,application/pdf,2026-10-02T17:46:42Z,upstream,https://github.com/sakthipriyan/financial-data/raw/fa278a509a956062c41aae859b9818bcba95779a/src/sbi-fx-card-rates/2020/2020-07-22.pdf
sbi/forex-card-rates/2020/2020-07-23.pdf,3a39c432d5eb26e4606cb570d1c59bb92c7c9cd82eb94674eea050f771a5f157,241944,application/pdf,2026-10-02T17:46:42Z,upstream,https://github.com/sakthipriyan/financial-data/raw/fa278a509a956062c41aae859b9818bcba95779a/src/sbi-fx-card-rates/2020/2020-07-23.pdf
sbi/forex-card-rates/2020/2020-07-24.pdf,386f79570f5a444e75ada0e5ea61460e49a2b4899485ba76504a1d1abb3fe655,241924,application/pdf,2026-10-02T17:46:42Z,upstream,https://github.com/sakthipriyan/financial-data/raw/fa278a509a956062c41aae859b9818bcba95779a/src/sbi-fx-card-rates/2020/2020-07-24.pdf
sbi/forex-card-rates/2020/2020-07-27.pdf,5e690f700e2a9bcace70f056b3bbc41378c9f7ff27163f693331f5ca8c5b6628,485084,application/pdf,2026-10-02T17:46:42Z,upstream,https://github.com/sakthipriyan/financial-data/raw/fa278a509a956062c41aae859b9818bcba95779a/src/sbi-fx-card-rates/2020/2020-07-27.pdf
sbi/forex-card-rates/2020/2020-07-28.pdf,d01a76830f42569b6434c5f5941c15374381df165e8171dd1328c7775bd0916d,485073,application/pdf,2026-10-02T17:46:42Z,upstream,https://github.com/sakthipriyan/financial-data/raw/fa278a509a956062c41aae859b9818bcba95779a/src/sbi-fx-card-rates/2020/2020-07-28.pdf
sbi/forex-card-rates/2020/2020-07-29.pdf,3a5a6d7a678888d28b7907a5e19ba1886f6746bfc6be5c4716f98770a33f0e1a,485095,application/pdf,2026-10-02T17:46:42Z,upstream,https://github.com/sakthipriyan/financial-data/raw/fa278a509a956062c41aae859b9818bcba95779a/src/sbi-fx-card-rates/2020/2020-07-29.pdf
sbi/forex-card-rates/2020/2020-07-30.pdf,74daea751843b2615f3abe5b6c192cb4b80c816a4ddc5a0c9342a2584b1ca260,485076,application/pdf,2026-10-02T17:46:42Z,upstream,https://github.com/sakthipriyan/financial-data/raw/fa278a509a956062c41aae859b9818bcba95779a/src/sbi-fx-card-rates/2020/2020-07-30.pdf
sbi/forex-card-rates/2020/2020-07-31.pdf,985a40226f169d11f61cf415eb8688a280f0c52a152d462aa89ad9b65e72a169,485095,application/pdf,2026-10-02T17:46:42Z,upstream,https://github.com/sakthipriyan/financial-data/raw/fa278a509a956062c41aae859b9818bcba95779a/src/sbi-fx-card-rates/2020/2020-07-31.pdf
sbi/forex-card-rates/2020/2020-08-03.pdf,f3fa8e1ed18ec06f0c208212a40aa7145a5be57e62c7bb86ad191dbd8fceef78,485060,application/pdf,2026-10-02T17:46:42Z,upstream,https://github.com/sakthipriyan/financial-data/raw/fa278a509a956062c41aae859b9818bcba95779a/src/sbi-fx-card-rates/2020/2020-08-03.pdf
sbi/forex-card-rates/2020/2020-08-04.pdf,b894d0e94e7d252c60d94aa63a52ae464fbabd32baf09f805922a37d5bbe7c78,485109,application/pdf,2026-10-02T17:46:42Z,upstream,https://github.com/sakthipriyan/financial-data/raw/fa278a509a956062c41aae859b9818bcba95779a/src/sbi-fx-card-rates/2020/2020-08-04.pdf
sbi/forex-card-rates/2020/2020-08-05.pdf,37ff06b1d95ad1f1e4311c0f1dc18ad390c6365bb00fcc73c1efdd4e03bfe33f,485119,application/pdf,2026-10-02T17:46:42Z,upstream,https://github.com/sakthipriyan/financial-data/raw/fa278a509a956062c41aae859b9818bcba95779a/src/sbi-fx-card-rates/2020/2020-08-05.pdf
sbi/forex-card-rates/2020/2020-08-06.pdf,c0a4ba1050f24fd42745f64609c3fa8407bbd9b43e5961a2a42d508a22561930,485097,application/pdf,2026-10-02T17:46:42Z,upstream,https://github.com/sakthipriyan/financial-data/raw/fa278a509a956062c41aae859b9818bcba95779a/src/sbi-fx-card-rates/2020/2020-08-06.pdf
sbi/forex-card-rates/2020/2020-08-10.pdf,48f397b2e4fd5ab89ccc96e87a866d4e4c550b01d1d3b5bd0cf6eb444dda9860,485465,application/pdf,2026-10-02T17:46:42Z,upstream,https://github.com/sakthipriyan/financial-data/raw/fa278a509a956062c41aae859b9818bcba95779a/src/sbi-fx-card-rates/2020/2020-08-10.pdf
sbi/forex-card-rates/2020/2020-08-11.pdf,4f59c587b6ec17a74ea2e7b4b4b6cf3591302300ae02280c523711a02b66fae6,485098,application/pdf,2026-10-02T17:46:42Z,upstream,https://github.com/sakthipriyan/financial-data/raw/fa278a509a956062c41aae859b9818bcba95779a/src/sbi-fx-card-rates/2020/2020-08-11.pdf
sbi/forex-card-rates/2020/2020-08-12.pdf,dfceceb98acdb5dd681ec83c14a2c7a573e91d3dafac21255dd7062545185337,485058,application/pdf,2026-10-02T17:46:42Z,upstream,https://github.com/sakthipriyan/financial-data/raw/fa278a509a956062c41aae859b9818bcba95779a/src/sbi-fx-card-rates/2020/2020-08-12.pdf
sbi/forex-card-rates/2020/2020-08-13.pdf,f1c09e5b5f9fddc1a33b76a57a702f59c27554a00c29b9b6b5857de4b3c1d49f,485076,application/pdf,2026-10-02T17:46:42Z,upstream,https://github.com/sakthipriyan/financial-data/raw/fa278a509a956062c41aae859b9818bcba95779a/src/sbi-fx-card-rates/2020/2020-08-13.pdf
sbi/forex-card-rates/2020/2020-08-14.pdf,bc6500e640a572b9436af8c9078cbb271ac695779aceb8d8e5e54fc61a10583c,484818,application/pdf,2026-10-02T17:46:42Z,upstream,https://github.com/sakthipriyan/financial-data/raw/fa278a509a956062c41aae859b9818bcba95779a/src/sbi-fx-card-rates/2020/2020-08-14.pdf
sbi/forex-card-rates/2020/2020-08-25.pdf,9e2eb41c1ba67f0cc2d085f2a82686c3109e739d781699edb23cb18e25d8bd9e,484893,application/pdf,2026-10-02T17:46:42Z,upstream,https://github.com/sakthipriyan/financial-data/raw/fa278a509a956062c41aae859b9818bcba95779a/src/sbi-fx-card-rates/2020/2020-08-25.pdf
sbi/forex-card-rates/2020/2020-08-26.pdf,f38f12f6eae8ecd15adf54d3a04369c2c938720797a7035f8336c46aecb912b1,485095,application/pdf,2026-10-02T17:46:42Z,upstream,https://github.com/sakthipriyan/financial-data/raw/fa278a509a956062c41aae859b9818bcba95779a/src/sbi-fx-card-rates/2020/2020-08-26.pdf
sbi/forex-card-rates/2020/2020-08-27.pdf,979deb13b876cc32093e6382bba7a2cd7907da71a264fba7e59d8a551227aa2d,485062,application/pdf,2026-10-02T17:46:42Z,upstream,https://github.com/sakthipriyan/financial-data/raw/fa278a509a956062c41aae859b9818bcba95779a/src/sbi-fx-card-rates/2020/2020-08-27.pdf
sbi/forex-card-rates/2020/2020-08-28.pdf,2b4c614bb3a2f47d29bd5aa0a2ff8e96f671207c84acc1b092d40b76d39c67ca,485066,application/pdf,2026-10-02T17:46:42Z,upstream,https://github.com/sakthipriyan/financial-data/raw/fa278a509a956062c41aae859b9818bcba95779a/src/sbi-fx-card-rates/2020/2020-08-28.pdf
sbi/forex-card-rates/2020/2020-08-29.pdf,322139357fc34c33ea3203b8b1b09b3d6013f79a696d8b0c2c58fc2a280738bf,484839,application/pdf,2026-10-02T17:46:42Z,upstream,https://github.com/sakthipriyan/financial-data/raw/fa278a509a956062c41aae859b9818bcba95779a/src/sbi-fx-card-rates/2020/2020-08-29.pdf
sbi/forex-card-rates/2020/2020-08-31.pdf,f66f6f069ce8d958e764dd4e1e62daa2ef547250cf2c9932e41dbf626f032ab7,172486,application/pdf,2026-10-02T17:46:42Z,upstream,https://github.com/sakthipriyan/financial-data/raw/fa278a509a956062c41aae859b9818bcba95779a/src/sbi-fx-card-rates/2020/2020-08-31.pdf
sbi/forex-card-rates/2020/2020-09-01.pdf,4021c5963dfd87a2c62c6dd4742568ffb9375f8d0b08fdd580fe9bea978b0c9e,172492,application/pdf,2026-10-02T17:46:42Z,upstream,https://github.com/sakthipriyan/financial-data/raw/fa278a509a956062c41aae859b9818bcba95779a/src/sbi-fx-card-rates/2020/2020-09-01.pdf
sbi/forex-card-rates/2020/2020-09-02.pdf,be46950789a9ca064c5089355bc6782b7d8f35bf63fafd46df58499cd7c4dcad,485475,application/pdf,2026-10-02T17:46:42Z,upstream,https://github.com/sakthipriyan/financial-data/raw/fa278a509a956062c41aae859b9818bcba95779a/src/sbi-fx-card-rates/2020/2020-09-02.pdf
sbi/forex-card-rates/2020/2020-09-03.pdf,545482a733fbdd5c1497289a751d88ae1e561aa66e1d7a9bec358d27d49980be,172474,application/pdf,2026-10-02T17:46:42Z,upstream,https://github.com/sakthipriyan/financial-data/raw/fa278a509a956062c41aae859b9818bcba95779a/src/sbi-fx-card-rates/2020/2020-09-03.pdf
sbi/forex-card-rates/2020/2020-09-04.pdf,be695d9aec555654dc54fd92e900e776345c3b5e93f02770b1f78c7131632c80,172505,application/pdf,2026-10-02T17:46:42Z,upstream,https://github.com/sakthipriyan/financial-data/raw/fa278a509a956062c41aae859b9818bcba95779a/src/sbi-fx-card-rates/2020/2020-09-04.pdf
sbi/forex-card-rates/2020/2020-09-05.pdf,cc388005dba60403e0aa9cce7d3473a27c570b88d545ef8831693d3fed838570,172210,application/pdf,2026-10-02T17:46:42Z,upstream,https://github.com/sakthipriyan/financial-data/raw/fa278a509a956062c41aae859b9818bcba95779a/src/sbi-fx-card-rates/2020/2020-09-05.pdf
sbi/forex-card-rates/2020/2020-09-07.pdf,c840471f0fc60ec68c3c3979e8d88d8cf964664ab10ea6f6977d3b00ed1441e5,485628,application/pdf,2026-10-02T17:46:42Z,upstream,https://github.com/sakthipriyan/financial-data/raw/fa278a509a956062c41aae859b9818bcba95779a/src/sbi-fx-card-rates/2020/2020-09-07.pdf
sbi/forex-card-rates/2020/2020-09-08.pdf,1a35cfac9963af0bdb0ee382f6e8b667123a49fa039002c17dcf540830606a50,485464,application/pdf,2026-10-02T17:46:42Z,upstream,https://github.com/sakthipriyan/financial-data/raw/fa278a509a956062c41aae859b9818bcba95779a/src/sbi-fx-card-rates/2020/2020-09-08.pdf
sbi/forex-card-rates/2020/2020-09-09.pdf,dd62f81f3ecbe498e83594b722b9efc29999fae0621f77830a6a8429a6c430fc,484780,application/pdf,2026-10-02T17:46:42Z,upstream,https://github.com/sakthipriyan/financial-data/raw/fa278a509a956062c41aae859b9818bcba95779a/src/sbi-fx-card-rates/2020/2020-09-09.pdf
sbi/forex-card-rates/2020/2020-09-10.pdf,a693718613a66bf427112543a737c6ffcdc5007331345546cfc706b5c1d8f085,485029,application/pdf,2026-10-02T17:46:42Z,upstream,https://github.com/sakthipriyan/financial-data/raw/fa278a509a956062c41aae859b9818bcba95779a/src/sbi-fx-card-rates/2020/2020-09-10.pdf
sbi/forex-card-rates/2020/2020-09-11.pdf,7f323180973b9f50bc23aaebd5b101e644a47bb48de58081e426b28179ad0310,485108,application/pdf,2026-10-02T17:46:42Z,upstream,https://github.com/sakthipriyan/financial-data/raw/fa278a509a956062c41aae859b9818bcba95779a/src/sbi-fx-card-rates/2020/2020-09-11.pdf
sbi/forex-card-rates/2020/2020-09-14.pdf,929fbfb0dffe5f97a447e7e4f8b52453ab7f5155de661334519f5cae8a27220c,485074,application/pdf,2026-10-02T17:46:42Z,upstream,https://github.com/sakthipriyan/financial-data/raw/fa278a509a956062c41aae859b9818bcba95779a/src/sbi-fx-card-rates/2020/2020-09-14.pdf
sbi/forex-card-rates/2020/2020-09-15.pdf,625e96de2500e72432c83a63fe399146d6d3b1f758ffefb2beec118d0c1bc0c1,485079,application/pdf,2026-10-02T17:46:42Z,upstream,https://github.com/sakthipriyan/financial-data/raw/fa278a509a956062c41aae859b9818bcba95779a/src/sbi-fx-card-rates/2020/2020-09-15.pdf
sbi/forex-card-rates/2020/2020-09-16.pdf,2ac4ad7fa71e8e498ed9815e3c66c7657f8c9cc1a47f1dd7605781d0930810f8,484923,application/pdf,2026-10-02T17:46:42Z,upstream,https://github.com/sakthipriyan/financial-data/raw/fa278a509a956062c41aae859b9818bcba95779a/src/sbi-fx-card-rates/2020/2020-09-16.pdf
sbi/forex-card-rates/2020/2020-09-17.pdf,7661286208a5c17741e58f6f8ee1806e73d364735246f9c604c9dcbf92f0c7ef,484975,application/pdf,2026-10-02T17:46:42Z,upstream,https://github.com/sakthipriyan/financial-data/raw/fa278a509a956062c41aae859b9818bcba95779a/src/sbi-fx-card-rates/2020/2020-09-17.pdf
sbi/forex-card-rates/2020/2020-09-19.pdf,d0ff76975437cd405eca543c6d34396337ce2fe0ea76db85bb0f558a810d3f2e,172234,application/pdf,2026-10-02T17:46:42Z,upstream,https://github.com/sakthipriyan/financial-data/raw/fa278a509a956062c41aae859b9818bcba95779a/src/sbi-fx-card-rates/2020/2020-09-19.pdf
sbi/forex-card-rates/2020/2020-09-21.pdf,22ae3bcaa5db64239d40843ae0c34c93923eed6e298dc2c6fc3cec447e4ae926,485082,application/pdf,2026-10-02T17:46:42Z,upstream,https://github.com/sakthipriyan/financial-data/raw/fa278a509a956062c41aae859b9818bcba95779a/src/sbi-fx-card-rates/2020/2020-09-21.pdf
sbi/forex-card-rates/2020/2020-09-22.pdf,cbf64ba6140a31e292672028976f4066701335af486679f4c745f51dc9d4ed4b,484934,application/pdf,2026-10-02T17:46:42Z,upstream,https://github.com/sakthipriyan/financial-data/raw/fa278a509a956062c41aae859b9818bcba95779a/src/sbi-fx-card-rates/2020/2020-09-22.pdf
sbi/forex-card-rates/2020/2020-09-23.pdf,abe07df050b74ba2449e8188834b0ab47a652a3294f41af5e312ab9dfc218c58,485319,application/pdf,2026-10-02T17:46:42Z,upstream,https://github.com/sakthipriyan/financial-data/raw/fa278a509a956062c41aae859b9818bcba95779a/src/sbi-fx-card-rates/2020/2020-09-23.pdf
sbi/forex-card-rates/2020/2020-09-24.pdf,baea9e354e95fbb755cafcacb833929b48906ed31927adebe2fab966df1ee06d,485459,application/pdf,2026-10-02T17:46:42Z,upstream,https://github.com/sakthipriyan/financial-data/raw/fa278a509a956062c41aae859b9818bcba95779a/src/sbi-fx-card-rates/2020/2020-09-24.pdf
sbi/forex-card-rates/2020/2020-09-25.pdf,e51c3b26bfcdda0069620036e86321fcd0e1261d24f5ef0513e6bfb5425375f8,485470,application/pdf,2026-10-02T17:46:42Z,upstream,https://github.com/sakthipriyan/financial-data/raw/fa278a509a956062c41aae859b9818bcba95779a/src/sbi-fx-card-rates/2020/2020-09-25.pdf
sbi/forex-card-rates/2020/2020-09-28.pdf,bf85c7dfcbd4ee7eaca29c06d71c512d2242a781663ddac973b687e1968022e2,172458,application/pdf,2026-10-02T17:46:42Z,upstream,https://github.com/sakthipriyan/financial-data/raw/fa278a509a956062c41aae859b9818bcba95779a/src/sbi-fx-card-rates/2020/2020-09-28.pdf
sbi/forex-card-rates/2020/2020-09-29.pdf,89aa17d85a047584b0c67f655362b7b18f81eaa82d8e862cafac431962e540fb,172461,application/pdf,2026-10-02T17:46:42Z,upstream,https://github.com/sakthipriyan/financial-data/raw/fa278a509a956062c41aae859b9818bcba95779a/src/sbi-fx-card-rates/2020/2020-09-29.pdf
sbi/forex-card-rates/2020/2020-09-30.pdf,e9a46765a75dac6d0712ef59baa425f34d207a011989c726d7ba7df6acbfe752,485462,application/pdf,2026-10-02T17:46:42Z,upstream,https://github.com/sakthipriyan/financial-data/raw/fa278a509a956062c41aae859b9818bcba95779a/src/sbi-fx-card-rates/2020/2020-09-30.pdf
sbi/forex-card-rates/2020/2020-10-01.pdf,620705e0bb82b57cebf4df0eaaea02f80675fe8d7f60f852556bb32d6299e2e7,172474,application/pdf,2026-10-02T17:46:42Z,upstream,https://github.com/sakthipriyan/financial-data/raw/fa278a509a956062c41aae859b9818bcba95779a/src/sbi-fx-card-rates/2020/2020-10-01.pdf
sbi/forex-card-rates/2020/2020-10-03.pdf,53dadb4eabfef9810307c31c07429645dea9eecaed61025285af1674ff6e8a7e,172219,application/pdf,2026-10-02T17:46:42Z,upstream,https://github.com/sakthipriyan/financial-data/raw/fa278a509a956062c41aae859b9818bcba95779a/src/sbi-fx-card-rates/2020/2020-10-03.pdf
sbi/forex-card-rates/2020/2020-10-05.pdf,596811fbce7ba3748001a0145230bc37138257461b0ad70d47f35c68e7812886,483129,application/pdf,2026-10-02T17:46:42Z,upstream,https://github.com/sakthipriyan/financial-data/raw/fa278a509a956062c41aae859b9818bcba95779a/src/sbi-fx-card-rates/2020/2020-10-05.pdf
sbi/forex-card-rates/2020/2020-10-06.pdf,949f079921ca3c6ab9e92311ebc6c076be95c9f5c31ed46a5b4ddb06b933c8ec,483103,application/pdf,2026-10-02T17:46:42Z,upstream,https://github.com/sakthipriyan/financial-data/raw/fa278a509a956062c41aae859b9818bcba95779a/src/sbi-fx-card-rates/2020/2020-10-06.pdf
sbi/forex-card-rates/2020/2020-10-07.pdf,ae6b897a1d97d9aea123cedd78a6f02ba6ec2e9ce224884d9ab7656d73adc9ab,483095,application/pdf,2026-10-02T17:46:42Z,upstream,https://github.com/sakthipriyan/financial-data/raw/fa278a509a956062c41aae859b9818bcba95779a/src/sbi-fx-card-rates/2020/2020-10-07.pdf
sbi/forex-card-rates/2020/2020-10-08.pdf,2fd701ec90e3602aff3f94555dac8e076305168044bdfe83ad245ac258500bf5,483113,application/pdf,2026-10-02T17:46:42Z,upstream,https://github.com/sakthipriyan/financial-data/raw/fa278a509a956062c41aae859b9818bcba95779a/src/sbi-fx-card-rates/2020/2020-10-08.pdf
sbi/forex-card-rates/2020/2020-10-09.pdf,1a4294662d4fe8568cf40d249443d2703a0471e02cb7ebd06d4d2fb57fe6e4dd,485453,application/pdf,2026-10-02T17:46:42Z,upstream,https://github.com/sakthipriyan/financial-data/raw/fa278a509a956062c41aae859b9818bcba95779a/src/sbi-fx-card-rates/2020/2020-10-09.pdf
sbi/forex-card-rates/2020/2020-10-12.pdf,9896c70e5c9bb0ac0034d7bb220776bef9a93d8b495a84ae1155dfea33905077,172454,application/pdf,2026-10-02T17:46:42Z,upstream,https://github.com/sakthipriyan/financial-data/raw/fa278a509a956062c41aae859b9818bcba95779a/src/sbi-fx-card-rates/2020/2020-10-12.pdf
sbi/forex-card-rates/2020/2020-10-14.pdf,9acd2a256321607ae173bc5a36f9c98b0688bb69c0d23ad2be0d399f29155cdc,172480,application/pdf,2026-10-02T17:46:42Z,upstream,https://github.com/sakthipriyan/financial-data/raw/fa278a509a956062c41aae859b9818bcba95779a/src/sbi-fx-card-rates/2020/2020-10-14.pdf
sbi/forex-card-rates/2020/2020-10-16.pdf,8b02707c46ed68b8f796e9695175a09f70cd019fed8771b9d9015f8432cc4c98,172472,application/pdf,2026-10-02T17:46:42Z,upstream,https://github.com/sakthipriyan/financial-data/raw/fa278a509a956062c41aae859b9818bcba95779a/src/sbi-fx-card-rates/2020/2020-10-16.pdf
sbi/forex-card-rates/2020/2020-10-17.pdf,8a91db2e9befd2b2c8bcb45145aa24f7d0b1c93215588a0bc08891cca75609d5,172224,application/pdf,2026-10-02T17:46:42Z,upstream,https://github.com/sakthipriyan/financial-data/raw/fa278a509a956062c41aae859b9818bcba95779a/src/sbi-fx-card-rates/2020/2020-10-17.pdf
sbi/forex-card-rates/2020/2020-10-22.pdf,0377b80fcdca07d7f6bbe49ee6f4a86dee832e91bccde81cff74f14348b9b665,485109,application/pdf,2026-10-02T17:46:42Z,upstream,https://github.com/sakthipriyan/financial-data/raw/fa278a509a956062c41aae859b9818bcba95779a/src/sbi-fx-card-rates/2020/2020-10-22.pdf
sbi/forex-card-rates/2020/2020-10-23.pdf,65f9a15d153ac7e15beac0e73302993603c96d70a3086072f251bcf7db8d0b99,484958,application/pdf,2026-10-02T17:46:42Z,upstream,https://github.com/sakthipriyan/financial-data/raw/fa278a509a956062c41aae859b9818bcba95779a/src/sbi-fx-card-rates/2020/2020-10-23.pdf
sbi/forex-card-rates/2020/2020-10-26.pdf,7b22070868b5c0e8645a8768dd1565560f26346865cb60506282fb724e8d2b89,485462,application/pdf,2026-10-02T17:46:42Z,upstream,https://github.com/sakthipriyan/financial-data/raw/fa278a509a956062c41aae859b9818bcba95779a/src/sbi-fx-card-rates/2020/2020-10-26.pdf
sbi/forex-card-rates/2020/2020-10-27.pdf,7e53ce04b43da3c0ad750aa8de88d25c53b64712ba2980e126ef1e98388fce0a,485471,application/pdf,2026-10-02T17:46:42Z,upstream,https://github.com/sakthipriyan/financial-data/raw/fa278a509a956062c41aae859b9818bcba95779a/src/sbi-fx-card-rates/2020/2020-10-27.pdf
sbi/forex-card-rates/2020/2020-10-28.pdf,f95cd704c93726dc8485f34cf29da3eed40548e862a09baedee6eafe10561726,485418,application/pdf,2026-10-02T17:46:42Z,upstream,https://github.com/sakthipriyan/financial-data/raw/fa278a509a956062c41aae859b9818bcba95779a/src/sbi-fx-card-rates/2020/2020-10-28.pdf
sbi/forex-card-rates/2020/2020-10-29.pdf,5b933013b87ad156786105b074bd005f39d3792a343ec1fd137b58f31e238acb,485465,application/pdf,2026-10-02T17:46:42Z,upstream,https://github.com/sakthipriyan/financial-data/raw/fa278a509a956062c41aae859b9818bcba95779a/src/sbi-fx-card-rates/2020/2020-10-29.pdf
sbi/forex-card-rates/2020/2020-10-31.pdf,bc889bdeb757d0ad19399c251922b4405e85e4d5a9a54e28c3c474a95e59955a,172228,application/pdf,2026-10-02T17:46:42Z,upstream,https://github.com/sakthipriyan/financial-data/raw/fa278a509a956062c41aae859b9818bcba95779a/src/sbi-fx-card-rates/2020/2020-10-31.pdf
sbi/forex-card-rates/2020/2020-11-03.pdf,9d0f0d4bed7d76fd773f59ab3f380da42f81d4141175388e4488fcd7fd669406,172472,application/pdf,2026-10-02T17:46:42Z,upstream,https://github.com/sakthipriyan/financial-data/raw/fa278a509a956062c41aae859b9818bcba95779a/src/sbi-fx-card-rates/2020/2020-11-03.pdf
sbi/forex-card-rates/2020/2020-11-04.pdf,c66d221e7b03326ab778cfaae338fb0cc8108faab7edccfb865bbacecc18e15d,172455,application/pdf,2026-10-02T17:46:42Z,upstream,https://github.com/sakthipriyan/financial-data/raw/fa278a509a956062c41aae859b9818bcba95779a/src/sbi-fx-card-rates/2020/2020-11-04.pdf
sbi/forex-card-rates/2020/2020-11-05.pdf,ae9950975f6495f413e1c943d887483fc4f1f94b2f3508cb2eb2eb9112fd26c8,485452,application/pdf,2026-10-02T17:46:42Z,upstream,https://github.com/sakthipriyan/financial-data/raw/fa278a509a956062c41aae859b9818bcba95779a/src/sbi-fx-card-rates/2020/2020-11-05.pdf
sbi/forex-card-rates/2020/2020-11-06.pdf,2efad75c058f7bd0c826b93bee48c9dae48b36440c3537fa21019232a8f6c01d,485394,application/pdf,2026-10-02T17:46:42Z,upstream,https://github.com/sakthipriyan/financial-data/raw/fa278a509a956062c41aae859b9818bcba95779a/src/sbi-fx-card-rates/2020/2020-11-06.pdf
sbi/forex-card-rates/2020/2020-11-07.pdf,bf55e2892656cf2b06d3242287f836134b9bafe82ed3058cf48252edd4aeeb7f,485064,application/pdf,2026-10-02T17:46:42Z,upstream,https://github.com/sakthipriyan/financial-data/raw/fa278a509a956062c41aae859b9818bcba95779a/src/sbi-fx-card-rates/2020/2020-11-07.pdf
sbi/forex-card-rates/2020/2020-11-09.pdf,7339a5151d809c0c89d47a8ad7c0d16bfbddef538b84b79a3656c68093f4e48b,487697,application/pdf,2026-10-02T17:46:42Z,upstream,https://github.com/sakthipriyan/financial-data/raw/fa278a509a956062c41aae859b9818bcba95779a/src/sbi-fx-card-rates/2020/2020-11-09.pdf
sbi/forex-card-rates/2020/2020-11-10.pdf,1ba262597b84bb36beb60ae88233698803620acbab15e379cde6fd4c628a249a,487698,application/pdf,2026-10-02T17:46:42Z,upstream,https://github.com/sakthipriyan/financial-data/raw/fa278a509a956062c41aae859b9818bcba95779a/src/sbi-fx-card-rates/2020/2020-11-10.pdf
sbi/forex-card-rates/2020/2020-11-12.pdf,df38b13ade9ba3af0780a3eed62f0050365ab107c631c567ec8908fbece71a37,487404,application/pdf,2026-10-02T17:46:42Z,upstream,https://github.com/sakthipriyan/financial-data/raw/fa278a509a956062c41aae859b9818bcba95779a/src/sbi-fx-card-rates/2020/2020-11-12.pdf
sbi/forex-card-rates/2020/2020-11-13.pdf,fae4fb688d2851722d02c52307f1db010c454bb4ca2c4a82334ec7e81aca0b75,487691,application/pdf,2026-10-02T17:46:42Z,upstream,https://github.com/sakthipriyan/financial-data/raw/fa278a509a956062c41aae859b9818bcba95779a/src/sbi-fx-card-rates/2020/2020-11-13.pdf
sbi/forex-card-rates/2020/2020-11-17.pdf,224da7924a773df5e84d3eeb32e303fa99ed6a45128538408d471c4666ed21ba,487735,application/pdf,2026-10-02T17:46:42Z,upstream,https://github.com/sakthipriyan/financial-data/raw/fa278a509a956062c41aae859b9818bcba95779a/src/sbi-fx-card-rates/2020/2020-11-17.pdf
sbi/forex-card-rates/2020/2020-11-18.pdf,a07139be05e7130c45ba8b9898653a1ad0dea096b22cde676377130589d931dc,485456,application/pdf,2026-10-02T17:46:42Z,upstream,https://github.com/sakthipriyan/financial-data/raw/fa278a509a956062c41aae859b9818bcba95779a/src/sbi-fx-card-rates/2020/2020-11-18.pdf
sbi/forex-card-rates/2020/2020-11-19.pdf,1c8636c4cf6ca55ad1a310a61b4ad4a15a829d6616301063f31634d74106c692,485459,application/pdf,2026-10-02T17:46:42Z,upstream,https://github.com/sakthipriyan/financial-data/raw/fa278a509a956062c41aae859b9818bcba95779a/src/sbi-fx-card-rates/2020/2020-11-19.pdf
sbi/forex-card-rates/2020/2020-11-21.pdf,048d2f9c769eedfe1df26dd8380dfd82e8ae73a0c607257df724a783f7c52520,485181,application/pdf,2026-10-02T17:46:42Z,upstream,https://github.com/sakthipriyan/financial-data/raw/fa278a509a956062c41aae859b9818bcba95779a/src/sbi-fx-card-rates/2020/2020-11-21.pdf
sbi/forex-card-rates/2020/2020-11-23.pdf,9eb86d757884022cfbedf80516a36b99ad101ca26130699d205a4bfdb9ac7588,487600,application/pdf,2026-10-02T17:46:42Z,upstream,https://github.com/sakthipriyan/financial-data/raw/fa278a509a956062c41aae859b9818bcba95779a/src/sbi-fx-card-rates/2020/2020-11-23.pdf
sbi/forex-card-rates/2020/2020-11-24.pdf,5d09534047265731f285d124fc5104dfdecfc7ee255f3fd09f2621a0e572d4ce,487690,application/pdf,2026-10-02T17:46:42Z,upstream,https://github.com/sakthipriyan/financial-data/raw/fa278a509a956062c41aae859b9818bcba95779a/src/sbi-fx-card-rates/2020/2020-11-24.pdf
sbi/forex-card-rates/2020/2020-11-25.pdf,9556224b3f9466539333b737c495356a02d7db10609456ab5bf09e4aa08b47b4,487592,application/pdf,2026-10-02T17:46:42Z,upstream,https://github.com/sakthipriyan/financial-data/raw/fa278a509a956062c41aae859b9818bcba95779a/src/sbi-fx-card-rates/2020/2020-11-25.pdf
sbi/forex-card-rates/2020/2020-11-26.pdf,adde55b9fad790b180b50c636345ffec0d237d8050c80da95d8ec7bd34a39eac,485331,application/pdf,2026-10-02T17:46:42Z,upstream,https://github.com/sakthipriyan/financial-data/raw/fa278a509a956062c41aae859b9818bcba95779a/src/sbi-fx-card-rates/2020/2020-11-26.pdf
sbi/forex-card-rates/2020/2020-11-27.pdf,5c3e96699cdf9604d76bb103fa0ee4a20fe4a92a493e8c53e3cca628ef3c3fae,485431,application/pdf,2026-10-02T17:46:42Z,upstream,https://github.com/sakthipriyan/financial-data/raw/fa278a509a956062c41aae859b9818bcba95779a/src/sbi-fx-card-rates/2020/2020-11-27.pdf
sbi/forex-card-rates/2020/2020-12-01.pdf,8f99123741e4d44c6898676fb17299c00433e7ec9dc6558100a1ca6d3ab2494a,487574,application/pdf,2026-10-02T17:46:42Z,upstream,https://github.com/sakthipriyan/financial-data/raw/fa278a509a956062c41aae859b9818bcba95779a/src/sbi-fx-card-rates/2020/2020-12-01.pdf
sbi/forex-card-rates/2020/2020-12-02.pdf,ca1a50c665f7dd17068f983b1f6e880cacceb9c05ab4afe0ea2aaf612491eb30,487655,application/pdf,2026-10-02T17:46:42Z,upstream,https://github.com/sakthipriyan/financial-data/raw/fa278a509a956062c41aae859b9818bcba95779a/src/sbi-fx-card-rates/2020/2020-12-02.pdf
sbi/forex-card-rates/2020/2020-12-03.pdf,ab37c0dd10e2f3c5fd3cb6276823ef6dc1cb8f7783fb5a9c39f46a35d94888bd,487715,application/pdf,2026-10-02T17:46:42Z,upstream,https://github.com/sakthipriyan/financial-data/raw/fa278a509a956062c41aae859b9818bcba95779a/src/sbi-fx-card-rates/2020/2020-12-03.pdf
sbi/forex-card-rates/2020/2020-12-04.pdf,189011fa05c4803d1ad7538470ee1e935c264713440dc1a2458b9feebe69fa05,487588,application/pdf,2026-10-02T17:46:42Z,upstream,https://github.com/sakthipriyan/financial-data/raw/fa278a509a956062c41aae859b9818bcba95779a/src/sbi-fx-card-rates/2020/2020-12-04.pdf
sbi/forex-card-rates/2020/2020-12-05.pdf,6c30c34702b1ae0cae41adba7f7abca23dfeb5d34a04f8b521533a0ee491465c,487438,application/pdf,2026-10-02T17:46:42Z,upstream,https://github.com/sakthipriyan/financial-data/raw/fa278a509a956062c41aae859b9818bcba95779a/src/sbi-fx-card-rates/2020/2020-12-05.pdf
sbi/forex-card-rates/2020/2020-12-07.pdf,e426f1e019fc6a7073bb2c7e4cfeef19ecd8454478b59150eaec7deb2118ddc3,485485,application/pdf,2026-10-02T17:46:42Z,upstream,https://github.com/sakthipriyan/financial-data/raw/fa278a509a956062c41aae859b9818bcba95779a/src/sbi-fx-card-rates/2020/2020-12-07.pdf
sbi/forex-card-rates/2020/2020-12-08.pdf,e69e7c7f9b78a370f08bc668745b3e84a3b176ef39c18bee5419705f91fb2f8e,485489,application/pdf,2026-10-02T17:46:42Z,upstream,https://github.com/sakthipriyan/financial-data/raw/fa278a509a956062c41aae859b9818bcba95779a/src/sbi-fx-card-rates/2020/2020-12-08.pdf
sbi/forex-card-rates/2020/2020-12-09.pdf,0990d7682082607988af4de43e6434f181343838ca3b6b75b2c6a0335ec0545d,485189,application/pdf,2026-10-02T17:46:42Z,upstream,https://github.com/sakthipriyan/financial-data/raw/fa278a509a956062c41aae859b9818bcba95779a/src/sbi-fx-card-rates/2020/2020-12-09.pdf
sbi/forex-card-rates/2020/2020-12-10.pdf,5fb7de2eef92493c1c95a28034fbdfc68ad6b2d767ac540b7a34befd448d780c,485461,application/pdf,2026-10-02T17:46:42Z,upstream,https://github.com/sakthipriyan/financial-data/raw/fa278a509a956062c41aae859b9818bcba95779a/src/sbi-fx-card-rates/2020/2020-12-10.pdf
sbi/forex-card-rates/2020/2020-12-11.pdf,8e97c503492672371ef2450ffc605c64dbc09640c476e44610065d8f697d666c,487708,application/pdf,2026-10-02T17:46:42Z,upstream,https://github.com/sakthipriyan/financial-data/raw/fa278a509a956062c41aae859b9818bcba95779a/src/sbi-fx-card-rates/2020/2020-12-11.pdf
sbi/forex-card-rates/2020/2020-12-14.pdf,7aaff1fa385ed005d4dd9eba2893a12165e366dbef360a6ffc1d48d7a403a0c5,485460,application/pdf,2026-10-02T17:46:42Z,upstream,https://github.com/sakthipriyan/financial-data/raw/fa278a509a956062c41aae859b9818bcba95779a/src/sbi-fx-card-rates/2020/2020-12-14.pdf
sbi/forex-card-rates/2020/2020-12-15.pdf,824b120f78a93a3922218251eacf84af7cebb0a246559332cf7c2c4a2ec85e8a,485470,application/pdf,2026-10-02T17:46:42Z,upstream,https://github.com/sakthipriyan/financial-data/raw/fa278a509a956062c41aae859b9818bcba95779a/src/sbi-fx-card-rates/2020/2020-12-15.pdf
sbi/forex-card-rates/2020/2020-12-16.pdf,19473ae9256eaec5de4d95eb5eb46f6263565b8270f285f5789d9bf1e4878de7,487590,application/pdf,2026-10-02T17:46:42Z,upstream,https://github.com/sakthipriyan/financial-data/raw/fa278a509a956062c41aae859b9818bcba95779a/src/sbi-fx-card-rates/2020/2020-12-16.pdf
sbi/forex-card-rates/2020/2020-12-17.pdf,e1a10fdb61f202f3394ac12787cb14b40a0997b3dd5cd3c280a7ec3e6328b846,485458,application/pdf,2026-10-02T17:46:42Z,upstream,https://github.com/sakthipriyan/financial-data/raw/fa278a509a956062c41aae859b9818bcba95779a/src/sbi-fx-card-rates/2020/2020-12-17.pdf
sbi/forex-card-rates/2020/2020-12-18.pdf,90dd06399cdb0ac550f3f4ceabac1e8f7a961aa604dfcc4c2682471b3b7f07f6,487727,application/pdf,2026-10-02T17:46:42Z,upstream,https://github.com/sakthipriyan/financial-data/raw/fa278a509a956062c41aae859b9818bcba95779a/src/sbi-fx-card-rates/2020/2020-12-18.pdf
sbi/forex-card-rates/2020/2020-12-19.pdf,c26adee5c7e8dcc88ba61bc86de70fc59c2b5886dfb2df596db68122843ceca0,487354,application/pdf,2026-10-02T17:46:42Z,upstream,https://github.com/sakthipriyan/financial-data/raw/fa278a509a956062c41aae859b9818bcba95779a/src/sbi-fx-card-rates/2020/2020-12-19.pdf
sbi/forex-card-rates/2020/2020-12-21.pdf,d0fadf8e9d7f0acb5b69c0bd89c3e5ebdb5c2686c1b974a36c91487450a29015,487657,application/pdf,2026-10-02T17:46:42Z,upstream,https://github.com/sakthipriyan/financial-data/raw/fa278a509a956062c41aae859b9818bcba95779a/src/sbi-fx-card-rates/2020/2020-12-21.pdf
sbi/forex-card-rates/2020/2020-12-22.pdf,8cc24da9c6158c63501625329bee9b48a50444521231fd45b91dbdfbc7641980,485454,application/pdf,2026-10-02T17:46:42Z,upstream,https://github.com/sakthipriyan/financial-data/raw/fa278a509a956062c41aae859b9818bcba95779a/src/sbi-fx-card-rates/2020/2020-12-22.pdf
sbi/forex-card-rates/2020/2020-12-23.pdf,bad9f3697cb29b7147f846a8c0e977dcf4c177a76c9aa92b584845c8de70a995,485502,application/pdf,2026-10-02T17:46:42Z,upstream,https://github.com/sakthipriyan/financial-data/raw/fa278a509a956062c41aae859b9818bcba95779a/src/sbi-fx-card-rates/2020/2020-12-23.pdf
sbi/forex-card-rates/2020/2020-12-24.pdf,64c049adaa6f4856f410a06bc5b471f9263254aed88ebfc978f181bb6308d913,485472,application/pdf,2026-10-02T17:46:42Z,upstream,https://github.com/sakthipriyan/financial-data/raw/fa278a509a956062c41aae859b9818bcba95779a/src/sbi-fx-card-rates/2020/2020-12-24.pdf
sbi/forex-card-rates/2020/2020-12-28.pdf,4603d43589d2371c37d062b6b3830da125dc0cb6cc0ca8a71a284da08e580502,485326,application/pdf,2026-10-02T17:46:42Z,upstream,https://github.com/sakthipriyan/financial-data/raw/fa278a509a956062c41aae859b9818bcba95779a/src/sbi-fx-card-rates/2020/2020-12-28.pdf
sbi/forex-card-rates/2020/2020-12-29.pdf,4fb83acf44c44f18aefa03e222927d78276ca563154c5a1aac37023a474e6746,485481,application/pdf,2026-10-02T17:46:42Z,upstream,https://github.com/sakthipriyan/financial-data/raw/fa278a509a956062c41aae859b9818bcba95779a/src/sbi-fx-card-rates/2020/2020-12-29.pdf
sbi/forex-card-rates/2020/2020-12-30.pdf,1aa42c826ec89dd9f6750112c0ca3e389eea02b2b385d306361ed38380342c2c,487695,application/pdf,2026-10-02T17:46:42Z,upstream,https://github.com/sakthipriyan/financial-data/raw/fa278a509a956062c41aae859b9818bcba95779a/src/sbi-fx-card-rates/2020/2020-12-30.pdf
sbi/forex-card-rates/2020/2020-12-31.pdf,0f610833d69945777ef2d338e00d26855e87948fc87314f52aa5f9d44fe3c141,485353,application/pdf,2026-10-02T17:46:42Z,upstream,https://github.com/sakthipriyan/financial-data/raw/fa278a509a956062c41aae859b9818bcba95779a/src/sbi-fx-card-rates/2020/2020-12-31.pdf
sbi/forex-card-rates/2021/2021-01-06.pdf,57d94cfadc4675b7a02cc3f9b758a49d2404eed697e8c4d708625f0754ad39a8,485470,application/pdf,2026-10-02T17:46:42Z,upstream,https://github.com/sakthipriyan/financial-data/raw/fa278a509a956062c41aae859b9818bcba95779a/src/sbi-fx-card-rates/2021/2021-01-06.pdf
sbi/forex-card-rates/2021/2021-01-07.pdf,7bc63a424171e1e9b4fceba2379c013398f7bdb5213d4241c49a1303aaa55b96,485506,application/pdf,2026-10-02T17:46:42Z,upstream,https://github.com/sakthipriyan/financial-data/raw/fa278a509a956062c41aae859b9818bcba95779a/src/sbi-fx-card-rates/2021/2021-01-07.pdf
sbi/forex-card-rates/2021/2021-01-08.pdf,7c6710e7f6ea5264d8d0f22c25ad17f45e17f116771579a4a84d07936493d3d2,487698,application/pdf,2026-10-02T17:46:42Z,upstream,https://github.com/sakthipriyan/financial-data/raw/fa278a509a956062c41aae859b9818bcba95779a/src/sbi-fx-card-rates/2021/2021-01-08.pdf
sbi/forex-card-rates/2021/2021-01-11.pdf,978f94b6787ebd0fe300a2d6beba7f659b29ba0c743853f53aab6ad3f27c24b4,487735,application/pdf,2026-10-02T17:46:42Z,upstream,https://github.com/sakthipriyan/financial-data/raw/fa278a509a956062c41aae859b9818bcba95779a/src/sbi-fx-card-rates/2021/2021-01-11.pdf
sbi/forex-card-rates/2021/2021-01-12.pdf,af4233edb83b4ed67c71adb468e370c7f48a20f988c3118a8b9b0267e5cf7fee,487654,application/pdf,2026-10-02T17:46:42Z,upstream,https://github.com/sakthipriyan/financial-data/raw/fa278a509a956062c41aae859b9818bcba95779a/src/sbi-fx-card-rates/2021/2021-01-12.pdf
sbi/forex-card-rates/2021/2021-01-13.pdf,cd1588647df5f556afb2f0a8068bb7988d0588db016e807330685e8ff596d362,487637,application/pdf,2026-10-02T17:46:42Z,upstream,https://github.com/sakthipriyan/financial-data/raw/fa278a509a956062c41aae859b9818bcba95779a/src/sbi-fx-card-rates/2021/2021-01-13.pdf
sbi/forex-card-rates/2021/2021-01-14.pdf,dd323eb7b4890886a10e7a532e037c9ea091838c77f248eb053b796d52b12258,487698,application/pdf,2026-10-02T17:46:42Z,upstream,https://github.com/sakthipriyan/financial-data/raw/fa278a509a956062c41aae859b9818bcba95779a/src/sbi-fx-card-rates/2021/2021-01-14.pdf
sbi/forex-card-rates/2021/2021-01-15.pdf,3199ac7f0697fb7b74a2d326d3e8c7d0fde4bf22fd89bd80ce1e8d5499007341,487738,application/pdf,2026-10-02T17:46:42Z,upstream,https://github.com/sakthipriyan/financial-data/raw/fa278a509a956062c41aae859b9818bcba95779a/src/sbi-fx-card-rates/2021/2021-01-15.pdf
sbi/forex-card-rates/2021/2021-01-16.pdf,dedfa88e2fe2aabe9f9ca1590b74007d8775627cd9a101b7201285e66cda7a71,487464,application/pdf,2026-10-02T17:46:42Z,upstream,https://github.com/sakthipriyan/financial-data/raw/fa278a509a956062c41aae859b9818bcba95779a/src/sbi-fx-card-rates/2021/2021-01-16.pdf
sbi/forex-card-rates/2021/2021-01-18.pdf,bc85520f9e3de2ec0d36c622178a33fc7fe63f322030e4dd8295128294efe310,487725,application/pdf,2026-10-02T17:46:42Z,upstream,https://github.com/sakthipriyan/financial-data/raw/fa278a509a956062c41aae859b9818bcba95779a/src/sbi-fx-card-rates/2021/2021-01-18.pdf
sbi/forex-card-rates/2021/2021-01-19.pdf,f540ceb52d90fbc353bd5caabeeeab7ce5ec40edc75401edabe4363c1d81bb5e,487708,application/pdf,2026-10-02T17:46:42Z,upstream,https://github.com/sakthipriyan/financial-data/raw/fa278a509a956062c41aae859b9818bcba95779a/src/sbi-fx-card-rates/2021/2021-01-19.pdf
sbi/forex-card-rates/2021/2021-01-20.pdf,9e9058cb4c0ea5d2aba1d53cdadfb3c0d39bb1a248885c56358c6d41de126892,572435,application/pdf,2026-10-02T17:46:42Z,upstream,https://github.com/sakthipriyan/financial-data/raw/fa278a509a956062c41aae859b9818bcba95779a/src/sbi-fx-card-rates/2021/2021-01-20.pdf
sbi/forex-card-rates/2021/2021-01-21.pdf,a658a8b2d3e23467a30a857ea611763eaecb9c2e38f52d88cc2fed181a4167db,572431,application/pdf,2026-10-02T17:46:42Z,upstream,https://github.com/sakthipriyan/financial-data/raw/fa278a509a956062c41aae859b9818bcba95779a/src/sbi-fx-card-rates/2021/2021-01-21.pdf
sbi/forex-card-rates/2021/2021-01-22.pdf,13dc449033ac5385b2adf2e6e041957404622e5283bff78bf1533e08d3fe0752,572437,application/pdf,2026-10-02T17:46:42Z,upstream,https://github.com/sakthipriyan/financial-data/raw/fa278a509a956062c41aae859b9818bcba95779a/src/sbi-fx-card-rates/2021/2021-01-22.pdf
sbi/forex-card-rates/2021/2021-01-25.pdf,dcc06c4dc0e21644061011a8c8aa5baecd80bcc013bf1b533a6505afadd7b2a8,572661,application/pdf,2026-10-02T17:46:42Z,upstream,https://github.com/sakthipriyan/financial-data/raw/fa278a509a956062c41aae859b9818bcba95779a/src/sbi-fx-card-rates/2021/2021-01-25.pdf
sbi/forex-card-rates/2021/2021-01-27.pdf,08015dd4279711074a0f48402cc96be1076f4b70b19bf152b5291cfa343d5f65,567137,application/pdf,2026-10-02T17:46:42Z,upstream,https://github.com/sakthipriyan/financial-data/raw/fa278a509a956062c41aae859b9818bcba95779a/src/sbi-fx-card-rates/2021/2021-01-27.pdf
sbi/forex-card-rates/2021/2021-01-28.pdf,6e93db87767f862e563d2b4977230813adecb6ab62603477267b007e7fa37336,572619,application/pdf,2026-10-02T17:46:42Z,upstream,https://github.com/sakthipriyan/financial-data/raw/fa278a509a956062c41aae859b9818bcba95779a/src/sbi-fx-card-rates/2021/2021-01-28.pdf
sbi/forex-card-rates/2021/2021-01-29.pdf,1bb2fd023f8b15e7774892a5ccbc8deb4f4956ccc3043beffb559b58e860e508,572637,application/pdf,2026-10-02T17:46:42Z,upstream,https://github.com/sakthipriyan/financial-data/raw/fa278a509a956062c41aae859b9818bcba95779a/src/sbi-fx-card-rates/2021/2021-01-29.pdf
sbi/forex-card-rates/2021/2021-01-30.pdf,3ef8e51af62263891e6ae1abce67036d60769de7c3cff99d588aa9e21a4a10dc,572314,application/pdf,2026-10-02T17:46:42Z,upstream,https://github.com/sakthipriyan/financial-data/raw/fa278a509a956062c41aae859b9818bcba95779a/src/sbi-fx-card-rates/2021/2021-01-30.pdf
sbi/forex-card-rates/2021/2021-02-01.pdf,189a0ef04b191a362934aa48b1d6284d646f4b41c6a945afa69e2611caefed79,572642,application/pdf,2026-10-02T17:46:42Z,upstream,https://github.com/sakthipriyan/financial-data/raw/fa278a509a956062c41aae859b9818bcba95779a/src/sbi-fx-card-rates/2021/2021-02-01.pdf
sbi/forex-card-rates/2021/2021-02-02.pdf,dcd8528e9db52dea0b983183f55fdc253c074167db14df3acefaa939585290c2,572368,application/pdf,2026-10-02T17:46:42Z,upstream,https://github.com/sakthipriyan/financial-data/raw/fa278a509a956062c41aae859b9818bcba95779a/src/sbi-fx-card-rates/2021/2021-02-02.pdf
sbi/forex-card-rates/2021/2021-02-03.pdf,ea5b1fd8e10db6f17dbaf496de160bb1f59dd93fc04cc746cced246b653f31c9,572642,application/pdf,2026-10-02T17:46:42Z,upstream,https://github.com/sakthipriyan/financial-data/raw/fa278a509a956062c41aae859b9818bcba95779a/src/sbi-fx-card-rates/2021/2021-02-03.pdf
sbi/forex-card-rates/2021/2021-02-04.pdf,26ae71fb106e0d53ba1d3f36f21613aaee836c08686c5f08e4ce579739189250,572585,application/pdf,2026-10-02T17:46:42Z,upstream,https://github.com/sakthipriyan/financial-data/raw/fa278a509a956062c41aae859b9818bcba95779a/src/sbi-fx-card-rates/2021/2021-02-04.pdf
sbi/forex-card-rates/2021/2021-02-05.pdf,7b11bc50ade1c21d1a9cef73e5140b8d60d5df64d0a444c1575923284f5ef6bc,572572,application/pdf,2026-10-02T17:46:42Z,upstream,https://github.com/sakthipriyan/financial-data/raw/fa278a509a956062c41aae859b9818bcba95779a/src/sbi-fx-card-rates/2021/2021-02-05.pdf
sbi/forex-card-rates/2021/2021-02-06.pdf,680ea1c93688010ed2d9867e0fccf8ab75095e6b7ff7db46dca50b94f44c7033,487464,application/pdf,2026-10-02T17:46:42Z,upstream,https://github.com/sakthipriyan/financial-data/raw/fa278a509a956062c41aae859b9818bcba95779a/src/sbi-fx-card-rates/2021/2021-02-06.pdf
sbi/forex-card-rates/2021/2021-02-10.pdf,7aec5dfe98be6732426f105e536b75404447f25701abed77338d872a4152d392,487717,application/pdf,2026-10-02T17:46:42Z,upstream,https://github.com/sakthipriyan/financial-data/raw/fa278a509a956062c41aae859b9818bcba95779a/src/sbi-fx-card-rates/2021/2021-02-10.pdf
sbi/forex-card-rates/2021/2021-02-17.pdf,b53b756e747071e485bf6f628abb766f48d1f18fa419598c54e0a196b0897d3b,488408,application/pdf,2026-10-02T17:46:42Z,upstream,https://github.com/sakthipriyan/financial-data/raw/fa278a509a956062c41aae859b9818bcba95779a/src/sbi-fx-card-rates/2021/2021-02-17.pdf
sbi/forex-card-rates/2021/2021-02-18.pdf,25207c1c15d22212b17e86fd778d1adf0c3915991f3d9ae6810b3fc7db283e1e,487542,application/pdf,2026-10-02T17:46:42Z,upstream,https://github.com/sakthipriyan/financial-data/raw/fa278a509a956062c41aae859b9818bcba95779a/src/sbi-fx-card-rates/2021/2021-02-18.pdf
sbi/forex-card-rates/2021/2021-02-22.pdf,774f581a2ea168b03f1291d2c4c276490aba20ae46ef6034838b696b743c83ee,488135,application/pdf,2026-10-02T17:46:42Z,upstream,https://github.com/sakthipriyan/financial-data/raw/fa278a509a956062c41aae859b9818bcba95779a/src/sbi-fx-card-rates/2021/2021-02-22.pdf
sbi/forex-card-rates/2021/2021-02-23.pdf,217fe6f9998f3d6c926acf7d2e324443b2b4035cd48779432f297342a8b1fb16,487726,application/pdf,2026-10-02T17:46:42Z,upstream,https://github.com/sakthipriyan/financial-data/raw/fa278a509a956062c41aae859b9818bcba95779a/src/sbi-fx-card-rates/2021/2021-02-23.pdf
sbi/forex-card-rates/2021/2021-02-24.pdf,71099bae8e9d5eff327cef6d5ab655a6785ef9097ace6fef5cc5dd529612e370,487711,application/pdf,2026-10-02T17:46:42Z,upstream,https://github.com/sakthipriyan/financial-data/raw/fa278a509a956062c41aae859b9818bcba95779a/src/sbi-fx-card-rates/2021/2021-02-24.pdf
sbi/forex-card-rates/2021/2021-02-25.pdf,2fde8e92184dec87a5e59593a8bee47678bde936c2db44d6b52ea32ed4a0baea,487453,application/pdf,2026-10-02T17:46:42Z,upstream,https://github.com/sakthipriyan/financial-data/raw/fa278a509a956062c41aae859b9818bcba95779a/src/sbi-fx-card-rates/2021/2021-02-25.pdf
sbi/forex-card-rates/2021/2021-02-26.pdf,6ab44de037ddd42415c73a185108a89adcd664b0b41863dd9eb5e6ecfaf9aa61,487732,application/pdf,2026-10-02T17:46:42Z,upstream,https://github.com/sakthipriyan/financial-data/raw/fa278a509a956062c41aae859b9818bcba95779a/src/sbi-fx-card-rates/2021/2021-02-26.pdf
sbi/forex-card-rates/2021/2021-03-01.pdf,f4de3eb40035447f32d9c7fc07df0f40c794cea9537935ba4c0366c938043c18,572645,application/pdf,2026-10-02T17:46:42Z,upstream,https://github.com/sakthipriyan/financial-data/raw/fa278a509a956062c41aae859b9818bcba95779a/src/sbi-fx-card-rates/2021/2021-03-01.pdf
sbi/forex-card-rates/2021/2021-03-02.pdf,e9945eea1e77d60a3f307912ea277a33b5598a6918a9ea6625507921a9632865,572647,application/pdf,2026-10-02T17:46:42Z,upstream,https://github.com/sakthipriyan/financial-data/raw/fa278a509a956062c41aae859b9818bcba95779a/src/sbi-fx-card-rates/2021/2021-03-02.pdf
sbi/forex-card-rates/2021/2021-03-03.pdf,6e2bef1cf4e16706af2a3395f1b838d7191b3a20c67da3fc397760d4caad2ab0,572645,application/pdf,2026-10-02T17:46:42Z,upstream,https://github.com/sakthipriyan/financial-data/raw/fa278a509a956062c41aae859b9818bcba95779a/src/sbi-fx-card-rates/2021/2021-03-03.pdf
sbi/forex-card-rates/2021/2021-03-04.pdf,d97634e4d4d5b9b7687786f12dfb324fe425c3afba542dcc5ca3cf34efdd1cee,572641,application/pdf,2026-10-02T17:46:42Z,upstream,https://github.com/sakthipriyan/financial-data/raw/fa278a509a956062c41aae859b9818bcba95779a/src/sbi-fx-card-rates/2021/2021-03-04.pdf
sbi/forex-card-rates/2021/2021-03-05.pdf,c6c9799b6ed0569d07b042d85d57e430c6015c76a3468c03d5b776527a019d04,572618,application/pdf,2026-10-02T17:46:42Z,upstream,https://github.com/sakthipriyan/financial-data/raw/fa278a509a956062c41aae859b9818bcba95779a/src/sbi-fx-card-rates/2021/2021-03-05.pdf
sbi/forex-card-rates/2021/2021-03-06.pdf,87661c76afc2ae3e3144723f0dc45282a9e501931230212c3d58864a88822b37,572324,application/pdf,2026-10-02T17:46:42Z,upstream,https://github.com/sakthipriyan/financial-data/raw/fa278a509a956062c41aae859b9818bcba95779a/src/sbi-fx-card-rates/2021/2021-03-06.pdf
sbi/forex-card-rates/2021/2021-03-08.pdf,011ebe1d035a077684ffa259f942cbab9bafaca19044d3637811ae5b6f7a7a8b,572914,application/pdf,2026-10-02T17:46:42Z,upstream,https://github.com/sakthipriyan/financial-data/raw/fa278a509a956062c41aae859b9818bcba95779a/src/sbi-fx-card-rates/2021/2021-03-08.pdf
sbi/forex-card-rates/2021/2021-03-09.pdf,23653e2d1f016afaa3ef17a4ac861b1f6249e45f5234cd98ab8d0061a5469c5e,572609,application/pdf,2026-10-02T17:46:42Z,upstream,https://github.com/sakthipriyan/financial-data/raw/fa278a509a956062c41aae859b9818bcba95779a/src/sbi-fx-card-rates/2021/2021-03-09.pdf
sbi/forex-card-rates/2021/2021-03-10.pdf,5340353473d71819cef4c40f58642063783a00697ced3a6fee33815dcb1ee07e,572929,application/pdf,2026-10-02T17:46:42Z,upstream,https://github.com/sakthipriyan/financial-data/raw/fa278a509a956062c41aae859b9818bcba95779a/src/sbi-fx-card-rates/2021/2021-03-10.pdf
sbi/forex-card-rates/2021/2021-03-12.pdf,f02fe8e5de6daa2b87aa8bbc9eb856cac224e74292e155b4c89a0f567bd34214,572656,application/pdf,2026-10-02T17:46:42Z,upstream,https://github.com/sakthipriyan/financial-data/raw/fa278a509a956062c41aae859b9818bcba95779a/src/sbi-fx-card-rates/2021/2021-03-12.pdf
sbi/forex-card-rates/2021/2021-03-15.pdf,26a1f04423afefca204634673cea7567dcf50dbc197f2bc641b96ac88588ce3b,572926,application/pdf,2026-10-02T17:46:42Z,upstream,https://github.com/sakthipriyan/financial-data/raw/fa278a509a956062c41aae859b9818bcba95779a/src/sbi-fx-card-rates/2021/2021-03-15.pdf
sbi/forex-card-rates/2021/2021-03-16.pdf,025868df569a64a554d4fe1dc3c06c3c3a5a387e8803a188327003dfbd3510f9,572703,application/pdf,2026-10-02T17:46:42Z,upstream,https://github.com/sakthipriyan/financial-data/raw/fa278a509a956062c41aae859b9818bcba95779a/src/sbi-fx-card-rates/2021/2021-03-16.pdf
sbi/forex-card-rates/2021/2021-03-17.pdf,df2f023fa28080ad19d1e2b922962fbd19cdc25d38b4b040eceb3bd7e415ba6f,572860,application/pdf,2026-10-02T17:46:42Z,upstream,https://github.com/sakthipriyan/financial-data/raw/fa278a509a956062c41aae859b9818bcba95779a/src/sbi-fx-card-rates/2021/2021-03-17.pdf
sbi/forex-card-rates/2021/2021-03-18.pdf,b490bf1a1c37f27d2142a8042c9fce426385b1cc1e85a816771a09b256283f81,572875,application/pdf,2026-10-02T17:46:42Z,upstream,https://github.com/sakthipriyan/financial-data/raw/fa278a509a956062c41aae859b9818bcba95779a/src/sbi-fx-card-rates/2021/2021-03-18.pdf
sbi/forex-card-rates/2021/2021-03-19.pdf,a767b3bc23423c20a0af5a544e3b88f19702f37511e7deb3bbfa8beef402fd64,572722,application/pdf,2026-10-02T17:46:42Z,upstream,https://github.com/sakthipriyan/financial-data/raw/fa278a509a956062c41aae859b9818bcba95779a/src/sbi-fx-card-rates/2021/2021-03-19.pdf
sbi/forex-card-rates/2021/2021-03-20.pdf,6d9d2ddb1362d758d9a5e322ba09a94c647f0e4f9d762e64069adb4a96c94255,572588,application/pdf,2026-10-02T17:46:42Z,upstream,https://github.com/sakthipriyan/financial-data/raw/fa278a509a956062c41aae859b9818bcba95779a/src/sbi-fx-card-rates/2021/2021-03-20.pdf
sbi/forex-card-rates/2021/2021-03-23.pdf,804626fa5b8587ce07d083fd899d297d4d8a72b2fc55fa1c161d21f6ebc0d680,572702,application/pdf,2026-10-02T17:46:42Z,upstream,https://github.com/sakthipriyan/financial-data/raw/fa278a509a956062c41aae859b9818bcba95779a/src/sbi-fx-card-rates/2021/2021-03-23.pdf
sbi/forex-card-rates/2021/2021-03-24.pdf,e71b39daa8d6bdd3f2a924f578050ef7954f09783158bdb54f01d305b5620c6a,573798,application/pdf,2026-10-02T17:46:42Z,upstream,https://github.com/sakthipriyan/financial-data/raw/fa278a509a956062c41aae859b9818bcba95779a/src/sbi-fx-card-rates/2021/2021-03-24.pdf
sbi/forex-card-rates/2021/2021-03-25.pdf,79a9df0b23435aa7cfa180fee51e3c306be200addad3e9a8f55790f1ac7abe68,573844,application/pdf,2026-10-02T17:46:42Z,upstream,https://github.com/sakthipriyan/financial-data/raw/fa278a509a956062c41aae859b9818bcba95779a/src/sbi-fx-card-rates/2021/2021-03-25.pdf
sbi/forex-card-rates/2021/2021-03-26.pdf,6daa79021b1ad5162660555b63fecb3d56ad9d31c8611c2640f9cb1a8b026348,573546,application/pdf,2026-10-02T17:46:42Z,upstream,https://github.com/sakthipriyan/financial-data/raw/fa278a509a956062c41aae859b9818bcba95779a/src/sbi-fx-card-rates/2021/2021-03-26.pdf
sbi/forex-card-rates/2021/2021-03-30.pdf,4d85a9e19a69cb48b0636bb255c2c6ea704e4da4ba5d8b5bf6c8ee4077786d3f,572603,application/pdf,2026-10-02T17:46:42Z,upstream,https://github.com/sakthipriyan/financial-data/raw/fa278a509a956062c41aae859b9818bcba95779a/src/sbi-fx-card-rates/2021/2021-03-30.pdf
sbi/forex-card-rates/2021/2021-03-31.pdf,2021e95a51f20299557df4f08df1b56827161438cec83a0293b2ce3de94cee94,572611,application/pdf,2026-10-02T17:46:42Z,upstream,https://github.com/sakthipriyan/financial-data/raw/fa278a509a956062c41aae859b9818bcba95779a/src/sbi-fx-card-rates/2021/2021-03-31.pdf
sbi/forex-card-rates/2021/2021-04-03.pdf,84f28aeb620fd53d9a289fd5da8e6981965f95bb241c2686b6815722bc4e7508,572555,application/pdf,2026-10-02T17:46:42Z,upstream,https://github.com/sakthipriyan/financial-data/raw/fa278a509a956062c41aae859b9818bcba95779a/src/sbi-fx-card-rates/2021/2021-04-03.pdf
sbi/forex-card-rates/2021/2021-04-07.pdf,2eec2e0ffa6e01f246152102e70303e1e55eef1324ca88a988b6882743741f44,572296,application/pdf,2026-10-02T17:46:42Z,upstream,https://github.com/sakthipriyan/financial-data/raw/fa278a509a956062c41aae859b9818bcba95779a/src/sbi-fx-card-rates/2021/2021-04-07.pdf
sbi/forex-card-rates/2021/2021-04-08.pdf,90f4b0a883b40c37d6ebfdd6c90419852099c06fc0ae3466d32c9b0398362f22,572535,application/pdf,2026-10-02T17:46:42Z,upstream,https://github.com/sakthipriyan/financial-data/raw/fa278a509a956062c41aae859b9818bcba95779a/src/sbi-fx-card-rates/2021/2021-04-08.pdf
sbi/forex-card-rates/2021/2021-04-09.pdf,1f39a2d4b8689c4a3ad934b58b73d76c85548799fbc74b544765fb2427fb8ae2,572396,application/pdf,2026-10-02T17:46:42Z,upstream,https://github.com/sakthipriyan/financial-data/raw/fa278a509a956062c41aae859b9818bcba95779a/src/sbi-fx-card-rates/2021/2021-04-09.pdf
sbi/forex-card-rates/2021/2021-04-12.pdf,832ceb8cdcc2f1fca9fe0f8dc00237349b10d19fda5b63d811381728857ceee9,572673,application/pdf,2026-10-02T17:46:42Z,upstream,https://github.com/sakthipriyan/financial-data/raw/fa278a509a956062c41aae859b9818bcba95779a/src/sbi-fx-card-rates/2021/2021-04-12.pdf
sbi/forex-card-rates/2021/2021-04-15.pdf,7f5bd639a6feedb7adfb0721efd19bbf9dc51196750d2b05b78d6d1e19a11e06,572420,application/pdf,2026-10-02T17:46:42Z,upstream,https://github.com/sakthipriyan/financial-data/raw/fa278a509a956062c41aae859b9818bcba95779a/src/sbi-fx-card-rates/2021/2021-04-15.pdf
sbi/forex-card-rates/2021/2021-04-16.pdf,4f3a49fed9212fc3c31ce2fecc62dfd21effdad6f3cbe5a07618c1bf18eba211,254198,application/pdf,2026-10-02T17:46:42Z,upstream,https://github.com/sakthipriyan/financial-data/raw/fa278a509a956062c41aae859b9818bcba95779a/src/sbi-fx-card-rates/2021/2021-04-16.pdf
sbi/forex-card-rates/2021/2021-04-17.pdf,a42b5a50146d991a31e6f7c1e3586d20b562d7b2c2ee053c01a92926f07d3cef,572334,application/pdf,2026-10-02T17:46:42Z,upstream,https://github.com/sakthipriyan/financial-data/raw/fa278a509a956062c41aae859b9818bcba95779a/src/sbi-fx-card-rates/2021/2021-04-17.pdf
sbi/forex-card-rates/2021/2021-04-19.pdf,d071ea598b029b32b493773dbd9b982805c8a53f29b3df30cbcf90b51d356c40,254204,application/pdf,2026-10-02T17:46:42Z,upstream,https://github.com/sakthipriyan/financial-data/raw/fa278a509a956062c41aae859b9818bcba95779a/src/sbi-fx-card-rates/2021/2021-04-19.pdf
sbi/forex-card-rates/2021/2021-04-20.pdf,627a1bff0c3f41b5373ad3c834c7abe1bbbc8209576c2bdcffc7dd1b80c0adbd,254195,application/pdf,2026-10-02T17:46:42Z,upstream,https://github.com/sakthipriyan/financial-data/raw/fa278a509a956062c41aae859b9818bcba95779a/src/sbi-fx-card-rates/2021/2021-04-20.pdf
sbi/forex-card-rates/2021/2021-04-22.pdf,20da27fa490d49d7d6664170f5b8d40530f9d023268cbe813795f4226227eb9b,572948,application/pdf,2026-10-02T17:46:42Z,upstream,https://github.com/sakthipriyan/financial-data/raw/fa278a509a956062c41aae859b9818bcba95779a/src/sbi-fx-card-rates/2021/2021-04-22.pdf
sbi/forex-card-rates/2021/2021-04-23.pdf,7ee5fc7eb2a39c1be8e7336c9cf0590ecba5c392a550038dc1627cad9efc3148,572705,application/pdf,2026-10-02T17:46:42Z,upstream,https://github.com/sakthipriyan/financial-data/raw/fa278a509a956062c41aae859b9818bcba95779a/src/sbi-fx-card-rates/2021/2021-04-23.pdf
sbi/forex-card-rates/2021/2021-04-26.pdf,45ef29969faa6593af2ed3b076cd3b572e8ecc2842343a6aeb0a1df30f5b939b,572659,application/pdf,2026-10-02T17:46:42Z,upstream,https://github.com/sakthipriyan/financial-data/raw/fa278a509a956062c41aae859b9818bcba95779a/src/sbi-fx-card-rates/2021/2021-04-26.pdf
sbi/forex-card-rates/2021/2021-04-27.pdf,77401da8f90fcf62a52a641f0cf998f1c9e037cf803bf795d9c176d3159243d2,254191,application/pdf,2026-10-02T17:46:42Z,upstream,https://github.com/sakthipriyan/financial-data/raw/fa278a509a956062c41aae859b9818bcba95779a/src/sbi-fx-card-rates/2021/2021-04-27.pdf
sbi/forex-card-rates/2021/2021-04-28.pdf,e15037c354bf084110e33a5bffc3b54f8e703b74b1dfdbbba4774cabfab2b84d,572665,application/pdf,2026-10-02T17:46:42Z,upstream,https://github.com/sakthipriyan/financial-data/raw/fa278a509a956062c41aae859b9818bcba95779a/src/sbi-fx-card-rates/2021/2021-04-28.pdf
sbi/forex-card-rates/2021/2021-04-29.pdf,c85bf465d9ca01770ad008907d8b17528dd109c14f2cf96035a936b84cead76a,559681,application/pdf,2026-10-02T17:46:42Z,upstream,https://github.com/sakthipriyan/financial-data/raw/fa278a509a956062c41aae859b9818bcba95779a/src/sbi-fx-card-rates/2021/2021-04-29.pdf
sbi/forex-card-rates/2021/2021-04-30.pdf,bd56f34419f0385c3ed9eadd28047542054257052d62ad1f9d5cd46356d86d32,559691,application/pdf,2026-10-02T17:46:42Z,upstream,https://github.com/sakthipriyan/financial-data/raw/fa278a509a956062c41aae859b9818bcba95779a/src/sbi-fx-card-rates/2021/2021-04-30.pdf
sbi/forex-card-rates/2021/2021-05-03.pdf,6a07a214a48bd1868086955d7d9798b0ba2d2a4c9400d5f18061186aafd9e40c,254813,application/pdf,2026-10-02T17:46:42Z,upstream,https://github.com/sakthipriyan/financial-data/raw/fa278a509a956062c41aae859b9818bcba95779a/src/sbi-fx-card-rates/2021/2021-05-03.pdf
sbi/forex-card-rates/2021/2021-05-04.pdf,d78a8cf8ad09efab5706af450501869620b86bc50bd49b7500b4163a299cb7d4,254800,application/pdf,2026-10-02T17:46:42Z,upstream,https://github.com/sakthipriyan/financial-data/raw/fa278a509a956062c41aae859b9818bcba95779a/src/sbi-fx-card-rates/2021/2021-05-04.pdf
sbi/forex-card-rates/2021/2021-05-05.pdf,455fd9bf7d2186433ab894fe998b2893b8d44701ad359853da4544208e752942,254791,application/pdf,2026-10-02T17:46:42Z,upstream,https://github.com/sakthipriyan/financial-data/raw/fa278a509a956062c41aae859b9818bcba95779a/src/sbi-fx-card-rates/2021/2021-05-05.pdf
sbi/forex-card-rates/2021/2021-05-07.pdf,a4b896ab5996dce38f8afda62fbf3f0f9c865b9ce26a3c18c29b760254f30943,572591,application/pdf,2026-10-02T17:46:42Z,upstream,https://github.com/sakthipriyan/financial-data/raw/fa278a509a956062c41aae859b9818bcba95779a/src/sbi-fx-card-rates/2021/2021-05-07.pdf
sbi/forex-card-rates/2021/2021-05-10.pdf,334685244b8b9f303f4bf937c59b7776df923517cc85414746c1a0866efbc255,572651,application/pdf,2026-10-02T17:46:42Z,upstream,https://github.com/sakthipriyan/financial-data/raw/fa278a509a956062c41aae859b9818bcba95779a/src/sbi-fx-card-rates/2021/2021-05-10.pdf
sbi/forex-card-rates/2021/2021-05-11.pdf,470601eb32654e434cedc628e68e4bd06716546f1882b76604b9a96dc28c7983,572947,application/pdf,2026-10-02T17:46:42Z,upstream,https://github.com/sakthipriyan/financial-data/raw/fa278a509a956062c41aae859b9818bcba95779a/src/sbi-fx-card-rates/2021/2021-05-11.pdf
sbi/forex-card-rates/2021/2021-05-12.pdf,6fb49e8412b46a8a98b50cd9f0d0e551ed1ed02551b191fd651e5352aa0b28b6,254186,application/pdf,2026-10-02T17:46:42Z,upstream,https://github.com/sakthipriyan/financial-data/raw/fa278a509a956062c41aae859b9818bcba95779a/src/sbi-fx-card-rates/2021/2021-05-12.pdf
sbi/forex-card-rates/2021/2021-05-14.pdf,862829e46c86b39e0f1844b1295da88597854ebdf2b4c9c8d1abb3540120c920,560554,application/pdf,2026-10-02T17:46:42Z,upstream,https://github.com/sakthipriyan/financial-data/raw/fa278a509a956062c41aae859b9818bcba95779a/src/sbi-fx-card-rates/2021/2021-05-14.pdf
sbi/forex-card-rates/2021/2021-05-15.pdf,d33cd3c38bbcff8d87c917e7e9036356798cdfdf8666c879c13f41ae17e2cd66,572663,application/pdf,2026-10-02T17:46:42Z,upstream,https://github.com/sakthipriyan/financial-data/raw/fa278a509a956062c41aae859b9818bcba95779a/src/sbi-fx-card-rates/2021/2021-05-15.pdf
sbi/forex-card-rates/2021/2021-05-17.pdf,6a3613bc9aa3b5596952cab6b6404b4577692e8c17ea353b1181ffe5741e4a8a,572313,application/pdf,2026-10-02T17:46:42Z,upstream,https://github.com/sakthipriyan/financial-data/raw/fa278a509a956062c41aae859b9818bcba95779a/src/sbi-fx-card-rates/2021/2021-05-17.pdf
sbi/forex-card-rates/2021/2021-05-18.pdf,0aa316655d483e8e9fc969b1650f5d869134cb8de99903496b7fb2f5b61efbb6,572333,application/pdf,2026-10-02T17:46:42Z,upstream,https://github.com/sakthipriyan/financial-data/raw/fa278a509a956062c41aae859b9818bcba95779a/src/sbi-fx-card-rates/2021/2021-05-18.pdf
sbi/forex-card-rates/2021/2021-05-20.pdf,4875ec0c6a337ec5701657296b99c496d18e10faa5fcb6e68fc0df84602eec61,572437,application/pdf,2026-10-02T17:46:42Z,upstream,https://github.com/sakthipriyan/financial-data/raw/fa278a509a956062c41aae859b9818bcba95779a/src/sbi-fx-card-rates/2021/2021-05-20.pdf
sbi/forex-card-rates/2021/2021-05-21.pdf,28dfe3035619e4126e047f543409f466465a86ef15d9cd53814c7781ef2ba4a6,573850,application/pdf,2026-10-02T17:46:42Z,upstream,https://github.com/sakthipriyan/financial-data/raw/fa278a509a956062c41aae859b9818bcba95779a/src/sbi-fx-card-rates/2021/2021-05-21.pdf
sbi/forex-card-rates/2021/2021-05-24.pdf,c90acbb6c91288ae92567de8ac71855fb2dd1ec46af82d92075922cd8d39dfbb,560502,application/pdf,2026-10-02T17:46:42Z,upstream,https://github.com/sakthipriyan/financial-data/raw/fa278a509a956062c41aae859b9818bcba95779a/src/sbi-fx-card-rates/2021/2021-05-24.pdf
sbi/forex-card-rates/2021/2021-05-25.pdf,ac17a86d8ec32352662bd065274a9bf1288ed719e381325d6c5135d348ceb4e2,559669,application/pdf,2026-10-02T17:46:42Z,upstream,https://github.com/sakthipriyan/financial-data/raw/fa278a509a956062c41aae859b9818bcba95779a/src/sbi-fx-card-rates/2021/2021-05-25.pdf
sbi/forex-card-rates/2021/2021-05-27.pdf,f9eb3fe1071469e623aced6401f7cdf6c1b06ee15855860f143e92df775bd581,253827,application/pdf,2026-10-02T17:46:42Z,upstream,https://github.com/sakthipriyan/financial-data/raw/fa278a509a956062c41aae859b9818bcba95779a/src/sbi-fx-card-rates/2021/2021-05-27.pdf
sbi/forex-card-rates/2021/2021-05-28.pdf,6c7cc92b210aefa331a37d453b63f0f6fb3c5c747af885454cf0c0e1be6d6a09,573844,application/pdf,2026-10-02T17:46:42Z,upstream,https://github.com/sakthipriyan/financial-data/raw/fa278a509a956062c41aae859b9818bcba95779a/src/sbi-fx-card-rates/2021/2021-05-28.pdf
sbi/forex-card-rates/2021/2021-05-29.pdf,2885b95439f73f08f81ccff3ba53f723b51488192ee9899ce038ffbcae79d8de,572362,application/pdf,2026-10-02T17:46:42Z,upstream,https://github.com/sakthipriyan/financial-data/raw/fa278a509a956062c41aae859b9818bcba95779a/src/sbi-fx-card-rates/2021/2021-05-29.pdf
sbi/forex-card-rates/2021/2021-05-31.pdf,39078e37bcfc8efeaa06c28e329525f7b32fbb5e8606984d1738f7aa8fd841dd,572664,application/pdf,2026-10-02T17:46:42Z,upstream,https://github.com/sakthipriyan/financial-data/raw/fa278a509a956062c41aae859b9818bcba95779a/src/sbi-fx-card-rates/2021/2021-05-31.pdf
sbi/forex-card-rates/2021/2021-06-02.pdf,0d2b9e049cca2d0c0e7a552ca63a6a9bba0e681db67ae775323cb4769e678001,572685,application/pdf,2026-10-02T17:46:42Z,upstream,https://github.com/sakthipriyan/financial-data/raw/fa278a509a956062c41aae859b9818bcba95779a/src/sbi-fx-card-rates/2021/2021-06-02.pdf
sbi/forex-card-rates/2021/2021-06-03.pdf,0ba57488d4afec0a16039261d69eefae2c95e8c8f263a35bbfe7e681c86b35dc,572665,application/pdf,2026-10-02T17:46:42Z,upstream,https://github.com/sakthipriyan/financial-data/raw/fa278a509a956062c41aae859b9818bcba95779a/src/sbi-fx-card-rates/2021/2021-06-03.pdf
sbi/forex-card-rates/2021/2021-06-04.pdf,f6b98e13003ad84058cf2953d0d14b065e7fbb00fc43cee2922d5501ecb7ca48,572784,application/pdf,2026-10-02T17:46:42Z,upstream,https://github.com/sakthipriyan/financial-data/raw/fa278a509a956062c41aae859b9818bcba95779a/src/sbi-fx-card-rates/2021/2021-06-04.pdf
sbi/forex-card-rates/2021/2021-06-05.pdf,c82097a1cf54c2a252a33ea2b6d289c6858701d72b09c2f54ed43a5ba448c040,572285,application/pdf,2026-10-02T17:46:42Z,upstream,https://github.com/sakthipriyan/financial-data/raw/fa278a509a956062c41aae859b9818bcba95779a/src/sbi-fx-card-rates/2021/2021-06-05.pdf
sbi/forex-card-rates/2021/2021-06-07.pdf,2247fec16901479de3ef4ea3e271e5ef3f4f83438b3871c074ab1d6b774e41d2,572914,application/pdf,2026-10-02T17:46:42Z,upstream,https://github.com/sakthipriyan/financial-data/raw/fa278a509a956062c41aae859b9818bcba95779a/src/sbi-fx-card-rates/2021/2021-06-07.pdf
sbi/forex-card-rates/2021/2021-06-08.pdf,675579ff25f751b633587fcc6c3c961fdeab9bf03637b4292f1b90e75302b7aa,572766,application/pdf,2026-10-02T17:46:42Z,upstream,https://github.com/sakthipriyan/financial-data/raw/fa278a509a956062c41aae859b9818bcba95779a/src/sbi-fx-card-rates/2021/2021-06-08.pdf
sbi/forex-card-rates/2021/2021-06-10.pdf,97f01a3be984d6a8f01a502a2449a35d2d3bebd8e62da348be8cc427c01d1840,572829,application/pdf,2026-10-02T17:46:42Z,upstream,https://github.com/sakthipriyan/financial-data/raw/fa278a509a956062c41aae859b9818bcba95779a/src/sbi-fx-card-rates/2021/2021-06-10.pdf
sbi/forex-card-rates/2021/2021-06-11.pdf,6ef569b32ad9f280509b44f418a0613dd7e3e1ffaf3244c6d38e7c30379373ce,572483,application/pdf,2026-10-02T17:46:42Z,upstream,https://github.com/sakthipriyan/financial-data/raw/fa278a509a956062c41aae859b9818bcba95779a/src/sbi-fx-card-rates/2021/2021-06-11.pdf
sbi/forex-card-rates/2021/2021-06-14.pdf,147bb55037b633c63f11dc39dfb79ef38fc92508f4cf82c325a9cb59798041fd,572938,application/pdf,2026-10-02T17:46:42Z,upstream,https://github.com/sakthipriyan/financial-data/raw/fa278a509a956062c41aae859b9818bcba95779a/src/sbi-fx-card-rates/2021/2021-06-14.pdf
sbi/forex-card-rates/2021/2021-06-15.pdf,b6a971454e26e87740c60912e0ee309fbad04137447c024d780ac703d23966a6,572438,application/pdf,2026-10-02T17:46:42Z,upstream,https://github.com/sakthipriyan/financial-data/raw/fa278a509a956062c41aae859b9818bcba95779a/src/sbi-fx-card-rates/2021/2021-06-15.pdf
sbi/forex-card-rates/2021/2021-06-17.pdf,82abd71b7e56ec0b042c7621a2d116e8bc00fa490b4abb06bc8d6c2ac5d4912b,572687,application/pdf,2026-10-02T17:46:42Z,upstream,https://github.com/sakthipriyan/financial-data/raw/fa278a509a956062c41aae859b9818bcba95779a/src/sbi-fx-card-rates/2021/2021-06-17.pdf
sbi/forex-card-rates/2021/2021-06-21.pdf,e92a6f1d2f675c01bef8c70f549500c9588bb751f0a782160dd92b93ad0dc859,572681,application/pdf,2026-10-02T17:46:42Z,upstream,https://github.com/sakthipriyan/financial-data/raw/fa278a509a956062c41aae859b9818bcba95779a/src/sbi-fx-card-rates/2021/2021-06-21.pdf
sbi/forex-card-rates/2021/2021-06-22.pdf,9f04f2973aba93129820835b08bbb7d24ae4ae2024b62442c4f6932950b6b6a9,572804,application/pdf,2026-10-02T17:46:42Z,upstream,https://github.com/sakthipriyan/financial-data/raw/fa278a509a956062c41aae859b9818bcba95779a/src/sbi-fx-card-rates/2021/2021-06-22.pdf
sbi/forex-card-rates/2021/2021-06-23.pdf,c1da571c6c23127249fc705de9ccbeb8b051c86020d2ea6a3d52a8cf0683b238,573005,application/pdf,2026-10-02T17:46:42Z,upstream,https://github.com/sakthipriyan/financial-data/raw/fa278a509a956062c41aae859b9818bcba95779a/src/sbi-fx-card-rates/2021/2021-06-23.pdf
sbi/forex-card-rates/2021/2021-06-24.pdf,4167b49692c04b6ee7d25360a875c85205b34df67ba09694c2315a1497766864,572942,application/pdf,2026-10-02T17:46:42Z,upstream,https://github.com/sakthipriyan/financial-data/raw/fa278a509a956062c41aae859b9818bcba95779a/src/sbi-fx-card-rates/2021/2021-06-24.pdf
sbi/forex-card-rates/2021/2021-06-25.pdf,a5c02c5d2ed774d986d4a3973448e2adcca73de80fc19a9f3d32bcfd41a2f8ad,487764,application/pdf,2026-10-02T17:46:42Z,upstream,https://github.com/sakthipriyan/financial-data/raw/fa278a509a956062c41aae859b9818bcba95779a/src/sbi-fx-card-rates/2021/2021-06-25.pdf
sbi/forex-card-rates/2021/2021-06-28.pdf,10fb28c683a0a204031f8d03046e5ff185074e276e9f124e20d94e7e18d1c972,572834,application/pdf,2026-10-02T17:46:42Z,upstream,https://github.com/sakthipriyan/financial-data/raw/fa278a509a956062c41aae859b9818bcba95779a/src/sbi-fx-card-rates/2021/2021-06-28.pdf
sbi/forex-card-rates/2021/2021-06-29.pdf,1dd4f95f62a445237f51bea9860574fb498902be84a58d8dc8f91ffa055fa725,572827,application/pdf,2026-10-02T17:46:42Z,upstream,https://github.com/sakthipriyan/financial-data/raw/fa278a509a956062c41aae859b9818bcba95779a/src/sbi-fx-card-rates/2021/2021-06-29.pdf
sbi/forex-card-rates/2021/2021-06-30.pdf,8a448b2138f659180c38fd598e8be6185e0cb45e4263064d81434cdf5c875d1e,572726,application/pdf,2026-10-02T17:46:42Z,upstream,https://github.com/sakthipriyan/financial-data/raw/fa278a509a956062c41aae859b9818bcba95779a/src/sbi-fx-card-rates/2021/2021-06-30.pdf
sbi/forex-card-rates/2021/2021-07-01.pdf,47f1664df0da09100942415fb3cf8745c235ba7c85755cfee37f4050a1176b07,572692,application/pdf,2026-10-02T17:46:42Z,upstream,https://github.com/sakthipriyan/financial-data/raw/fa278a509a956062c41aae859b9818bcba95779a/src/sbi-fx-card-rates/2021/2021-07-01.pdf
sbi/forex-card-rates/2021/2021-07-02.pdf,0f3e272bdc5633e11b9255b297a6d9ae16d439b906bfc01e9864fde9f0079065,572838,application/pdf,2026-10-02T17:46:42Z,upstream,https://github.com/sakthipriyan/financial-data/raw/fa278a509a956062c41aae859b9818bcba95779a/src/sbi-fx-card-rates/2021/2021-07-02.pdf
sbi/forex-card-rates/2021/2021-07-05.pdf,d0bd25f8830bbab21f02b74c9de4d507b747b998808bacfd52df90795782dd8a,572719,application/pdf,2026-10-02T17:46:42Z,upstream,https://github.com/sakthipriyan/financial-data/raw/fa278a509a956062c41aae859b9818bcba95779a/src/sbi-fx-card-rates/2021/2021-07-05.pdf
sbi/forex-card-rates/2021/2021-07-06.pdf,b043a9b4c89160a886e325cf0a7d72eee486f70b539f41aba07c788211800d27,572944,application/pdf,2026-10-02T17:46:42Z,upstream,https://github.com/sakthipriyan/financial-data/raw/fa278a509a956062c41aae859b9818bcba95779a/src/sbi-fx-card-rates/2021/2021-07-06.pdf
sbi/forex-card-rates/2021/2021-07-08.pdf,92b9f8dfde1900cc0bf54c556f6f47241a14aada5f6d9d68aca8fad2921429ba,572732,application/pdf,2026-10-02T17:46:42Z,upstream,https://github.com/sakthipriyan/financial-data/raw/fa278a509a956062c41aae859b9818bcba95779a/src/sbi-fx-card-rates/2021/2021-07-08.pdf
sbi/forex-card-rates/2021/2021-07-12.pdf,8db595d08127a8f93ed8937fd08f1e826add9ccb1d61ce7a438b8d2b55090b6e,572662,application/pdf,2026-10-02T17:46:42Z,upstream,https://github.com/sakthipriyan/financial-data/raw/fa278a509a956062c41aae859b9818bcba95779a/src/sbi-fx-card-rates/2021/2021-07-12.pdf
sbi/forex-card-rates/2021/2021-07-14.pdf,093863312e011d69feffa3e31f0c66c6ec021a3c7cf98b7d228d0b00814ed709,572424,application/pdf,2026-10-02T17:46:42Z,upstream,https://github.com/sakthipriyan/financial-data/raw/fa278a509a956062c41aae859b9818bcba95779a/src/sbi-fx-card-rates/2021/2021-07-14.pdf
sbi/forex-card-rates/2021/2021-07-15.pdf,54b4e7b64ddca5cb48ddd4e90bc7dfab3e1f0d347714f2b1f1509535ff77a681,572740,application/pdf,2026-10-02T17:46:42Z,upstream,https://github.com/sakthipriyan/financial-data/raw/fa278a509a956062c41aae859b9818bcba95779a/src/sbi-fx-card-rates/2021/2021-07-15.pdf
sbi/forex-card-rates/2021/2021-07-17.pdf,aab9e2da2cec1cb24fe5075c6d24ca0b5606a345c74191b14404d950a3340216,572468,application/pdf,2026-10-02T17:46:42Z,upstream,https://github.com/sakthipriyan/financial-data/raw/fa278a509a956062c41aae859b9818bcba95779a/src/sbi-fx-card-rates/2021/2021-07-17.pdf
sbi/forex-card-rates/2021/2021-07-19.pdf,528cca7ce2755c6f7f0e3c20af6db274101b579f72b1c7cf753d60a4d5293fd6,572649,application/pdf,2026-10-02T17:46:42Z,upstream,https://github.com/sakthipriyan/financial-data/raw/fa278a509a956062c41aae859b9818bcba95779a/src/sbi-fx-card-rates/2021/2021-07-19.pdf
sbi/forex-card-rates/2021/2021-07-20.pdf,b2135ad86204fd822fd66697bc2e53ae4982584e9466329514063b1880d0924a,572999,application/pdf,2026-10-02T17:46:42Z,upstream,https://github.com/sakthipriyan/financial-data/raw/fa278a509a956062c41aae859b9818bcba95779a/src/sbi-fx-card-rates/2021/2021-07-20.pdf
sbi/forex-card-rates/2021/2021-07-22.pdf,c6d84f0aa7b9362f2637f697cba63551a3a8a9881d8cc2306eebbe47a2737c70,572888,application/pdf,2026-10-02T17:46:42Z,upstream,https://github.com/sakthipriyan/financial-data/raw/fa278a509a956062c41aae859b9818bcba95779a/src/sbi-fx-card-rates/2021/2021-07-22.pdf
sbi/forex-card-rates/2021/2021-07-23.pdf,1e72c74196ac8014eb1012c4573975747d768b34697a6a368aef41851e50e08a,572173,application/pdf,2026-10-02T17:46:42Z,upstream,https://github.com/sakthipriyan/financial-data/raw/fa278a509a956062c41aae859b9818bcba95779a/src/sbi-fx-card-rates/2021/2021-07-23.pdf
sbi/forex-card-rates/2021/2021-07-26.pdf,c616689648a72878206e23bf1467e52d91f37a96015e23e322be825abc57be56,572186,application/pdf,2026-10-02T17:46:42Z,upstream,https://github.com/sakthipriyan/financial-data/raw/fa278a509a956062c41aae859b9818bcba95779a/src/sbi-fx-card-rates/2021/2021-07-26.pdf
sbi/forex-card-rates/2021/2021-08-18.pdf,a1476e4855a0ae5acf611b887806db7566b98b3ec5a62e43395becbc77eca2bf,489624,application/pdf,2026-10-02T17:46:42Z,upstream,https://github.com/sakthipriyan/financial-data/raw/fa278a509a956062c41aae859b9818bcba95779a/src/sbi-fx-card-rates/2021/2021-08-18.pdf
sbi/forex-card-rates/2021/2021-08-20.pdf,c17551e829aa8e9e6d55ffe78451aae1c0c9038328d79500b1f1fcc981392fa1,488844,application/pdf,2026-10-02T17:46:42Z,upstream,https://github.com/sakthipriyan/financial-data/raw/fa278a509a956062c41aae859b9818bcba95779a/src/sbi-fx-card-rates/2021/2021-08-20.pdf
sbi/forex-card-rates/2021/2021-08-23.pdf,b8602fe73b3790f14b43205669e5f26de568ce80e5d22747b3fd91869069ae1a,572964,application/pdf,2026-10-02T17:46:42Z,upstream,https://github.com/sakthipriyan/financial-data/raw/fa278a509a956062c41aae859b9818bcba95779a/src/sbi-fx-card-rates/2021/2021-08-23.pdf
sbi/forex-card-rates/2021/2021-08-24.pdf,d083d52cd988ab2afc36b80f11b13256974c1d5191d4c616047e73884660bf61,572994,application/pdf,2026-10-02T17:46:42Z,upstream,https://github.com/sakthipriyan/financial-data/raw/fa278a509a956062c41aae859b9818bcba95779a/src/sbi-fx-card-rates/2021/2021-08-24.pdf
sbi/forex-card-rates/2021/2021-08-25.pdf,60627352bd1a73dabf0e81da9df9b0430452686c8682857b5d044b728cbeee12,572990,application/pdf,2026-10-02T17:46:42Z,upstream,https://github.com/sakthipriyan/financial-data/raw/fa278a509a956062c41aae859b9818bcba95779a/src/sbi-fx-card-rates/2021/2021-08-25.pdf
sbi/forex-card-rates/2021/2021-08-26.pdf,74128e2a15235118fa2d8f4a021956776db843d752054b70a36d63e6f9e612fa,572975,application/pdf,2026-10-02T17:46:42Z,upstream,https://github.com/sakthipriyan/financial-data/raw/fa278a509a956062c41aae859b9818bcba95779a/src/sbi-fx-card-rates/2021/2021-08-26.pdf
sbi/forex-card-rates/2021/2021-08-27.pdf,a6e41350e1b0eff9c5aaae6bfaeed6c15a59f36fbe51ec04769899d0fcb0c5f1,572946,application/pdf,2026-10-02T17:46:42Z,upstream,https://github.com/sakthipriyan/financial-data/raw/fa278a509a956062c41aae859b9818bcba95779a/src/sbi-fx-card-rates/2021/2021-08-27.pdf
sbi/forex-card-rates/2021/2021-08-31.pdf,7372c8f7bee9763e1b13cc68134e12da1155219263798735835c9544b67ac73e,572754,application/pdf,2026-10-02T17:46:42Z,upstream,https://github.com/sakthipriyan/financial-data/raw/fa278a509a956062c41aae859b9818bcba95779a/src/sbi-fx-card-rates/2021/2021-08-31.pdf
sbi/forex-card-rates/2021/2021-09-02.pdf,3c73eed0bc102ab7d089d6b36a47476eaa9870427e01f1bea7c173d7d36f511c,572809,application/pdf,2026-10-02T17:46:42Z,upstream,https://github.com/sakthipriyan/financial-data/raw/fa278a509a956062c41aae859b9818bcba95779a/src/sbi-fx-card-rates/2021/2021-09-02.pdf
sbi/forex-card-rates/2021/2021-09-03.pdf,3000bdae6d6c9713c6249379344108510fe901dc1ac9d0ce59539f66c1086aaa,572977,application/pdf,2026-10-02T17:46:42Z,upstream,https://github.com/sakthipriyan/financial-data/raw/fa278a509a956062c41aae859b9818bcba95779a/src/sbi-fx-card-rates/2021/2021-09-03.pdf
sbi/forex-card-rates/2021/2021-09-09.pdf,31beac749c1c177be0a60069c6da7af819679c456cc3aae2db247ce1ad99b331,572687,application/pdf,2026-10-02T17:46:42Z,upstream,https://github.com/sakthipriyan/financial-data/raw/fa278a509a956062c41aae859b9818bcba95779a/src/sbi-fx-card-rates/2021/2021-09-09.pdf
sbi/forex-card-rates/2021/2021-09-13.pdf,b75fe1b45ff85d74b0713a51698ee9c7225634195a7cd407f875058cec6db3ec,572519,application/pdf,2026-10-02T17:46:42Z,upstream,https://github.com/sakthipriyan/financial-data/raw/fa278a509a956062c41aae859b9818bcba95779a/src/sbi-fx-card-rates/2021/2021-09-13.pdf
sbi/forex-card-rates/2021/2021-09-17.pdf,5102224e603eea745c6b326df423c0726c1519ba827f079be8fa8dea93ad0dd7,573841,application/pdf,2026-10-02T17:46:42Z,upstream,https://github.com/sakthipriyan/financial-data/raw/fa278a509a956062c41aae859b9818bcba95779a/src/sbi-fx-card-rates/2021/2021-09-17.pdf
sbi/forex-card-rates/2021/2021-09-20.pdf,08dbfa28609e1e6fb893f615aa96cb8b6fda49675ea37e3f6050e47b5dc2bbd2,572428,application/pdf,2026-10-02T17:46:42Z,upstream,https://github.com/sakthipriyan/financial-data/raw/fa278a509a956062c41aae859b9818bcba95779a/src/sbi-fx-card-rates/2021/2021-09-20.pdf
sbi/forex-card-rates/2021/2021-09-21.pdf,75e8fef591ce441d99bc05d040efc09f9bac865d9b4938aef407989a5ddaffc3,573819,application/pdf,2026-10-02T17:46:42Z,upstream,https://github.com/sakthipriyan/financial-data/raw/fa278a509a956062c41aae859b9818bcba95779a/src/sbi-fx-card-rates/2021/2021-09-21.pdf
sbi/forex-card-rates/2021/2021-09-22.pdf,39407266338392f5b967ed8fa85139690b68d3a4ba396f26a7d9ed8aec8de450,572944,application/pdf,2026-10-02T17:46:42Z,upstream,https://github.com/sakthipriyan/financial-data/raw/fa278a509a956062c41aae859b9818bcba95779a/src/sbi-fx-card-rates/2021/2021-09-22.pdf
sbi/forex-card-rates/2021/2021-09-23.pdf,0e54bb744386f0b2afd1a2dd9b60a690cd532a5d6621b0bccb655040721499f1,572952,application/pdf,2026-10-02T17:46:42Z,upstream,https://github.com/sakthipriyan/financial-data/raw/fa278a509a956062c41aae859b9818bcba95779a/src/sbi-fx-card-rates/2021/2021-09-23.pdf
sbi/forex-card-rates/2021/2021-09-27.pdf,6d22e4285cde938aeb1a1c0573748254b09726cd253213bef59296bbb6f802f5,573647,application/pdf,2026-10-02T17:46:42Z,upstream,https://github.com/sakthipriyan/financial-data/raw/fa278a509a956062c41aae859b9818bcba95779a/src/sbi-fx-card-rates/2021/2021-09-27.pdf
sbi/forex-card-rates/2021/2021-09-29.pdf,48f9e6c7a7364709f528adf7334d4561537529085220cc137b1f2096416670b5,572912,application/pdf,2026-10-02T17:46:42Z,upstream,https://github.com/sakthipriyan/financial-data/raw/fa278a509a956062c41aae859b9818bcba95779a/src/sbi-fx-card-rates/2021/2021-09-29.pdf
sbi/forex-card-rates/2021/2021-09-30.pdf,2deb56dd6aca38ba18ca72603a008518f1498eda992069d4edc2441dc5e963de,572950,application/pdf,2026-10-02T17:46:42Z,upstream,https://github.com/sakthipriyan/financial-data/raw/fa278a509a956062c41aae859b9818bcba95779a/src/sbi-fx-card-rates/2021/2021-09-30.pdf
sbi/forex-card-rates/2021/2021-10-01.pdf,d79215ae114b3d1fee8805585760968b2ad8be9d453cf7ad34e9ce3ea2e35d7a,573836,application/pdf,2026-10-02T17:46:42Z,upstream,https://github.com/sakthipriyan/financial-data/raw/fa278a509a956062c41aae859b9818bcba95779a/src/sbi-fx-card-rates/2021/2021-10-01.pdf
sbi/forex-card-rates/2021/2021-10-04.pdf,c4b5b61e9726477557ef8a9844dd00bfc979c78c48c563897d14c37a5f9bc02c,572877,application/pdf,2026-10-02T17:46:42Z,upstream,https://github.com/sakthipriyan/financial-data/raw/fa278a509a956062c41aae859b9818bcba95779a/src/sbi-fx-card-rates/2021/2021-10-04.pdf
sbi/forex-card-rates/2021/2021-10-05.pdf,829bc47058ac01c7138656a171da66afa91c09fa80c584a6866efdc0877b82e3,572951,application/pdf,2026-10-02T17:46:42Z,upstream,https://github.com/sakthipriyan/financial-data/raw/fa278a509a956062c41aae859b9818bcba95779a/src/sbi-fx-card-rates/2021/2021-10-05.pdf
sbi/forex-card-rates/2021/2021-10-06.pdf,b1195f6e998c6e1887a57da20d35796c7f58821e39612d1c3ce384f30ad2d619,572910,application/pdf,2026-10-02T17:46:42Z,upstream,https://github.com/sakthipriyan/financial-data/raw/fa278a509a956062c41aae859b9818bcba95779a/src/sbi-fx-card-rates/2021/2021-10-06.pdf
sbi/forex-card-rates/2021/2021-10-07.pdf,2825d1833ce142bdfa2f9d2801d2821eaa50bec549b67f73107bbd85dc92edbe,572918,application/pdf,2026-10-02T17:46:42Z,upstream,https://github.com/sakthipriyan/financial-data/raw/fa278a509a956062c41aae859b9818bcba95779a/src/sbi-fx-card-rates/2021/2021-10-07.pdf
sbi/forex-card-rates/2021/2021-10-08.pdf,99d2af3d153ff228cead50521da6abef3f377a7919ae042a19fc30dceb7ef4de,572965,application/pdf,2026-10-02T17:46:42Z,upstream,https://github.com/sakthipriyan/financial-data/raw/fa278a509a956062c41aae859b9818bcba95779a/src/sbi-fx-card-rates/2021/2021-10-08.pdf
sbi/forex-card-rates/2021/2021-10-11.pdf,7f5acf72634ded80b00b59f20a57ac8cb240aaac7d0c48329e52ec916e8f64c3,572853,application/pdf,2026-10-02T17:46:42Z,upstream,https://github.com/sakthipriyan/financial-data/raw/fa278a509a956062c41aae859b9818bcba95779a/src/sbi-fx-card-rates/2021/2021-10-11.pdf
sbi/forex-card-rates/2021/2021-10-12.pdf,c6e9bf54b9934a0ccab74076e6bc88682676f9a5b4ec1b9864a5cc72090444a0,572668,application/pdf,2026-10-02T17:46:42Z,upstream,https://github.com/sakthipriyan/financial-data/raw/fa278a509a956062c41aae859b9818bcba95779a/src/sbi-fx-card-rates/2021/2021-10-12.pdf
sbi/forex-card-rates/2021/2021-10-13.pdf,d39de647baf71bc4703bdcfdb1216f66f49cc4dcb8c5eaa1c56ada1d1d6de059,572915,application/pdf,2026-10-02T17:46:42Z,upstream,https://github.com/sakthipriyan/financial-data/raw/fa278a509a956062c41aae859b9818bcba95779a/src/sbi-fx-card-rates/2021/2021-10-13.pdf
sbi/forex-card-rates/2021/2021-10-14.pdf,1913ebfa33e42ee217f57f891f726e3539f70928d7fd1fa66ed4253aa8f67601,572838,application/pdf,2026-10-02T17:46:42Z,upstream,https://github.com/sakthipriyan/financial-data/raw/fa278a509a956062c41aae859b9818bcba95779a/src/sbi-fx-card-rates/2021/2021-10-14.pdf
sbi/forex-card-rates/2021/2021-10-16.pdf,159650458fdcb34034d6c7ea2d85b1b7cf5392413b227ac193c29cd13f3bfa0a,573602,application/pdf,2026-10-02T17:46:42Z,upstream,https://github.com/sakthipriyan/financial-data/raw/fa278a509a956062c41aae859b9818bcba95779a/src/sbi-fx-card-rates/2021/2021-10-16.pdf
sbi/forex-card-rates/2021/2021-10-20.pdf,e8193e899df63683e2517a3a336ae77ad18b00f99bc91e02bf18990d43a30bf4,572586,application/pdf,2026-10-02T17:46:42Z,upstream,https://github.com/sakthipriyan/financial-data/raw/fa278a509a956062c41aae859b9818bcba95779a/src/sbi-fx-card-rates/2021/2021-10-20.pdf
sbi/forex-card-rates/2021/2021-10-21.pdf,4ae008ed2d915b06c3671ab18ba16d56aa4dccbb9b9332a9a2a8ce81709c18d9,572357,application/pdf,2026-10-02T17:46:42Z,upstream,https://github.com/sakthipriyan/financial-data/raw/fa278a509a956062c41aae859b9818bcba95779a/src/sbi-fx-card-rates/2021/2021-10-21.pdf
sbi/forex-card-rates/2021/2021-10-22.pdf,068698dd6c8c630df4b7c4e6e7daf7d402a9bded9f82203c0b5f125a3269f901,572591,application/pdf,2026-10-02T17:46:42Z,upstream,https://github.com/sakthipriyan/financial-data/raw/fa278a509a956062c41aae859b9818bcba95779a/src/sbi-fx-card-rates/2021/2021-10-22.pdf
sbi/forex-card-rates/2021/2021-10-25.pdf,07d1f6f0b4beeab3aabb3956ea799fcf0ea434b47e6ccda91cd9ef1f1e9ff43b,572668,application/pdf,2026-10-02T17:46:42Z,upstream,https://github.com/sakthipriyan/financial-data/raw/fa278a509a956062c41aae859b9818bcba95779a/src/sbi-fx-card-rates/2021/2021-10-25.pdf
sbi/forex-card-rates/2021/2021-10-26.pdf,8d01964e8b2095a607730ed8d68f1c26e23df17dd7cc546194de25b7e1dfeb48,572552,application/pdf,2026-10-02T17:46:42Z,upstream,https://github.com/sakthipriyan/financial-data/raw/fa278a509a956062c41aae859b9818bcba95779a/src/sbi-fx-card-rates/2021/2021-10-26.pdf
sbi/forex-card-rates/2021/2021-10-27.pdf,7232a9c167a61b2486399ad67373f0598f82ac1ffb902428e8527344243dfba2,572726,application/pdf,2026-10-02T17:46:42Z,upstream,https://github.com/sakthipriyan/financial-data/raw/fa278a509a956062c41aae859b9818bcba95779a/src/sbi-fx-card-rates/2021/2021-10-27.pdf
sbi/forex-card-rates/2021/2021-10-28.pdf,0cddb38d14ab67e7fecfbf3019bb87c3c3d6d3226f7f6a50ab400553aecd8bec,572387,application/pdf,2026-10-02T17:46:42Z,upstream,https://github.com/sakthipriyan/financial-data/raw/fa278a509a956062c41aae859b9818bcba95779a/src/sbi-fx-card-rates/2021/2021-10-28.pdf
sbi/forex-card-rates/2021/2021-10-29.pdf,3c528529006d75ac56e66a6d2f44a38adad9d3f692309b9662cf15048b11242d,572666,application/pdf,2026-10-02T17:46:42Z,upstream,https://github.com/sakthipriyan/financial-data/raw/fa278a509a956062c41aae859b9818bcba95779a/src/sbi-fx-card-rates/2021/2021-10-29.pdf
sbi/forex-card-rates/2021/2021-11-01.pdf,13712343b2fe2d4f13f3de3cb9996e1215068bd7671cad9cc490bd35127429bb,572375,application/pdf,2026-10-02T17:46:42Z,upstream,https://github.com/sakthipriyan/financial-data/raw/fa278a509a956062c41aae859b9818bcba95779a/src/sbi-fx-card-rates/2021/2021-11-01.pdf
sbi/forex-card-rates/2021/2021-11-02.pdf,9ff9c11a17381cb961bf0219f3b70b883cdfce254fe206d9dc429ee8bedcca67,572581,application/pdf,2026-10-02T17:46:42Z,upstream,https://github.com/sakthipriyan/financial-data/raw/fa278a509a956062c41aae859b9818bcba95779a/src/sbi-fx-card-rates/2021/2021-11-02.pdf
sbi/forex-card-rates/2021/2021-11-03.pdf,30da7d93ac0eee975a55ff44624fcd42115684ac2e9a90ee8491abcc301f457e,572618,application/pdf,2026-10-02T17:46:42Z,upstream,https://github.com/sakthipriyan/financial-data/raw/fa278a509a956062c41aae859b9818bcba95779a/src/sbi-fx-card-rates/2021/2021-11-03.pdf
sbi/forex-card-rates/2021/2021-11-06.pdf,0f9965ff7950958c29d3b96d30f3da7af28dbf88cd1e7117d1860e8732af53d8,572415,application/pdf,2026-10-02T17:46:42Z,upstream,https://github.com/sakthipriyan/financial-data/raw/fa278a509a956062c41aae859b9818bcba95779a/src/sbi-fx-card-rates/2021/2021-11-06.pdf
sbi/forex-card-rates/2021/2021-11-08.pdf,dbc3e1b79a750aca5248d53ccbee0d4bc23a70fb2ac2c35ffe874d826aaa982b,572336,application/pdf,2026-10-02T17:46:42Z,upstream,https://github.com/sakthipriyan/financial-data/raw/fa278a509a956062c41aae859b9818bcba95779a/src/sbi-fx-card-rates/2021/2021-11-08.pdf
sbi/forex-card-rates/2021/2021-11-09.pdf,02c9dd857387ee632f3aa47b61df1252832fc8d7c4584112f7b13b2356b21bcb,572589,application/pdf,2026-10-02T17:46:42Z,upstream,https://github.com/sakthipriyan/financial-data/raw/fa278a509a956062c41aae859b9818bcba95779a/src/sbi-fx-card-rates/2021/2021-11-09.pdf
sbi/forex-card-rates/2021/2021-11-10.pdf,a35bd30e99ac21724b2084cc168acd7d2c3bed37f208c4359c8f7a67f991e752,572640,application/pdf,2026-10-02T17:46:42Z,upstream,https://github.com/sakthipriyan/financial-data/raw/fa278a509a956062c41aae859b9818bcba95779a/src/sbi-fx-card-rates/2021/2021-11-10.pdf
sbi/forex-card-rates/2021/2021-11-11.pdf,1b20ff86bb488b389ecb29b3c7234a383add106a07f76c389824678549a5f969,572599,application/pdf,2026-10-02T17:46:42Z,upstream,https://github.com/sakthipriyan/financial-data/raw/fa278a509a956062c41aae859b9818bcba95779a/src/sbi-fx-card-rates/2021/2021-11-11.pdf
sbi/forex-card-rates/2021/2021-11-12.pdf,e5552a6764eda5e24a3a09b45e55100b1394682732144e65a4ae33fa9a371673,572617,application/pdf,2026-10-02T17:46:42Z,upstream,https://github.com/sakthipriyan/financial-data/raw/fa278a509a956062c41aae859b9818bcba95779a/src/sbi-fx-card-rates/2021/2021-11-12.pdf
sbi/forex-card-rates/2021/2021-11-15.pdf,7c681634359fa7364d9c9a1491189c98664a46204795e320eab722b41899c524,572505,application/pdf,2026-10-02T17:46:42Z,upstream,https://github.com/sakthipriyan/financial-data/raw/fa278a509a956062c41aae859b9818bcba95779a/src/sbi-fx-card-rates/2021/2021-11-15.pdf
sbi/forex-card-rates/2021/2021-11-16.pdf,4e0cb2293b1d9e5db636d6500c633104a6e8bde0deb70dc5a62c3313be095e8a,572595,application/pdf,2026-10-02T17:46:42Z,upstream,https://github.com/sakthipriyan/financial-data/raw/fa278a509a956062c41aae859b9818bcba95779a/src/sbi-fx-card-rates/2021/2021-11-16.pdf
sbi/forex-card-rates/2021/2021-11-18.pdf,6bffd230b7663d15632013c6b8766959727f1b9fc1d22bb2dd30f811c07ad250,569936,application/pdf,2026-10-02T17:46:42Z,upstream,https://github.com/sakthipriyan/financial-data/raw/fa278a509a956062c41aae859b9818bcba95779a/src/sbi-fx-card-rates/2021/2021-11-18.pdf
sbi/forex-card-rates/2021/2021-11-22.pdf,6af52a61405352398ce2ae5f2e4dfcd453d5fa19141cdbb81cbd790c13c945dd,570052,application/pdf,2026-10-02T17:46:42Z,upstream,https://github.com/sakthipriyan/financial-data/raw/fa278a509a956062c41aae859b9818bcba95779a/src/sbi-fx-card-rates/2021/2021-11-22.pdf
sbi/forex-card-rates/2021/2021-11-24.pdf,ddf7986e512931481f29181686cec7ccadbd9ff51bee86f81121657f5d6e2609,487677,application/pdf,2026-10-02T17:46:42Z,upstream,https://github.com/sakthipriyan/financial-data/raw/fa278a509a956062c41aae859b9818bcba95779a/src/sbi-fx-card-rates/2021/2021-11-24.pdf
sbi/forex-card-rates/2021/2021-11-26.pdf,fe48375beb7286fda78462f6852d7c6e420631a5ffbb8abdb55fb3e874b2a3e2,487400,application/pdf,2026-10-02T17:46:42Z,upstream,https://github.com/sakthipriyan/financial-data/raw/fa278a509a956062c41aae859b9818bcba95779a/src/sbi-fx-card-rates/2021/2021-11-26.pdf
sbi/forex-card-rates/2021/2021-11-29.pdf,a526a943445be12e07a023fed97d5961afafd801852a96e8f279ec1cf02e85ef,487614,application/pdf,2026-10-02T17:46:42Z,upstream,https://github.com/sakthipriyan/financial-data/raw/fa278a509a956062c41aae859b9818bcba95779a/src/sbi-fx-card-rates/2021/2021-11-29.pdf
sbi/forex-card-rates/2021/2021-12-01.pdf,107fb6eeafb4bb35cfa73ccf93fcfbc9ce47ec6aa30dbb9fd57bef36b51a679a,487648,application/pdf,2026-10-02T17:46:42Z,upstream,https://github.com/sakthipriyan/financial-data/raw/fa278a509a956062c41aae859b9818bcba95779a/src/sbi-fx-card-rates/2021/2021-12-01.pdf
sbi/forex-card-rates/2021/2021-12-03.pdf,847b17a2823dcf51403c3550b73e9bca815c3f787baac2fea23fb571c589065c,487539,application/pdf,2026-10-02T17:46:42Z,upstream,https://github.com/sakthipriyan/financial-data/raw/fa278a509a956062c41aae859b9818bcba95779a/src/sbi-fx-card-rates/2021/2021-12-03.pdf
sbi/forex-card-rates/2021/2021-12-04.pdf,bf4fc85c48fa7432d1911a490761242cbe352537be85efdb21bda20d9ff9807a,487120,application/pdf,2026-10-02T17:46:42Z,upstream,https://github.com/sakthipriyan/financial-data/raw/fa278a509a956062c41aae859b9818bcba95779a/src/sbi-fx-card-rates/2021/2021-12-04.pdf
sbi/forex-card-rates/2021/2021-12-06.pdf,3ca0a031a7803d0398c3b55c22891425fa74f98b7df48bf180c78cd636a9015e,487565,application/pdf,2026-10-02T17:46:42Z,upstream,https://github.com/sakthipriyan/financial-data/raw/fa278a509a956062c41aae859b9818bcba95779a/src/sbi-fx-card-rates/2021/2021-12-06.pdf
sbi/forex-card-rates/2021/2021-12-07.pdf,89f96054bc4264407e4ea9c17822d729e6c812eeac034d933606787b83649ebb,487645,application/pdf,2026-10-02T17:46:42Z,upstream,https://github.com/sakthipriyan/financial-data/raw/fa278a509a956062c41aae859b9818bcba95779a/src/sbi-fx-card-rates/2021/2021-12-07.pdf
sbi/forex-card-rates/2021/2021-12-08.pdf,fb4038f411b77ba838d005f03fab6ceac208f9146ad49c6dafae4f5af7cba5f2,487640,application/pdf,2026-10-02T17:46:42Z,upstream,https://github.com/sakthipriyan/financial-data/raw/fa278a509a956062c41aae859b9818bcba95779a/src/sbi-fx-card-rates/2021/2021-12-08.pdf
sbi/forex-card-rates/2021/2021-12-09.pdf,b679ba4d64919889fc217accebd2713299fbecbd5da82a5e910eeed951368646,487544,application/pdf,2026-10-02T17:46:42Z,upstream,https://github.com/sakthipriyan/financial-data/raw/fa278a509a956062c41aae859b9818bcba95779a/src/sbi-fx-card-rates/2021/2021-12-09.pdf
sbi/forex-card-rates/2021/2021-12-10.pdf,168af1b3ad5df9d50b74838022a273615d62b550570f18f0971f7f4f93f94023,487533,application/pdf,2026-10-02T17:46:42Z,upstream,https://github.com/sakthipriyan/financial-data/raw/fa278a509a956062c41aae859b9818bcba95779a/src/sbi-fx-card-rates/2021/2021-12-10.pdf
sbi/forex-card-rates/2021/2021-12-14.pdf,c2fd6d596ca04a1a6173149e71a41777dabda4ac5bb844a4e9f96bb95ec3928e,487664,application/pdf,2026-10-02T17:46:42Z,upstream,https://github.com/sakthipriyan/financial-data/raw/fa278a509a956062c41aae859b9818bcba95779a/src/sbi-fx-card-rates/2021/2021-12-14.pdf
sbi/forex-card-rates/2021/2021-12-16.pdf,47e379e28a4c4ff7c96fc87c7358499f8206c25e5f6eba62a15c1e01fca24597,487649,application/pdf,2026-10-02T17:46:42Z,upstream,https://github.com/sakthipriyan/financial-data/raw/fa278a509a956062c41aae859b9818bcba95779a/src/sbi-fx-card-rates/2021/2021-12-16.pdf
sbi/forex-card-rates/2021/2021-12-17.pdf,c5a5ae15dd9ba3d9c2bc3828d3a446ca04795e067e81c71292536f6593ef7431,487673,application/pdf,2026-10-02T17:46:42Z,upstream,https://github.com/sakthipriyan/financial-data/raw/fa278a509a956062c41aae859b9818bcba95779a/src/sbi-fx-card-rates/2021/2021-12-17.pdf
sbi/forex-card-rates/2021/2021-12-18.pdf,4248a348d6c25e455fc1f87509511d1fc7dd1188afee76825e70b2c8c128263f,486527,application/pdf,2026-10-02T17:46:42Z,upstream,https://github.com/sakthipriyan/financial-data/raw/fa278a509a956062c41aae859b9818bcba95779a/src/sbi-fx-card-rates/2021/2021-12-18.pdf
sbi/forex-card-rates/2021/2021-12-20.pdf,147843be7a9a5fd955838cfb5b204b2cf709fb8ab47e2de2b2abe431fa6094d2,487619,application/pdf,2026-10-02T17:46:42Z,upstream,https://github.com/sakthipriyan/financial-data/raw/fa278a509a956062c41aae859b9818bcba95779a/src/sbi-fx-card-rates/2021/2021-12-20.pdf
sbi/forex-card-rates/2021/2021-12-21.pdf,a0e6cf1a7e3dbd1af92ae4d24e377e54c3a43323d57f0196fd12499223db80ee,487553,application/pdf,2026-10-02T17:46:42Z,upstream,https://github.com/sakthipriyan/financial-data/raw/fa278a509a956062c41aae859b9818bcba95779a/src/sbi-fx-card-rates/2021/2021-12-21.pdf
sbi/forex-card-rates/2021/2021-12-22.pdf,f19cc836a2e6e7ea124444cac1326cf592e3e94d94e7f310102d68229c1c1267,487640,application/pdf,2026-10-02T17:46:42Z,upstream,https://github.com/sakthipriyan/financial-data/raw/fa278a509a956062c41aae859b9818bcba95779a/src/sbi-fx-card-rates/2021/2021-12-22.pdf
sbi/forex-card-rates/2021/2021-12-23.pdf,699821a4a2be1bd0cf860349bdaf22c7b9d2ff29d8034854629845f52a0f906e,487623,application/pdf,2026-10-02T17:46:42Z,upstream,https://github.com/sakthipriyan/financial-data/raw/fa278a509a956062c41aae859b9818bcba95779a/src/sbi-fx-card-rates/2021/2021-12-23.pdf
sbi/forex-card-rates/2021/2021-12-24.pdf,e98bb5c717eed8d6e2a35db9b0c096199cba7fea9075406afe65fd63fc284ba1,487625,application/pdf,2026-10-02T17:46:42Z,upstream,https://github.com/sakthipriyan/financial-data/raw/fa278a509a956062c41aae859b9818bcba95779a/src/sbi-fx-card-rates/2021/2021-12-24.pdf
sbi/forex-card-rates/2021/2021-12-27.pdf,ea87cad2fbcadca6c6ca9324e1490c135e210a51a876798842c9f748bb95c2a1,487669,application/pdf,2026-10-02T17:46:42Z,upstream,https://github.com/sakthipriyan/financial-data/raw/fa278a509a956062c41aae859b9818bcba95779a/src/sbi-fx-card-rates/2021/2021-12-27.pdf
sbi/forex-card-rates/2021/2021-12-29.pdf,5aaf1b1c9e37f62dbae6a782221cbd8c4697db88e4a5a2f9d5416793ed4c6e14,487633,application/pdf,2026-10-02T17:46:42Z,upstream,https://github.com/sakthipriyan/financial-data/raw/fa278a509a956062c41aae859b9818bcba95779a/src/sbi-fx-card-rates/2021/2021-12-29.pdf
sbi/forex-card-rates/2021/2021-12-30.pdf,ee4644266b434d6ff80fa1c353d0a7101f6bedcd2be252d296ef656daf1ab2f8,487564,application/pdf,2026-10-02T17:46:42Z,upstream,https://github.com/sakthipriyan/financial-data/raw/fa278a509a956062c41aae859b9818bcba95779a/src/sbi-fx-card-rates/2021/2021-12-30.pdf
sbi/forex-card-rates/2021/2021-12-31.pdf,836d7c6e3a15613e3822e7c9052ad1f68a5d9ecc993b4be81c85ee2e52bafe3c,487643,application/pdf,2026-10-02T17:46:42Z,upstream,https://github.com/sakthipriyan/financial-data/raw/fa278a509a956062c41aae859b9818bcba95779a/src/sbi-fx-card-rates/2021/2021-12-31.pdf
sbi/forex-card-rates/2022/2022-01-01.pdf,20abe86defc9c4907bfafc5be82703944772b07eed4abdff65503fe42fa48e14,487358,application/pdf,2026-10-02T17:46:42Z,upstream,https://github.com/sakthipriyan/financial-data/raw/fa278a509a956062c41aae859b9818bcba95779a/src/sbi-fx-card-rates/2022/2022-01-01.pdf
sbi/forex-card-rates/2022/2022-01-03.pdf,6eaaf7a5ad953d65dc3392df2f56245ee4679b52709ad95de8e261d7663782d7,487724,application/pdf,2026-10-02T17:46:42Z,upstream,https://github.com/sakthipriyan/financial-data/raw/fa278a509a956062c41aae859b9818bcba95779a/src/sbi-fx-card-rates/2022/2022-01-03.pdf
sbi/forex-card-rates/2022/2022-01-05.pdf,8c70ba34660b26c367792c38e9b2d4c49af6cbb98d3ea335a3ff6e5dfd2981ca,487706,application/pdf,2026-10-02T17:46:42Z,upstream,https://github.com/sakthipriyan/financial-data/raw/fa278a509a956062c41aae859b9818bcba95779a/src/sbi-fx-card-rates/2022/2022-01-05.pdf
sbi/forex-card-rates/2022/2022-01-06.pdf,1aaf8de5a89619e5971bfd7bda88085ee915791a3d9eeebb3243e6e16d1f85b9,487551,application/pdf,2026-10-02T17:46:42Z,upstream,https://github.com/sakthipriyan/financial-data/raw/fa278a509a956062c41aae859b9818bcba95779a/src/sbi-fx-card-rates/2022/2022-01-06.pdf
sbi/forex-card-rates/2022/2022-01-07.pdf,c3cf2a3ec39a1e100c3c4640c23324b1fae4c8af5b10e3c4cdb83edbdf874180,487452,application/pdf,2026-10-02T17:46:42Z,upstream,https://github.com/sakthipriyan/financial-data/raw/fa278a509a956062c41aae859b9818bcba95779a/src/sbi-fx-card-rates/2022/2022-01-07.pdf
sbi/forex-card-rates/2022/2022-01-10.pdf,077634423e0be697d0770a6c9bd39b772682b1186b614737325360b8ebbe8800,487303,application/pdf,2026-10-02T17:46:42Z,upstream,https://github.com/sakthipriyan/financial-data/raw/fa278a509a956062c41aae859b9818bcba95779a/src/sbi-fx-card-rates/2022/2022-01-10.pdf
sbi/forex-card-rates/2022/2022-01-11.pdf,d1f4dd54e72c9789131ce1103ce8785e2311cde0b2c76b0c7ec3a349a6b325c3,487563,application/pdf,2026-10-02T17:46:42Z,upstream,https://github.com/sakthipriyan/financial-data/raw/fa278a509a956062c41aae859b9818bcba95779a/src/sbi-fx-card-rates/2022/2022-01-11.pdf
sbi/forex-card-rates/2022/2022-01-12.pdf,ea98ec287956fa7051aa9a7144736d8b2f76e0cf1dd0e939c44ac1898718e861,487461,application/pdf,2026-10-02T17:46:42Z,upstream,https://github.com/sakthipriyan/financial-data/raw/fa278a509a956062c41aae859b9818bcba95779a/src/sbi-fx-card-rates/2022/2022-01-12.pdf
sbi/forex-card-rates/2022/2022-01-13.pdf,c20163dad89c6de0e162813ca17c1c72a38f6860ac53c0aa5aec245724e94964,487758,application/pdf,2026-10-02T17:46:42Z,upstream,https://github.com/sakthipriyan/financial-data/raw/fa278a509a956062c41aae859b9818bcba95779a/src/sbi-fx-card-rates/2022/2022-01-13.pdf
sbi/forex-card-rates/2022/2022-01-14.pdf,5548524541b3edcc3c3c7888a76964891a0fc8fa246b7c789d1ac060aa02f4af,487786,application/pdf,2026-10-02T17:46:42Z,upstream,https://github.com/sakthipriyan/financial-data/raw/fa278a509a956062c41aae859b9818bcba95779a/src/sbi-fx-card-rates/2022/2022-01-14.pdf
sbi/forex-card-rates/2022/2022-01-15.pdf,4bfdb2d9ffc87d64eaa7ef5e4d47e01a34968ba34f634af38b52d4e932ed765a,487454,application/pdf,2026-10-02T17:46:42Z,upstream,https://github.com/sakthipriyan/financial-data/raw/fa278a509a956062c41aae859b9818bcba95779a/src/sbi-fx-card-rates/2022/2022-01-15.pdf
sbi/forex-card-rates/2022/2022-01-17.pdf,7903f2b8d3edb75445afe51ace81cb5b998662e44a1d9776eaccc49247c91c6c,487620,application/pdf,2026-10-02T17:46:42Z,upstream,https://github.com/sakthipriyan/financial-data/raw/fa278a509a956062c41aae859b9818bcba95779a/src/sbi-fx-card-rates/2022/2022-01-17.pdf
sbi/forex-card-rates/2022/2022-01-18.pdf,06b8a0d1cdc95b54866d7ede95f40ce07342755ad0c64e569c883f0a6e964c95,487738,application/pdf,2026-10-02T17:46:42Z,upstream,https://github.com/sakthipriyan/financial-data/raw/fa278a509a956062c41aae859b9818bcba95779a/src/sbi-fx-card-rates/2022/2022-01-18.pdf
sbi/forex-card-rates/2022/2022-01-19.pdf,d02571a693b51196f5c6f8550eae8b06c7f834ca259b0112e329d50000cf9d83,487628,application/pdf,2026-10-02T17:46:42Z,upstream,https://github.com/sakthipriyan/financial-data/raw/fa278a509a956062c41aae859b9818bcba95779a/src/sbi-fx-card-rates/2022/2022-01-19.pdf
sbi/forex-card-rates/2022/2022-01-21.pdf,511d0fc56a5f6dd16b78551a2ff29fcfe7174c0d2b2114056ca96682090bead3,487601,application/pdf,2026-10-02T17:46:42Z,upstream,https://github.com/sakthipriyan/financial-data/raw/fa278a509a956062c41aae859b9818bcba95779a/src/sbi-fx-card-rates/2022/2022-01-21.pdf
sbi/forex-card-rates/2022/2022-01-24.pdf,edaf470db3fdfafd81545de6b496ba119ba94df231e6fee877f5a7c27fff61ac,570252,application/pdf,2026-10-02T17:46:42Z,upstream,https://github.com/sakthipriyan/financial-data/raw/fa278a509a956062c41aae859b9818bcba95779a/src/sbi-fx-card-rates/2022/2022-01-24.pdf
sbi/forex-card-rates/2022/2022-01-25.pdf,cd15313c6484606b5c0dfaf513f5cd8ce118679f5c68b41cf09c313ccecdc34d,488390,application/pdf,2026-10-02T17:46:42Z,upstream,https://github.com/sakthipriyan/financial-data/raw/fa278a509a956062c41aae859b9818bcba95779a/src/sbi-fx-card-rates/2022/2022-01-25.pdf
sbi/forex-card-rates/2022/2022-01-29.pdf,91ba3b2be241ee448951d185eac4ae9fad3ff288df5b7a4135b3a2730d406e3e,488197,application/pdf,2026-10-02T17:46:42Z,upstream,https://github.com/sakthipriyan/financial-data/raw/fa278a509a956062c41aae859b9818bcba95779a/src/sbi-fx-card-rates/2022/2022-01-29.pdf
sbi/forex-card-rates/2022/2022-01-31.pdf,0f35c255bb8c815bc099c23be9d02af502769f111981d0899e8b41cafcb0d6f7,487622,application/pdf,2026-10-02T17:46:42Z,upstream,https://github.com/sakthipriyan/financial-data/raw/fa278a509a956062c41aae859b9818bcba95779a/src/sbi-fx-card-rates/2022/2022-01-31.pdf
sbi/forex-card-rates/2022/2022-02-01.pdf,538a2c05479ec8c33d4a60ef55eafeaa01d9e8ce5fc90f121d9d8c741aa062d8,487619,application/pdf,2026-10-02T17:46:42Z,upstream,https://github.com/sakthipriyan/financial-data/raw/fa278a509a956062c41aae859b9818bcba95779a/src/sbi-fx-card-rates/2022/2022-02-01.pdf
sbi/forex-card-rates/2022/2022-02-03.pdf,fb12ab4cab29a95954284933fab2b52741c4cbff1d9da8bb8fc4b90548b8cd68,487620,application/pdf,2026-10-02T17:46:42Z,upstream,https://github.com/sakthipriyan/financial-data/raw/fa278a509a956062c41aae859b9818bcba95779a/src/sbi-fx-card-rates/2022/2022-02-03.pdf
sbi/forex-card-rates/2022/2022-02-04.pdf,d476417e6402e025c1c509ed1a17205db71312906649550c7cfc0edaabfbf1f7,487658,application/pdf,2026-10-02T17:46:42Z,upstream,https://github.com/sakthipriyan/financial-data/raw/fa278a509a956062c41aae859b9818bcba95779a/src/sbi-fx-card-rates/2022/2022-02-04.pdf
sbi/forex-card-rates/2022/2022-02-05.pdf,b0bf4f1a890127a88fcfdda538572817516c270c878c4c50ef19c45c1742de11,487102,application/pdf,2026-10-02T17:46:42Z,upstream,https://github.com/sakthipriyan/financial-data/raw/fa278a509a956062c41aae859b9818bcba95779a/src/sbi-fx-card-rates/2022/2022-02-05.pdf
sbi/forex-card-rates/2022/2022-02-07.pdf,f7a7aeb4cad4366c78be6712c0981d2eb1f3a87c79381a462465e2f7dec32761,487536,application/pdf,2026-10-02T17:46:42Z,upstream,https://github.com/sakthipriyan/financial-data/raw/fa278a509a956062c41aae859b9818bcba95779a/src/sbi-fx-card-rates/2022/2022-02-07.pdf
sbi/forex-card-rates/2022/2022-02-09.pdf,7c182c6f874d84a54905155c5b4ddf72d677d056e0e7ac6a5fd2bd690c68a937,571180,application/pdf,2026-10-02T17:46:42Z,upstream,https://github.com/sakthipriyan/financial-data/raw/fa278a509a956062c41aae859b9818bcba95779a/src/sbi-fx-card-rates/2022/2022-02-09.pdf
sbi/forex-card-rates/2022/2022-02-10.pdf,cf9badd92ef941907d0e51e0cf1b519dbc1dfcc5dfdaf1a0a408300729694caf,571212,application/pdf,2026-10-02T17:46:42Z,upstream,https://github.com/sakthipriyan/financial-data/raw/fa278a509a956062c41aae859b9818bcba95779a/src/sbi-fx-card-rates/2022/2022-02-10.pdf
sbi/forex-card-rates/2022/2022-02-11.pdf,f3dfe565f94b52f9bae8cd981fa942d22e549fbbe4743c11b97dee431428d987,569911,application/pdf,2026-10-02T17:46:42Z,upstream,https://github.com/sakthipriyan/financial-data/raw/fa278a509a956062c41aae859b9818bcba95779a/src/sbi-fx-card-rates/2022/2022-02-11.pdf
sbi/forex-card-rates/2022/2022-02-14.pdf,8d9640d55c85e27517bdb733b45da29f964025f7a113c6734bbf360d02bfd7ea,569667,application/pdf,2026-10-02T17:46:42Z,upstream,https://github.com/sakthipriyan/financial-data/raw/fa278a509a956062c41aae859b9818bcba95779a/src/sbi-fx-card-rates/2022/2022-02-14.pdf
sbi/forex-card-rates/2022/2022-02-15.pdf,d13da97d702f611cae35f79929b3a824ea4d1937dfcbe45423e5d0c16a134df3,569959,application/pdf,2026-10-02T17:46:42Z,upstream,https://github.com/sakthipriyan/financial-data/raw/fa278a509a956062c41aae859b9818bcba95779a/src/sbi-fx-card-rates/2022/2022-02-15.pdf
sbi/forex-card-rates/2022/2022-02-17.pdf,65b4da964c084fdfe7ef29c7d80e94b31153fd9f393a16f8a89e9db770af1fa1,487651,application/pdf,2026-10-02T17:46:42Z,upstream,https://github.com/sakthipriyan/financial-data/raw/fa278a509a956062c41aae859b9818bcba95779a/src/sbi-fx-card-rates/2022/2022-02-17.pdf
sbi/forex-card-rates/2022/2022-02-18.pdf,98dc7d890adca7fdad823e0719583c2b700300cd5f34b5830eaf84a641159163,487395,application/pdf,2026-10-02T17:46:42Z,upstream,https://github.com/sakthipriyan/financial-data/raw/fa278a509a956062c41aae859b9818bcba95779a/src/sbi-fx-card-rates/2022/2022-02-18.pdf
sbi/forex-card-rates/2022/2022-02-21.pdf,3d75a5e2177bb4ad7f720b2f48857a976c6bcd8ca696fe1d04aaff28792cafad,569578,application/pdf,2026-10-02T17:46:42Z,upstream,https://github.com/sakthipriyan/financial-data/raw/fa278a509a956062c41aae859b9818bcba95779a/src/sbi-fx-card-rates/2022/2022-02-21.pdf
sbi/forex-card-rates/2022/2022-02-22.pdf,6ace92f34404cad1a0aa875eaa24f3b073ffe4e7b5e3bec83ba3b73c1a346207,486896,application/pdf,2026-10-02T17:46:42Z,upstream,https://github.com/sakthipriyan/financial-data/raw/fa278a509a956062c41aae859b9818bcba95779a/src/sbi-fx-card-rates/2022/2022-02-22.pdf
sbi/forex-card-rates/2022/2022-02-23.pdf,e978d5d1b6f8fa24b4d504924cbfe83224700df9b1ebd814a2a69a8ee1a80233,486873,application/pdf,2026-10-02T17:46:42Z,upstream,https://github.com/sakthipriyan/financial-data/raw/fa278a509a956062c41aae859b9818bcba95779a/src/sbi-fx-card-rates/2022/2022-02-23.pdf
sbi/forex-card-rates/2022/2022-02-24.pdf,4c7e965a38aea8d832b4c706fc7dc7e461bc8103cdb28edc9e815930a49a3735,487656,application/pdf,2026-10-02T17:46:42Z,upstream,https://github.com/sakthipriyan/financial-data/raw/fa278a509a956062c41aae859b9818bcba95779a/src/sbi-fx-card-rates/2022/2022-02-24.pdf
sbi/forex-card-rates/2022/2022-02-25.pdf,8726503ec9a25fb5213b2e34b170e7f07086bcb7c1ebed01715f46f54a761c5d,487638,application/pdf,2026-10-02T17:46:42Z,upstream,https://github.com/sakthipriyan/financial-data/raw/fa278a509a956062c41aae859b9818bcba95779a/src/sbi-fx-card-rates/2022/2022-02-25.pdf
sbi/forex-card-rates/2022/2022-02-28.pdf,0a16cd8a21f3b6c4271c72e54368e5037c85324a8a73025968b8db391632ae62,487630,application/pdf,2026-10-02T17:46:42Z,upstream,https://github.com/sakthipriyan/financial-data/raw/fa278a509a956062c41aae859b9818bcba95779a/src/sbi-fx-card-rates/2022/2022-02-28.pdf
sbi/forex-card-rates/2022/2022-03-02.pdf,8a0dc7091dde4722ee2ba789d283b40d5e72bed0de85c9f8ba985e85276fddf8,487624,application/pdf,2026-10-02T17:46:42Z,upstream,https://github.com/sakthipriyan/financial-data/raw/fa278a509a956062c41aae859b9818bcba95779a/src/sbi-fx-card-rates/2022/2022-03-02.pdf
sbi/forex-card-rates/2022/2022-03-03.pdf,ecdb29061bcc9feb71e06e5678e41213a3ce4cfceb32c321a6b7d9961eb4540a,487623,application/pdf,2026-10-02T17:46:42Z,upstream,https://github.com/sakthipriyan/financial-data/raw/fa278a509a956062c41aae859b9818bcba95779a/src/sbi-fx-card-rates/2022/2022-03-03.pdf
sbi/forex-card-rates/2022/2022-03-04.pdf,d25d17390933abf7c48aea4d8823413bb3b250c65cb34083fc41bf225f37e1b2,487523,application/pdf,2026-10-02T17:46:42Z,upstream,https://github.com/sakthipriyan/financial-data/raw/fa278a509a956062c41aae859b9818bcba95779a/src/sbi-fx-card-rates/2022/2022-03-04.pdf
sbi/forex-card-rates/2022/2022-03-05.pdf,6e6d16a1a6b21910e87deecdf3f755f6412bd52609fd3b324cb504f20a8f9228,487382,application/pdf,2026-10-02T17:46:42Z,upstream,https://github.com/sakthipriyan/financial-data/raw/fa278a509a956062c41aae859b9818bcba95779a/src/sbi-fx-card-rates/2022/2022-03-05.pdf
sbi/forex-card-rates/2022/2022-03-07.pdf,34405ce4ef90b4efb2ee3dd20bf84edc7670a78b18e2bfeb3c864c6f9d66419d,487520,application/pdf,2026-10-02T17:46:42Z,upstream,https://github.com/sakthipriyan/financial-data/raw/fa278a509a956062c41aae859b9818bcba95779a/src/sbi-fx-card-rates/2022/2022-03-07.pdf
sbi/forex-card-rates/2022/2022-03-08.pdf,ac2e6fc82da5492762da84344ca7dba4eb39400124716f94bca51e70f447789f,487641,application/pdf,2026-10-02T17:46:42Z,upstream,https://github.com/sakthipriyan/financial-data/raw/fa278a509a956062c41aae859b9818bcba95779a/src/sbi-fx-card-rates/2022/2022-03-08.pdf
sbi/forex-card-rates/2022/2022-03-09.pdf,a79170a65cc7555c09f19e58c953d43c78b4f86c1fb672393154eaaccebfc2f0,487644,application/pdf,2026-10-02T17:46:42Z,upstream,https://github.com/sakthipriyan/financial-data/raw/fa278a509a956062c41aae859b9818bcba95779a/src/sbi-fx-card-rates/2022/2022-03-09.pdf
sbi/forex-card-rates/2022/2022-03-10.pdf,3350e47cc079f6a83d494c9846daede75e17138805022b92e0c65b58af5de60b,485449,application/pdf,2026-10-02T17:46:42Z,upstream,https://github.com/sakthipriyan/financial-data/raw/fa278a509a956062c41aae859b9818bcba95779a/src/sbi-fx-card-rates/2022/2022-03-10.pdf
sbi/forex-card-rates/2022/2022-03-11.pdf,2fbe6655afbb062184d0fd555f2ef0be82d440aa96545a94ea8bfc99014aaadc,487659,application/pdf,2026-10-02T17:46:42Z,upstream,https://github.com/sakthipriyan/financial-data/raw/fa278a509a956062c41aae859b9818bcba95779a/src/sbi-fx-card-rates/2022/2022-03-11.pdf
sbi/forex-card-rates/2022/2022-03-14.pdf,a454c0b6adb53db359afe9040553e5f64e8281d639385d926a979570c46786aa,487667,application/pdf,2026-10-02T17:46:42Z,upstream,https://github.com/sakthipriyan/financial-data/raw/fa278a509a956062c41aae859b9818bcba95779a/src/sbi-fx-card-rates/2022/2022-03-14.pdf
sbi/forex-card-rates/2022/2022-03-15.pdf,079ef93926972486ed5709d22af0e0061a2c01c44db46d06dd945238daa9c156,487667,application/pdf,2026-10-02T17:46:42Z,upstream,https://github.com/sakthipriyan/financial-data/raw/fa278a509a956062c41aae859b9818bcba95779a/src/sbi-fx-card-rates/2022/2022-03-15.pdf
sbi/forex-card-rates/2022/2022-03-16.pdf,85a5f3b5e6cfbdd1175bf6f990b740b36e70fe2565a34c72c81597dcd0558579,487677,application/pdf,2026-10-02T17:46:42Z,upstream,https://github.com/sakthipriyan/financial-data/raw/fa278a509a956062c41aae859b9818bcba95779a/src/sbi-fx-card-rates/2022/2022-03-16.pdf
sbi/forex-card-rates/2022/2022-03-17.pdf,f05fd06650dae30d992fc78f3f9419cc49f67ed128c74e100c3d80342994fb11,487670,application/pdf,2026-10-02T17:46:42Z,upstream,https://github.com/sakthipriyan/financial-data/raw/fa278a509a956062c41aae859b9818bcba95779a/src/sbi-fx-card-rates/2022/2022-03-17.pdf
sbi/forex-card-rates/2022/2022-03-19.pdf,0b07b232462bd89d0c6424e242069549c9e467c92e3aac0b7dbcaa105cc7f102,487397,application/pdf,2026-10-02T17:46:42Z,upstream,https://github.com/sakthipriyan/financial-data/raw/fa278a509a956062c41aae859b9818bcba95779a/src/sbi-fx-card-rates/2022/2022-03-19.pdf
sbi/forex-card-rates/2022/2022-03-21.pdf,b20bc64d13bf7087bb583066ff9d02f08c6aa1b6cfb076b11fd09238917d955d,487378,application/pdf,2026-10-02T17:46:42Z,upstream,https://github.com/sakthipriyan/financial-data/raw/fa278a509a956062c41aae859b9818bcba95779a/src/sbi-fx-card-rates/2022/2022-03-21.pdf
sbi/forex-card-rates/2022/2022-03-22.pdf,746b26045fd6046482d083a8b4760c012a9a428dec316eb07c6fe8c240b9dbd6,487677,application/pdf,2026-10-02T17:46:42Z,upstream,https://github.com/sakthipriyan/financial-data/raw/fa278a509a956062c41aae859b9818bcba95779a/src/sbi-fx-card-rates/2022/2022-03-22.pdf
sbi/forex-card-rates/2022/2022-03-23.pdf,2ceff2ae3daa786e0e3687b4908410387a279f88c7f2dd01d1cb06730c35398c,487691,application/pdf,2026-10-02T17:46:42Z,upstream,https://github.com/sakthipriyan/financial-data/raw/fa278a509a956062c41aae859b9818bcba95779a/src/sbi-fx-card-rates/2022/2022-03-23.pdf
sbi/forex-card-rates/2022/2022-03-24.pdf,ba77fa1089099f76eed4445be433bd480cddcf1a2cc58dd108f0e2a879df9825,487653,application/pdf,2026-10-02T17:46:42Z,upstream,https://github.com/sakthipriyan/financial-data/raw/fa278a509a956062c41aae859b9818bcba95779a/src/sbi-fx-card-rates/2022/2022-03-24.pdf
sbi/forex-card-rates/2022/2022-03-25.pdf,b79e87e498296a80dc6d4e1da64097a24b934a3031102c1aefb8ceea85de0b38,487611,application/pdf,2026-10-02T17:46:42Z,upstream,https://github.com/sakthipriyan/financial-data/raw/fa278a509a956062c41aae859b9818bcba95779a/src/sbi-fx-card-rates/2022/2022-03-25.pdf
sbi/forex-card-rates/2022/2022-03-28.pdf,47e4f4fe79f7ba4b4116248140c3eefcabe7d5b8496eca423c8885f67e5878b0,487685,application/pdf,2026-10-02T17:46:42Z,upstream,https://github.com/sakthipriyan/financial-data/raw/fa278a509a956062c41aae859b9818bcba95779a/src/sbi-fx-card-rates/2022/2022-03-28.pdf
sbi/forex-card-rates/2022/2022-03-29.pdf,93ce4a60476f6a18d959d3110450c91c88023114aa3cce62388ef411e9a21c07,569903,application/pdf,2026-10-02T17:46:42Z,upstream,https://github.com/sakthipriyan/financial-data/raw/fa278a509a956062c41aae859b9818bcba95779a/src/sbi-fx-card-rates/2022/2022-03-29.pdf
sbi/forex-card-rates/2022/2022-03-30.pdf,f2358b2e98407b4f4c759a508090eaeffb4f3fab52e1412358a97ae267045237,569676,application/pdf,2026-10-02T17:46:42Z,upstream,https://github.com/sakthipriyan/financial-data/raw/fa278a509a956062c41aae859b9818bcba95779a/src/sbi-fx-card-rates/2022/2022-03-30.pdf
sbi/forex-card-rates/2022/2022-03-31.pdf,91e10d98055f54fdbe90c40a61d1c217e57d5baca1733256f2dada23195f1959,487635,application/pdf,2026-10-02T17:46:42Z,upstream,https://github.com/sakthipriyan/financial-data/raw/fa278a509a956062c41aae859b9818bcba95779a/src/sbi-fx-card-rates/2022/2022-03-31.pdf
sbi/forex-card-rates/2022/2022-04-04.pdf,2129ff1153847ee44295b36abfd8a440dcc8e4ce300a959361a46e73b5a6ad4e,487672,application/pdf,2026-10-02T17:46:42Z,upstream,https://github.com/sakthipriyan/financial-data/raw/fa278a509a956062c41aae859b9818bcba95779a/src/sbi-fx-card-rates/2022/2022-04-04.pdf
sbi/forex-card-rates/2022/2022-04-05.pdf,b7e4c8cedd15ff4931ef6049b0793a8a62f90e396d12a18976243da2393d16f1,487664,application/pdf,2026-10-02T17:46:42Z,upstream,https://github.com/sakthipriyan/financial-data/raw/fa278a509a956062c41aae859b9818bcba95779a/src/sbi-fx-card-rates/2022/2022-04-05.pdf
sbi/forex-card-rates/2022/2022-04-06.pdf,4f01b6a4ae3950b4b4fcb2479cb1e5247e5ad8e120fd71960335017c3ddef9c0,487647,application/pdf,2026-10-02T17:46:42Z,upstream,https://github.com/sakthipriyan/financial-data/raw/fa278a509a956062c41aae859b9818bcba95779a/src/sbi-fx-card-rates/2022/2022-04-06.pdf
sbi/forex-card-rates/2022/2022-04-07.pdf,7952f700a08b4d12829eac10b404296c8927499fae13a4b01a859a019915fe00,487643,application/pdf,2026-10-02T17:46:42Z,upstream,https://github.com/sakthipriyan/financial-data/raw/fa278a509a956062c41aae859b9818bcba95779a/src/sbi-fx-card-rates/2022/2022-04-07.pdf
sbi/forex-card-rates/2022/2022-04-08.pdf,42b3dc6f71e43620076b57376463b7e3351ac3abe7daed671877fdfe61c8b221,488154,application/pdf,2026-10-02T17:46:42Z,upstream,https://github.com/sakthipriyan/financial-data/raw/fa278a509a956062c41aae859b9818bcba95779a/src/sbi-fx-card-rates/2022/2022-04-08.pdf
sbi/forex-card-rates/2022/2022-04-11.pdf,de05842a1fc49b61ab62a67b91a1811be962856c77ca8e0954f8d7dcae5b1349,487905,application/pdf,2026-10-02T17:46:42Z,upstream,https://github.com/sakthipriyan/financial-data/raw/fa278a509a956062c41aae859b9818bcba95779a/src/sbi-fx-card-rates/2022/2022-04-11.pdf
sbi/forex-card-rates/2022/2022-04-12.pdf,5bf6a53e0e2686a96da2024e21ac6328b2d7c5882341f246bdb42f9cc80d47d4,488135,application/pdf,2026-10-02T17:46:42Z,upstream,https://github.com/sakthipriyan/financial-data/raw/fa278a509a956062c41aae859b9818bcba95779a/src/sbi-fx-card-rates/2022/2022-04-12.pdf
sbi/forex-card-rates/2022/2022-04-13.pdf,8f77417c6479bce507a551376cd6cfdf348e5b56581defcdfc0cec1954f78204,487953,application/pdf,2026-10-02T17:46:42Z,upstream,https://github.com/sakthipriyan/financial-data/raw/fa278a509a956062c41aae859b9818bcba95779a/src/sbi-fx-card-rates/2022/2022-04-13.pdf
sbi/forex-card-rates/2022/2022-04-16.pdf,4e07fd7cb5894076a3110adc5b17b6e70046c1aa9ed939d65aaedf54b8da2266,487767,application/pdf,2026-10-02T17:46:42Z,upstream,https://github.com/sakthipriyan/financial-data/raw/fa278a509a956062c41aae859b9818bcba95779a/src/sbi-fx-card-rates/2022/2022-04-16.pdf
sbi/forex-card-rates/2022/2022-04-18.pdf,3095b608b72135ed0f6bdcba997e878a31c5b82926568bf6d3718b2b72196ffe,488155,application/pdf,2026-10-02T17:46:42Z,upstream,https://github.com/sakthipriyan/financial-data/raw/fa278a509a956062c41aae859b9818bcba95779a/src/sbi-fx-card-rates/2022/2022-04-18.pdf
sbi/forex-card-rates/2022/2022-04-19.pdf,b332fcfef21fa8e537d00d87f90d53cd43fb96003cf3d9374dd06e84d21a2c81,488090,application/pdf,2026-10-02T17:46:42Z,upstream,https://github.com/sakthipriyan/financial-data/raw/fa278a509a956062c41aae859b9818bcba95779a/src/sbi-fx-card-rates/2022/2022-04-19.pdf
sbi/forex-card-rates/2022/2022-04-21.pdf,b1fdda56332a14a289863151aa2b7319a92deb785f0ac38903cf5ef318722b5d,488119,application/pdf,2026-10-02T17:46:42Z,upstream,https://github.com/sakthipriyan/financial-data/raw/fa278a509a956062c41aae859b9818bcba95779a/src/sbi-fx-card-rates/2022/2022-04-21.pdf
sbi/forex-card-rates/2022/2022-04-22.pdf,385e80fac69640ebe2dd1016f0367bd3cedcd52378c5b0cf9d397f3f85de9105,488085,application/pdf,2026-10-02T17:46:42Z,upstream,https://github.com/sakthipriyan/financial-data/raw/fa278a509a956062c41aae859b9818bcba95779a/src/sbi-fx-card-rates/2022/2022-04-22.pdf
sbi/forex-card-rates/2022/2022-04-25.pdf,6d219fd293231e42b4415ba57b23b685f6550511ff5403817a9e34540f456bc3,488074,application/pdf,2026-10-02T17:46:42Z,upstream,https://github.com/sakthipriyan/financial-data/raw/fa278a509a956062c41aae859b9818bcba95779a/src/sbi-fx-card-rates/2022/2022-04-25.pdf
sbi/forex-card-rates/2022/2022-04-26.pdf,57594fca75308de10a2e689af311854a9102cdf084a4428aa5f891ac0e80cf89,488102,application/pdf,2026-10-02T17:46:42Z,upstream,https://github.com/sakthipriyan/financial-data/raw/fa278a509a956062c41aae859b9818bcba95779a/src/sbi-fx-card-rates/2022/2022-04-26.pdf
sbi/forex-card-rates/2022/2022-04-27.pdf,c4ed47d43b4fd5e0db078012df0fcdadb1a4d30d4ef165d7bcdca101f7eaf025,488101,application/pdf,2026-10-02T17:46:42Z,upstream,https://github.com/sakthipriyan/financial-data/raw/fa278a509a956062c41aae859b9818bcba95779a/src/sbi-fx-card-rates/2022/2022-04-27.pdf
sbi/forex-card-rates/2022/2022-04-28.pdf,82a92b2ba7d9f337cfb1c588864e1d88fd0e694cfebaa713345adc61179fe27c,488105,application/pdf,2026-10-02T17:46:42Z,upstream,https://github.com/sakthipriyan/financial-data/raw/fa278a509a956062c41aae859b9818bcba95779a/src/sbi-fx-card-rates/2022/2022-04-28.pdf
sbi/forex-card-rates/2022/2022-04-29.pdf,4dc2f18719b2ae52f0ff1a254931c11b0dcab7833e76ea24aba1ebf64dd8c95a,488113,application/pdf,2026-10-02T17:46:42Z,upstream,https://github.com/sakthipriyan/financial-data/raw/fa278a509a956062c41aae859b9818bcba95779a/src/sbi-fx-card-rates/2022/2022-04-29.pdf
sbi/forex-card-rates/2022/2022-04-30.pdf,afc95ea2dad609c7f98cf15ba9318c8e6df14b8cc5efab85fd7a94503f1fc67e,487780,application/pdf,2026-10-02T17:46:42Z,upstream,https://github.com/sakthipriyan/financial-data/raw/fa278a509a956062c41aae859b9818bcba95779a/src/sbi-fx-card-rates/2022/2022-04-30.pdf
sbi/forex-card-rates/2022/2022-05-04.pdf,285d2374cb6d08c8daf1ee8780b2c08b5783b478dd21940c53bb20c9b7ba5d71,488097,application/pdf,2026-10-02T17:46:42Z,upstream,https://github.com/sakthipriyan/financial-data/raw/fa278a509a956062c41aae859b9818bcba95779a/src/sbi-fx-card-rates/2022/2022-05-04.pdf
sbi/forex-card-rates/2022/2022-05-05.pdf,4bebf8a1a88e1308bcb7070983e007faf56633cb088cac69eaafc4f145a28bb2,488121,application/pdf,2026-10-02T17:46:42Z,upstream,https://github.com/sakthipriyan/financial-data/raw/fa278a509a956062c41aae859b9818bcba95779a/src/sbi-fx-card-rates/2022/2022-05-05.pdf
sbi/forex-card-rates/2022/2022-05-06.pdf,d9ccf23436bdfe1e9fbd05c67fc4143d15ec4e051355832ec6aee7f7adfa8fb5,488109,application/pdf,2026-10-02T17:46:42Z,upstream,https://github.com/sakthipriyan/financial-data/raw/fa278a509a956062c41aae859b9818bcba95779a/src/sbi-fx-card-rates/2022/2022-05-06.pdf
sbi/forex-card-rates/2022/2022-05-07.pdf,bbda192003b5b624980555dd0ed66af9d846187f052b83f9e16cd9e060524f64,487749,application/pdf,2026-10-02T17:46:42Z,upstream,https://github.com/sakthipriyan/financial-data/raw/fa278a509a956062c41aae859b9818bcba95779a/src/sbi-fx-card-rates/2022/2022-05-07.pdf
sbi/forex-card-rates/2022/2022-05-09.pdf,3748d50a99a7d2c2910948c6e0e1f4e33a4dfec87a1d94235c02d6659086f476,487931,application/pdf,2026-10-02T17:46:42Z,upstream,https://github.com/sakthipriyan/financial-data/raw/fa278a509a956062c41aae859b9818bcba95779a/src/sbi-fx-card-rates/2022/2022-05-09.pdf
sbi/forex-card-rates/2022/2022-05-11.pdf,0c11907e4da7e3f22f9152fe621eec72796c1507e5cb54e1be8aa0313b334f59,488096,application/pdf,2026-10-02T17:46:42Z,upstream,https://github.com/sakthipriyan/financial-data/raw/fa278a509a956062c41aae859b9818bcba95779a/src/sbi-fx-card-rates/2022/2022-05-11.pdf
sbi/forex-card-rates/2022/2022-05-12.pdf,28927e3cbcafaa1bdf70e4ab9d2fdf45e5223ee1b833af44e78d4602d5d5e72e,488066,application/pdf,2026-10-02T17:46:42Z,upstream,https://github.com/sakthipriyan/financial-data/raw/fa278a509a956062c41aae859b9818bcba95779a/src/sbi-fx-card-rates/2022/2022-05-12.pdf
sbi/forex-card-rates/2022/2022-05-13.pdf,2efc19e0647dd62364995485ca793a314396c9eee11d74e69a20faad32fecc53,488050,application/pdf,2026-10-02T17:46:42Z,upstream,https://github.com/sakthipriyan/financial-data/raw/fa278a509a956062c41aae859b9818bcba95779a/src/sbi-fx-card-rates/2022/2022-05-13.pdf
sbi/forex-card-rates/2022/2022-05-17.pdf,ab1f80eb2bf869c9bfb4e1049c01e0973590f0cfe18d4a099b69bef78ec907e5,485708,application/pdf,2026-10-02T17:46:42Z,upstream,https://github.com/sakthipriyan/financial-data/raw/fa278a509a956062c41aae859b9818bcba95779a/src/sbi-fx-card-rates/2022/2022-05-17.pdf
sbi/forex-card-rates/2022/2022-05-18.pdf,ead7556ebf140d8fb83d9f1485d35373b6246b371750fae0c1e993c51fb3154d,485644,application/pdf,2026-10-02T17:46:42Z,upstream,https://github.com/sakthipriyan/financial-data/raw/fa278a509a956062c41aae859b9818bcba95779a/src/sbi-fx-card-rates/2022/2022-05-18.pdf
sbi/forex-card-rates/2022/2022-05-19.pdf,c7221f9739fc31f58426145e768e9d1663c832557894cccc4abfa7012842aa47,487653,application/pdf,2026-10-02T17:46:42Z,upstream,https://github.com/sakthipriyan/financial-data/raw/fa278a509a956062c41aae859b9818bcba95779a/src/sbi-fx-card-rates/2022/2022-05-19.pdf
sbi/forex-card-rates/2022/2022-05-20.pdf,e7cbf36e9e1fbce6aba314541360b21d8c08c0554c24bfd82a4c8c924845d2af,487618,application/pdf,2026-10-02T17:46:42Z,upstream,https://github.com/sakthipriyan/financial-data/raw/fa278a509a956062c41aae859b9818bcba95779a/src/sbi-fx-card-rates/2022/2022-05-20.pdf
sbi/forex-card-rates/2022/2022-05-21.pdf,a544d48d80b8b2c20deded27003872167e15b62709bcc68c81954cf9563b7ab2,487780,application/pdf,2026-10-02T17:46:42Z,upstream,https://github.com/sakthipriyan/financial-data/raw/fa278a509a956062c41aae859b9818bcba95779a/src/sbi-fx-card-rates/2022/2022-05-21.pdf
sbi/forex-card-rates/2022/2022-05-23.pdf,28502983b7d0d2ea3b36233af31883089007c5993b5c5ea956def823fd1ce017,488039,application/pdf,2026-10-02T17:46:42Z,upstream,https://github.com/sakthipriyan/financial-data/raw/fa278a509a956062c41aae859b9818bcba95779a/src/sbi-fx-card-rates/2022/2022-05-23.pdf
sbi/forex-card-rates/2022/2022-05-24.pdf,f0ec5c475dacc10e8bcfacc89259b0b5cc9066c1070b344e43d1039db5fd2d03,485682,application/pdf,2026-10-02T17:46:42Z,upstream,https://github.com/sakthipriyan/financial-data/raw/fa278a509a956062c41aae859b9818bcba95779a/src/sbi-fx-card-rates/2022/2022-05-24.pdf
sbi/forex-card-rates/2022/2022-05-25.pdf,efe44531c721de56fff1c9c1d0283bd7f98af772ace5541103627f174c7466dd,488421,application/pdf,2026-10-02T17:46:42Z,upstream,https://github.com/sakthipriyan/financial-data/raw/fa278a509a956062c41aae859b9818bcba95779a/src/sbi-fx-card-rates/2022/2022-05-25.pdf
sbi/forex-card-rates/2022/2022-05-26.pdf,f19444995a9c368595b04cd23dbedcef932d4e91e38ab6331db1f346c5190987,488049,application/pdf,2026-10-02T17:46:42Z,upstream,https://github.com/sakthipriyan/financial-data/raw/fa278a509a956062c41aae859b9818bcba95779a/src/sbi-fx-card-rates/2022/2022-05-26.pdf
sbi/forex-card-rates/2022/2022-05-27.pdf,616bc7c9218c30df0f127ac12ed69bc1f7142d01ae0d25b86a4a24f7d9f7b1dd,488068,application/pdf,2026-10-02T17:46:42Z,upstream,https://github.com/sakthipriyan/financial-data/raw/fa278a509a956062c41aae859b9818bcba95779a/src/sbi-fx-card-rates/2022/2022-05-27.pdf
sbi/forex-card-rates/2022/2022-05-30.pdf,f8994b5966cd2877f87cdc727bf53f6ef4ca77e9c769f90185bf527dadbe0633,488091,application/pdf,2026-10-02T17:46:42Z,upstream,https://github.com/sakthipriyan/financial-data/raw/fa278a509a956062c41aae859b9818bcba95779a/src/sbi-fx-card-rates/2022/2022-05-30.pdf
sbi/forex-card-rates/2022/2022-05-31.pdf,3261a1b388cc00b156346f54da8ee0fce2471c0477353bba13e092d8dd98f5f1,488048,application/pdf,2026-10-02T17:46:42Z,upstream,https://github.com/sakthipriyan/financial-data/raw/fa278a509a956062c41aae859b9818bcba95779a/src/sbi-fx-card-rates/2022/2022-05-31.pdf
sbi/forex-card-rates/2022/2022-06-02.pdf,8f86c370623b463dc951267d35a106bfa20a8c7f8ca12ab8ceaa8ba4900c81a3,488057,application/pdf,2026-10-02T17:46:42Z,upstream,https://github.com/sakthipriyan/financial-data/raw/fa278a509a956062c41aae859b9818bcba95779a/src/sbi-fx-card-rates/2022/2022-06-02.pdf
sbi/forex-card-rates/2022/2022-06-03.pdf,51a1f531dc063a35d529d5162019c09d5874e08723b75e8c34adfc7b234c5735,488075,application/pdf,2026-10-02T17:46:42Z,upstream,https://github.com/sakthipriyan/financial-data/raw/fa278a509a956062c41aae859b9818bcba95779a/src/sbi-fx-card-rates/2022/2022-06-03.pdf
sbi/forex-card-rates/2022/2022-06-04.pdf,5e58d6e294c68ed29afda599bc3659f00d9658bdc79af0ef2ffc275345c079cb,487747,application/pdf,2026-10-02T17:46:42Z,upstream,https://github.com/sakthipriyan/financial-data/raw/fa278a509a956062c41aae859b9818bcba95779a/src/sbi-fx-card-rates/2022/2022-06-04.pdf
sbi/forex-card-rates/2022/2022-06-06.pdf,bd899e06fdfc012bc0eec7073fb9fc1adcd8e94953b8bb12241c3076496d4972,488120,application/pdf,2026-10-02T17:46:42Z,upstream,https://github.com/sakthipriyan/financial-data/raw/fa278a509a956062c41aae859b9818bcba95779a/src/sbi-fx-card-rates/2022/2022-06-06.pdf
sbi/forex-card-rates/2022/2022-06-07.pdf,c97a73a469679a2b63a407482e8e43d58e92191780d52ecf287c5a91956c5d0f,488083,application/pdf,2026-10-02T17:46:42Z,upstream,https://github.com/sakthipriyan/financial-data/raw/fa278a509a956062c41aae859b9818bcba95779a/src/sbi-fx-card-rates/2022/2022-06-07.pdf
sbi/forex-card-rates/2022/2022-06-08.pdf,c2e29c045ed62b82a9927d0bac234d9143a152cc2cde2613d2db94883b4c8461,570584,application/pdf,2026-10-02T17:46:42Z,upstream,https://github.com/sakthipriyan/financial-data/raw/fa278a509a956062c41aae859b9818bcba95779a/src/sbi-fx-card-rates/2022/2022-06-08.pdf
sbi/forex-card-rates/2022/2022-06-09.pdf,2ad43401e25b89e98423b12e25142a81cfedb3320c9f44e33ee85b2e9206e44a,488072,application/pdf,2026-10-02T17:46:42Z,upstream,https://github.com/sakthipriyan/financial-data/raw/fa278a509a956062c41aae859b9818bcba95779a/src/sbi-fx-card-rates/2022/2022-06-09.pdf
sbi/forex-card-rates/2022/2022-06-10.pdf,02ba2b566406179c147424ff9245374ce962ba367fa79ed20dd1ec00fe38919c,488002,application/pdf,2026-10-02T17:46:42Z,upstream,https://github.com/sakthipriyan/financial-data/raw/fa278a509a956062c41aae859b9818bcba95779a/src/sbi-fx-card-rates/2022/2022-06-10.pdf
sbi/forex-card-rates/2022/2022-06-13.pdf,ea503e654505c9d3d8b80930ea8e209bc7960c78049d5a01a70bc73091bfa88e,488015,application/pdf,2026-10-02T17:46:42Z,upstream,https://github.com/sakthipriyan/financial-data/raw/fa278a509a956062c41aae859b9818bcba95779a/src/sbi-fx-card-rates/2022/2022-06-13.pdf
sbi/forex-card-rates/2022/2022-06-14.pdf,9cc46e8bd3b1978acd67b4474e590a34bfdc9583548794e78ef911cb840ebc59,487805,application/pdf,2026-10-02T17:46:42Z,upstream,https://github.com/sakthipriyan/financial-data/raw/fa278a509a956062c41aae859b9818bcba95779a/src/sbi-fx-card-rates/2022/2022-06-14.pdf
sbi/forex-card-rates/2022/2022-06-15.pdf,e252539f1b2dea8ca10253e29265d641546ea8d00d8f5ac21b1077919c60ccbe,488134,application/pdf,2026-10-02T17:46:42Z,upstream,https://github.com/sakthipriyan/financial-data/raw/fa278a509a956062c41aae859b9818bcba95779a/src/sbi-fx-card-rates/2022/2022-06-15.pdf
sbi/forex-card-rates/2022/2022-06-16.pdf,98f1718c9d9ccce0dc08803e5ec8794dc0eae21215e88d0f09dc980d41da17d3,488113,application/pdf,2026-10-02T17:46:42Z,upstream,https://github.com/sakthipriyan/financial-data/raw/fa278a509a956062c41aae859b9818bcba95779a/src/sbi-fx-card-rates/2022/2022-06-16.pdf
sbi/forex-card-rates/2022/2022-06-17.pdf,5ed905ddc87dadd05a9130b9c37c0ec6b3249d386e3726584835337112ff38dd,488103,application/pdf,2026-10-02T17:46:42Z,upstream,https://github.com/sakthipriyan/financial-data/raw/fa278a509a956062c41aae859b9818bcba95779a/src/sbi-fx-card-rates/2022/2022-06-17.pdf
sbi/forex-card-rates/2022/2022-06-18.pdf,88a97e10e07309efecb4118253aacc5d7c29b55779315e445f182589f6cfdd77,487772,application/pdf,2026-10-02T17:46:42Z,upstream,https://github.com/sakthipriyan/financial-data/raw/fa278a509a956062c41aae859b9818bcba95779a/src/sbi-fx-card-rates/2022/2022-06-18.pdf
sbi/forex-card-rates/2022/2022-06-20.pdf,be944d1802ec6096c939e0cdbe47b5f6ec3698b6eb3a26ef3faf659ff33f29c2,488108,application/pdf,2026-10-02T17:46:42Z,upstream,https://github.com/sakthipriyan/financial-data/raw/fa278a509a956062c41aae859b9818bcba95779a/src/sbi-fx-card-rates/2022/2022-06-20.pdf
sbi/forex-card-rates/2022/2022-06-21.pdf,d7d47a37fe6477e1820ccbf30fa3af51ee62207933f8fc281830c240f07ecb29,488091,application/pdf,2026-10-02T17:46:42Z,upstream,https://github.com/sakthipriyan/financial-data/raw/fa278a509a956062c41aae859b9818bcba95779a/src/sbi-fx-card-rates/2022/2022-06-21.pdf
sbi/forex-card-rates/2022/2022-06-22.pdf,86c3e7f9a53ffae758409f90154001f3cc9238274abfc18a419d9c68d43873a6,488033,application/pdf,2026-10-02T17:46:42Z,upstream,https://github.com/sakthipriyan/financial-data/raw/fa278a509a956062c41aae859b9818bcba95779a/src/sbi-fx-card-rates/2022/2022-06-22.pdf
sbi/forex-card-rates/2022/2022-06-23.pdf,487aaba9126bfa4d771e4802d355b2da4aecaab2e18a3140b5cef2df6073942e,488086,application/pdf,2026-10-02T17:46:42Z,upstream,https://github.com/sakthipriyan/financial-data/raw/fa278a509a956062c41aae859b9818bcba95779a/src/sbi-fx-card-rates/2022/2022-06-23.pdf
sbi/forex-card-rates/2022/2022-06-24.pdf,cc1762ffedca907a966fdcffe9bc335d0ea9b360c773efa0c7709896d0890c70,488065,application/pdf,2026-10-02T17:46:42Z,upstream,https://github.com/sakthipriyan/financial-data/raw/fa278a509a956062c41aae859b9818bcba95779a/src/sbi-fx-card-rates/2022/2022-06-24.pdf
sbi/forex-card-rates/2022/2022-06-27.pdf,c46ce9062c8fa69da5eec54026ef5e03a610ff9c0e1477c0da1e6ef4613cc2ff,488084,application/pdf,2026-10-02T17:46:42Z,upstream,https://github.com/sakthipriyan/financial-data/raw/fa278a509a956062c41aae859b9818bcba95779a/src/sbi-fx-card-rates/2022/2022-06-27.pdf
sbi/forex-card-rates/2022/2022-06-28.pdf,6267b5b9593d2998397e8836bdf50011cf48bccb131d518054df52821a70b644,488094,application/pdf,2026-10-02T17:46:42Z,upstream,https://github.com/sakthipriyan/financial-data/raw/fa278a509a956062c41aae859b9818bcba95779a/src/sbi-fx-card-rates/2022/2022-06-28.pdf
sbi/forex-card-rates/2022/2022-06-29.pdf,fb531d1edfcd06ab7c36cc8c467f13a728eb984a112c286f804b22f7fd512787,488070,application/pdf,2026-10-02T17:46:42Z,upstream,https://github.com/sakthipriyan/financial-data/raw/fa278a509a956062c41aae859b9818bcba95779a/src/sbi-fx-card-rates/2022/2022-06-29.pdf
sbi/forex-card-rates/2022/2022-06-30.pdf,2705fb4ba98a6e6c85eca2e0717289f12ff58abce8ec972dbeceeaf5b1e3f0eb,488107,application/pdf,2026-10-02T17:46:42Z,upstream,https://github.com/sakthipriyan/financial-data/raw/fa278a509a956062c41aae859b9818bcba95779a/src/sbi-fx-card-rates/2022/2022-06-30.pdf
sbi/forex-card-rates/2022/2022-07-01.pdf,22843ac83c17abc5e04be663d31477894f692ba42e14237784341bd464f9eb6f,488064,application/pdf,2026-10-02T17:46:42Z,upstream,https://github.com/sakthipriyan/financial-data/raw/fa278a509a956062c41aae859b9818bcba95779a/src/sbi-fx-card-rates/2022/2022-07-01.pdf
sbi/forex-card-rates/2022/2022-07-02.pdf,20f938c489d8b3e3df02df66dbaebf979a17410d3a64c55aef41c0e6f3797392,485409,application/pdf,2026-10-02T17:46:42Z,upstream,https://github.com/sakthipriyan/financial-data/raw/fa278a509a956062c41aae859b9818bcba95779a/src/sbi-fx-card-rates/2022/2022-07-02.pdf
sbi/forex-card-rates/2022/2022-07-04.pdf,1efd1346350c95e6e5122e372ce1e2b5d42c73e5f21ec7c1320e846ef572b43a,488091,application/pdf,2026-10-02T17:46:42Z,upstream,https://github.com/sakthipriyan/financial-data/raw/fa278a509a956062c41aae859b9818bcba95779a/src/sbi-fx-card-rates/2022/2022-07-04.pdf
sbi/forex-card-rates/2022/2022-07-05.pdf,59a8b476271a32caec045ec2479a4a6ee2802a944211eebef308370f9f3bd127,488087,application/pdf,2026-10-02T17:46:42Z,upstream,https://github.com/sakthipriyan/financial-data/raw/fa278a509a956062c41aae859b9818bcba95779a/src/sbi-fx-card-rates/2022/2022-07-05.pdf
sbi/forex-card-rates/2022/2022-07-06.pdf,c22204aec412a6aa4f57991b4eb2fcdc5acd58c6145617d5c7735e49a03c01b7,487838,application/pdf,2026-10-02T17:46:42Z,upstream,https://github.com/sakthipriyan/financial-data/raw/fa278a509a956062c41aae859b9818bcba95779a/src/sbi-fx-card-rates/2022/2022-07-06.pdf
sbi/forex-card-rates/2022/2022-07-07.pdf,f866511b1d08669c0811743ef1c5204a54326994bd965e6fe9b65de9b6fc6e51,487966,application/pdf,2026-10-02T17:46:42Z,upstream,https://github.com/sakthipriyan/financial-data/raw/fa278a509a956062c41aae859b9818bcba95779a/src/sbi-fx-card-rates/2022/2022-07-07.pdf
sbi/forex-card-rates/2022/2022-07-08.pdf,33f651bae3092bd84c3b993a05715eda242a15e18df64c109e1764bb49fe5c7b,487792,application/pdf,2026-10-02T17:46:42Z,upstream,https://github.com/sakthipriyan/financial-data/raw/fa278a509a956062c41aae859b9818bcba95779a/src/sbi-fx-card-rates/2022/2022-07-08.pdf
sbi/forex-card-rates/2022/2022-07-11.pdf,176daa88cf2a644764ed0a9cf0105e69b5ebbce957e545fca36860f2dd389710,488143,application/pdf,2026-10-02T17:46:42Z,upstream,https://github.com/sakthipriyan/financial-data/raw/fa278a509a956062c41aae859b9818bcba95779a/src/sbi-fx-card-rates/2022/2022-07-11.pdf
sbi/forex-card-rates/2022/2022-07-12.pdf,28ab5a91f10c74d9b58154383ecdfdb220fc5b822c69c672aa342eb26bf3d8e4,488039,application/pdf,2026-10-02T17:46:42Z,upstream,https://github.com/sakthipriyan/financial-data/raw/fa278a509a956062c41aae859b9818bcba95779a/src/sbi-fx-card-rates/2022/2022-07-12.pdf
sbi/forex-card-rates/2022/2022-07-13.pdf,bbd96c51169c71541b799d0ded51cc0dde7aa85145150f445f3086bc9c25ac65,487829,application/pdf,2026-10-02T17:46:42Z,upstream,https://github.com/sakthipriyan/financial-data/raw/fa278a509a956062c41aae859b9818bcba95779a/src/sbi-fx-card-rates/2022/2022-07-13.pdf
sbi/forex-card-rates/2022/2022-07-14.pdf,59f77356573e32a693ead5094408be4b72833c31519b03e0ef2bbbdccf0910ba,488144,application/pdf,2026-10-02T17:46:42Z,upstream,https://github.com/sakthipriyan/financial-data/raw/fa278a509a956062c41aae859b9818bcba95779a/src/sbi-fx-card-rates/2022/2022-07-14.pdf
sbi/forex-card-rates/2022/2022-07-15.pdf,3acf3f61858d1ab0d25cea8942f0c53638f36961170f910e164363d15d820b3e,488051,application/pdf,2026-10-02T17:46:42Z,upstream,https://github.com/sakthipriyan/financial-data/raw/fa278a509a956062c41aae859b9818bcba95779a/src/sbi-fx-card-rates/2022/2022-07-15.pdf
sbi/forex-card-rates/2022/2022-07-16.pdf,1b2517436c13a456391f139013d1388f4713766319414b89478536f56c382aeb,487760,application/pdf,2026-10-02T17:46:42Z,upstream,https://github.com/sakthipriyan/financial-data/raw/fa278a509a956062c41aae859b9818bcba95779a/src/sbi-fx-card-rates/2022/2022-07-16.pdf
sbi/forex-card-rates/2022/2022-07-18.pdf,8c6f9d654f12f4b1afc863d5dab157e83eb1c494ec05a868c383bd9ef41f3f90,488039,application/pdf,2026-10-02T17:46:42Z,upstream,https://github.com/sakthipriyan/financial-data/raw/fa278a509a956062c41aae859b9818bcba95779a/src/sbi-fx-card-rates/2022/2022-07-18.pdf
sbi/forex-card-rates/2022/2022-07-19.pdf,d8a2a3978b50d7da08acf03dbac7de2f22b0b9e72d0da6e562e9ba85f4d6e9a8,488075,application/pdf,2026-10-02T17:46:42Z,upstream,https://github.com/sakthipriyan/financial-data/raw/fa278a509a956062c41aae859b9818bcba95779a/src/sbi-fx-card-rates/2022/2022-07-19.pdf
sbi/forex-card-rates/2022/2022-07-20.pdf,c2e58c9e27cffdc826bf563f5bc3180166e43b2123f99ff7406857530ee834c6,488459,application/pdf,2026-10-02T17:46:42Z,upstream,https://github.com/sakthipriyan/financial-data/raw/fa278a509a956062c41aae859b9818bcba95779a/src/sbi-fx-card-rates/2022/2022-07-20.pdf
sbi/forex-card-rates/2022/2022-07-21.pdf,78adac3ccada4fab4a12987b4ab3a536cd1dde09b720c8e7709febd5afb46b2b,487834,application/pdf,2026-10-02T17:46:42Z,upstream,https://github.com/sakthipriyan/financial-data/raw/fa278a509a956062c41aae859b9818bcba95779a/src/sbi-fx-card-rates/2022/2022-07-21.pdf
sbi/forex-card-rates/2022/2022-07-22.pdf,692717c69de77eb7b4688a1b3c616b57f4439b0f6cdd036d0d5d0a3ae4e1fa4e,487858,application/pdf,2026-10-02T17:46:42Z,upstream,https://github.com/sakthipriyan/financial-data/raw/fa278a509a956062c41aae859b9818bcba95779a/src/sbi-fx-card-rates/2022/2022-07-22.pdf
sbi/forex-card-rates/2022/2022-07-25.pdf,d70f9e9eb5f365a41b20007f48a91adaa1338125f7a16a52c896d46de674d80a,487841,application/pdf,2026-10-02T17:46:42Z,upstream,https://github.com/sakthipriyan/financial-data/raw/fa278a509a956062c41aae859b9818bcba95779a/src/sbi-fx-card-rates/2022/2022-07-25.pdf
sbi/forex-card-rates/2022/2022-07-26.pdf,688227dbd1b326081f20bd740af56dbb10a1a0081b84505017f669e3de18b90d,488031,application/pdf,2026-10-02T17:46:42Z,upstream,https://github.com/sakthipriyan/financial-data/raw/fa278a509a956062c41aae859b9818bcba95779a/src/sbi-fx-card-rates/2022/2022-07-26.pdf
sbi/forex-card-rates/2022/2022-07-27.pdf,bcd56a5b15f8ec452a35fc08c8779657fae930433a3fa8139b417df6a8324459,487944,application/pdf,2026-10-02T17:46:42Z,upstream,https://github.com/sakthipriyan/financial-data/raw/fa278a509a956062c41aae859b9818bcba95779a/src/sbi-fx-card-rates/2022/2022-07-27.pdf
sbi/forex-card-rates/2022/2022-07-29.pdf,6da284177391340c5f95aa100dd81778cdd537dda0f284e296a114e4ba43cc95,487609,application/pdf,2026-10-02T17:46:42Z,upstream,https://github.com/sakthipriyan/financial-data/raw/fa278a509a956062c41aae859b9818bcba95779a/src/sbi-fx-card-rates/2022/2022-07-29.pdf
sbi/forex-card-rates/2022/2022-07-30.pdf,44fac890d154a1e7ab8bcebaff377d577282c62d48a343c953e888ff64945f81,487756,application/pdf,2026-10-02T17:46:42Z,upstream,https://github.com/sakthipriyan/financial-data/raw/fa278a509a956062c41aae859b9818bcba95779a/src/sbi-fx-card-rates/2022/2022-07-30.pdf
sbi/forex-card-rates/2022/2022-08-02.pdf,01d4c0119e3902b293d700ed6c7f8b164606103643a80a6e127d361c0ab2ec8d,488065,application/pdf,2026-10-02T17:46:42Z,upstream,https://github.com/sakthipriyan/financial-data/raw/fa278a509a956062c41aae859b9818bcba95779a/src/sbi-fx-card-rates/2022/2022-08-02.pdf
sbi/forex-card-rates/2022/2022-08-03.pdf,8c559c8c92b84d224d338621e405028c48def29fb82c0e0d3b0fc9afce3160c6,488026,application/pdf,2026-10-02T17:46:42Z,upstream,https://github.com/sakthipriyan/financial-data/raw/fa278a509a956062c41aae859b9818bcba95779a/src/sbi-fx-card-rates/2022/2022-08-03.pdf
sbi/forex-card-rates/2022/2022-08-04.pdf,6653c423bd95c5ab4e1b7ef77085c8a17ab6c7bf01034a24a77f8752a7358747,487812,application/pdf,2026-10-02T17:46:42Z,upstream,https://github.com/sakthipriyan/financial-data/raw/fa278a509a956062c41aae859b9818bcba95779a/src/sbi-fx-card-rates/2022/2022-08-04.pdf
sbi/forex-card-rates/2022/2022-08-05.pdf,7ff636927345cc9f85ac02be03c1fbfbd8700d6b23b3d4385b72a56e6c7f4726,488069,application/pdf,2026-10-02T17:46:42Z,upstream,https://github.com/sakthipriyan/financial-data/raw/fa278a509a956062c41aae859b9818bcba95779a/src/sbi-fx-card-rates/2022/2022-08-05.pdf
sbi/forex-card-rates/2022/2022-08-10.pdf,7e8f981b4b977a4d92c5ce32b42ace1639a4e15ddc82ce31243c7b6f80795548,488039,application/pdf,2026-10-02T17:46:42Z,upstream,https://github.com/sakthipriyan/financial-data/raw/fa278a509a956062c41aae859b9818bcba95779a/src/sbi-fx-card-rates/2022/2022-08-10.pdf
sbi/forex-card-rates/2022/2022-08-11.pdf,5281f8c89f326fb4290f2d1b614b7af0ca88dd3caeae6dbbdb3e4cc212713457,488126,application/pdf,2026-10-02T17:46:42Z,upstream,https://github.com/sakthipriyan/financial-data/raw/fa278a509a956062c41aae859b9818bcba95779a/src/sbi-fx-card-rates/2022/2022-08-11.pdf
sbi/forex-card-rates/2022/2022-08-17.pdf,0cc79911a60418cb6b839e0b501c6f39a616e7239b02e5a4e0d87e51f72e6543,488058,application/pdf,2026-10-02T17:46:42Z,upstream,https://github.com/sakthipriyan/financial-data/raw/fa278a509a956062c41aae859b9818bcba95779a/src/sbi-fx-card-rates/2022/2022-08-17.pdf
sbi/forex-card-rates/2022/2022-08-18.pdf,7e52a7a15fbb4ff49a1ebfa3aecc3579c54b26346e780bbee25df78e793fd36e,488007,application/pdf,2026-10-02T17:46:42Z,upstream,https://github.com/sakthipriyan/financial-data/raw/fa278a509a956062c41aae859b9818bcba95779a/src/sbi-fx-card-rates/2022/2022-08-18.pdf
sbi/forex-card-rates/2022/2022-08-19.pdf,39c1f4d4137a24327e57b9a9bff8e81b1122aeb3565b3e35e0fd8476db3ff696,488115,application/pdf,2026-10-02T17:46:42Z,upstream,https://github.com/sakthipriyan/financial-data/raw/fa278a509a956062c41aae859b9818bcba95779a/src/sbi-fx-card-rates/2022/2022-08-19.pdf
sbi/forex-card-rates/2022/2022-08-20.pdf,5252fe4bd3c7b47d299577fdab2420712a9fd1cb03f9066692852a28403eb2fc,487768,application/pdf,2026-10-02T17:46:42Z,upstream,https://github.com/sakthipriyan/financial-data/raw/fa278a509a956062c41aae859b9818bcba95779a/src/sbi-fx-card-rates/2022/2022-08-20.pdf
sbi/forex-card-rates/2022/2022-08-22.pdf,772fb95ab7417b9af058bdd54808bcdd2392a8ecdfd7c438213448262fa537a9,487954,application/pdf,2026-10-02T17:46:42Z,upstream,https://github.com/sakthipriyan/financial-data/raw/fa278a509a956062c41aae859b9818bcba95779a/src/sbi-fx-card-rates/2022/2022-08-22.pdf
sbi/forex-card-rates/2022/2022-08-23.pdf,237adb96ac13d603fbe3274215e34c89441106baf113256d24a3348506519942,487934,application/pdf,2026-10-02T17:46:42Z,upstream,https://github.com/sakthipriyan/financial-data/raw/fa278a509a956062c41aae859b9818bcba95779a/src/sbi-fx-card-rates/2022/2022-08-23.pdf
sbi/forex-card-rates/2022/2022-08-24.pdf,1eac1d0ebda0bbc0844a74b3707f41c2401fd410104408fafb5fcfffe9e62b8a,488026,application/pdf,2026-10-02T17:46:42Z,upstream,https://github.com/sakthipriyan/financial-data/raw/fa278a509a956062c41aae859b9818bcba95779a/src/sbi-fx-card-rates/2022/2022-08-24.pdf
sbi/forex-card-rates/2022/2022-08-25.pdf,7c2c41e170aa3d16f34bc627ead755646054429499c8c0b25d50cf39975e0039,487760,application/pdf,2026-10-02T17:46:42Z,upstream,https://github.com/sakthipriyan/financial-data/raw/fa278a509a956062c41aae859b9818bcba95779a/src/sbi-fx-card-rates/2022/2022-08-25.pdf
sbi/forex-card-rates/2022/2022-08-26.pdf,801aae92b626c5c1d57b832f42796b6aea15c7a4f1e6923776e92118bc1371c7,488058,application/pdf,2026-10-02T17:46:42Z,upstream,https://github.com/sakthipriyan/financial-data/raw/fa278a509a956062c41aae859b9818bcba95779a/src/sbi-fx-card-rates/2022/2022-08-26.pdf
sbi/forex-card-rates/2022/2022-08-29.pdf,1bb73c5fe1022d86edf5dc3e44e87f4011066401e69280151dc2ba0f18aed53c,487815,application/pdf,2026-10-02T17:46:42Z,upstream,https://github.com/sakthipriyan/financial-data/raw/fa278a509a956062c41aae859b9818bcba95779a/src/sbi-fx-card-rates/2022/2022-08-29.pdf
sbi/forex-card-rates/2022/2022-08-30.pdf,42d26f9b011174e9d624dd8cf6efc2b0abb32b7edcdb0bde8b1d469472c8f666,488060,application/pdf,2026-10-02T17:46:42Z,upstream,https://github.com/sakthipriyan/financial-data/raw/fa278a509a956062c41aae859b9818bcba95779a/src/sbi-fx-card-rates/2022/2022-08-30.pdf
sbi/forex-card-rates/2022/2022-09-01.pdf,0877824aa887fb3dbda8ecbef2155270796acea1ae9ff990bd670165efd2fcc0,487937,application/pdf,2026-10-02T17:46:42Z,upstream,https://github.com/sakthipriyan/financial-data/raw/fa278a509a956062c41aae859b9818bcba95779a/src/sbi-fx-card-rates/2022/2022-09-01.pdf
sbi/forex-card-rates/2022/2022-09-02.pdf,f9bb1075a7223b14c603b089fec3f9ad04e4d3f2b262a8f427b6fa05f4eb2ac6,487995,application/pdf,2026-10-02T17:46:42Z,upstream,https://github.com/sakthipriyan/financial-data/raw/fa278a509a956062c41aae859b9818bcba95779a/src/sbi-fx-card-rates/2022/2022-09-02.pdf
sbi/forex-card-rates/2022/2022-09-03.pdf,2dc34f619c0a49c08aa41b305bb28572480f082aa6646bb4e47df2050d198e6d,487670,application/pdf,2026-10-02T17:46:42Z,upstream,https://github.com/sakthipriyan/financial-data/raw/fa278a509a956062c41aae859b9818bcba95779a/src/sbi-fx-card-rates/2022/2022-09-03.pdf
sbi/forex-card-rates/2022/2022-09-05.pdf,c9795bbb5218ac092e75389bbee67e9a9971bb26e298130e58a004a1142aa6f8,488066,application/pdf,2026-10-02T17:46:42Z,upstream,https://github.com/sakthipriyan/financial-data/raw/fa278a509a956062c41aae859b9818bcba95779a/src/sbi-fx-card-rates/2022/2022-09-05.pdf
sbi/forex-card-rates/2022/2022-09-06.pdf,3eb00cf05f863164b0da0f9e209f8666a1da88f7751eb25de7dd83156706e9e2,488082,application/pdf,2026-10-02T17:46:42Z,upstream,https://github.com/sakthipriyan/financial-data/raw/fa278a509a956062c41aae859b9818bcba95779a/src/sbi-fx-card-rates/2022/2022-09-06.pdf
sbi/forex-card-rates/2022/2022-09-07.pdf,8d15278dfe0a42dc1f63ee772d3d3daca1191f72e3b7bfbd03708b1a950c6192,488035,application/pdf,2026-10-02T17:46:42Z,upstream,https://github.com/sakthipriyan/financial-data/raw/fa278a509a956062c41aae859b9818bcba95779a/src/sbi-fx-card-rates/2022/2022-09-07.pdf
sbi/forex-card-rates/2022/2022-09-09.pdf,26b73ddb2dffabc48ba672a81eb7d1a318e4789ff8d001f7661bb567ccef26ef,487796,application/pdf,2026-10-02T17:46:42Z,upstream,https://github.com/sakthipriyan/financial-data/raw/fa278a509a956062c41aae859b9818bcba95779a/src/sbi-fx-card-rates/2022/2022-09-09.pdf
sbi/forex-card-rates/2022/2022-09-12.pdf,d3b9286e11a6114b69ec2e1385240ce68c5eb23f33797dbf0a959c0fce3a48bb,487216,application/pdf,2026-10-02T17:46:42Z,upstream,https://github.com/sakthipriyan/financial-data/raw/fa278a509a956062c41aae859b9818bcba95779a/src/sbi-fx-card-rates/2022/2022-09-12.pdf
sbi/forex-card-rates/2022/2022-09-13.pdf,c9c4ee8199bd18df2bb55380c1d80f2dd81bbd0dafbc7b91bb29dcb7d2a12d51,487899,application/pdf,2026-10-02T17:46:42Z,upstream,https://github.com/sakthipriyan/financial-data/raw/fa278a509a956062c41aae859b9818bcba95779a/src/sbi-fx-card-rates/2022/2022-09-13.pdf
sbi/forex-card-rates/2022/2022-09-14.pdf,226bb4871949cb4087f7d7fafe889a9e80925e7f8bab775d13e7e135a0aae64c,488039,application/pdf,2026-10-02T17:46:42Z,upstream,https://github.com/sakthipriyan/financial-data/raw/fa278a509a956062c41aae859b9818bcba95779a/src/sbi-fx-card-rates/2022/2022-09-14.pdf
sbi/forex-card-rates/2022/2022-09-15.pdf,8fedb64872c3844479d159c8735999e0c4d3f87a244bd0adcff2d6c02464bfdb,487964,application/pdf,2026-10-02T17:46:42Z,upstream,https://github.com/sakthipriyan/financial-data/raw/fa278a509a956062c41aae859b9818bcba95779a/src/sbi-fx-card-rates/2022/2022-09-15.pdf
sbi/forex-card-rates/2022/2022-09-16.pdf,823a5be5ac06275584acab02038f798bb31df3781716a2ba32274a6a808cfde7,488019,application/pdf,2026-10-02T17:46:42Z,upstream,https://github.com/sakthipriyan/financial-data/raw/fa278a509a956062c41aae859b9818bcba95779a/src/sbi-fx-card-rates/2022/2022-09-16.pdf
sbi/forex-card-rates/2022/2022-09-17.pdf,f5ba292ef1f2ca5d0b2551bfb200dfd08286bac4b45947c4e2c646f624f70953,487746,application/pdf,2026-10-02T17:46:42Z,upstream,https://github.com/sakthipriyan/financial-data/raw/fa278a509a956062c41aae859b9818bcba95779a/src/sbi-fx-card-rates/2022/2022-09-17.pdf
sbi/forex-card-rates/2022/2022-09-19.pdf,a97c9ab2ba80ce1eee969dfb4824a16723d41a14ae1e262aaf62dcb5e39ad5d9,488030,application/pdf,2026-10-02T17:46:42Z,upstream,https://github.com/sakthipriyan/financial-data/raw/fa278a509a956062c41aae859b9818bcba95779a/src/sbi-fx-card-rates/2022/2022-09-19.pdf
sbi/forex-card-rates/2022/2022-09-20.pdf,a67539af8fe8adb490e14d6124dac6b03a3e7bb3a2bab1fcffdbd194fe3aee09,488061,application/pdf,2026-10-02T17:46:42Z,upstream,https://github.com/sakthipriyan/financial-data/raw/fa278a509a956062c41aae859b9818bcba95779a/src/sbi-fx-card-rates/2022/2022-09-20.pdf
sbi/forex-card-rates/2022/2022-09-21.pdf,e3544ef2c330f4e7862958899a59e4ad529c00fa3c3f2e41ebdef7b1d096dc73,487995,application/pdf,2026-10-02T17:46:42Z,upstream,https://github.com/sakthipriyan/financial-data/raw/fa278a509a956062c41aae859b9818bcba95779a/src/sbi-fx-card-rates/2022/2022-09-21.pdf
sbi/forex-card-rates/2022/2022-09-22.pdf,a14bc1af897648588070606aeba11c0ad9cc02923a1511a78bc4cf7f627edb24,487939,application/pdf,2026-10-02T17:46:42Z,upstream,https://github.com/sakthipriyan/financial-data/raw/fa278a509a956062c41aae859b9818bcba95779a/src/sbi-fx-card-rates/2022/2022-09-22.pdf
sbi/forex-card-rates/2022/2022-09-23.pdf,ca593da7580c63cedb7916431942a2988a58c5f91fd5c60451281a38197ef17f,487952,application/pdf,2026-10-02T17:46:42Z,upstream,https://github.com/sakthipriyan/financial-data/raw/fa278a509a956062c41aae859b9818bcba95779a/src/sbi-fx-card-rates/2022/2022-09-23.pdf
sbi/forex-card-rates/2022/2022-09-26.pdf,626a66ab98bdee0338a114a075aee01adcaeca88c5e4636717363201596049de,487893,application/pdf,2026-10-02T17:46:42Z,upstream,https://github.com/sakthipriyan/financial-data/raw/fa278a509a956062c41aae859b9818bcba95779a/src/sbi-fx-card-rates/2022/2022-09-26.pdf
sbi/forex-card-rates/2022/2022-09-27.pdf,7bdbcb7fec406abd853c0aba92049aba6e11fc1381eb609e7169815ce7120c44,488009,application/pdf,2026-10-02T17:46:42Z,upstream,https://github.com/sakthipriyan/financial-data/raw/fa278a509a956062c41aae859b9818bcba95779a/src/sbi-fx-card-rates/2022/2022-09-27.pdf
sbi/forex-card-rates/2022/2022-09-28.pdf,8a59f7bc838fa7331d580c483e33bb1c8520cf27ee70b6f679f886b13242032c,487961,application/pdf,2026-10-02T17:46:42Z,upstream,https://github.com/sakthipriyan/financial-data/raw/fa278a509a956062c41aae859b9818bcba95779a/src/sbi-fx-card-rates/2022/2022-09-28.pdf
sbi/forex-card-rates/2022/2022-09-29.pdf,8439a8bc484ca0663d89f78de9218fae0af6af25d7d0230f697e7b6282fd8618,487918,application/pdf,2026-10-02T17:46:42Z,upstream,https://github.com/sakthipriyan/financial-data/raw/fa278a509a956062c41aae859b9818bcba95779a/src/sbi-fx-card-rates/2022/2022-09-29.pdf
sbi/forex-card-rates/2022/2022-09-30.pdf,6f1e431fb2c7fa713a566f1756fe20cda148ae9cefaf5da90d1b6ba2e2861019,488011,application/pdf,2026-10-02T17:46:42Z,upstream,https://github.com/sakthipriyan/financial-data/raw/fa278a509a956062c41aae859b9818bcba95779a/src/sbi-fx-card-rates/2022/2022-09-30.pdf
sbi/forex-card-rates/2022/2022-10-01.pdf,2b649f32902527ba2e29bc5fe80381e1fb8f9a9f12c36c11b39a6b93661bf61a,487987,application/pdf,2026-10-02T17:46:42Z,upstream,https://github.com/sakthipriyan/financial-data/raw/fa278a509a956062c41aae859b9818bcba95779a/src/sbi-fx-card-rates/2022/2022-10-01.pdf
sbi/forex-card-rates/2022/2022-10-03.pdf,5ded0e885777ed72347980e6aaf1d60b806f2d50d86b6c1407f854ac08fe202d,485652,application/pdf,2026-10-02T17:46:42Z,upstream,https://github.com/sakthipriyan/financial-data/raw/fa278a509a956062c41aae859b9818bcba95779a/src/sbi-fx-card-rates/2022/2022-10-03.pdf
sbi/forex-card-rates/2022/2022-10-04.pdf,1ac2c41460c3ae32128d1cff765ffe1a5081316cae3a1a072d88463a8b7879ae,488040,application/pdf,2026-10-02T17:46:42Z,upstream,https://github.com/sakthipriyan/financial-data/raw/fa278a509a956062c41aae859b9818bcba95779a/src/sbi-fx-card-rates/2022/2022-10-04.pdf
sbi/forex-card-rates/2022/2022-10-06.pdf,23883bfe6c96efcd615e695a2e19c81f7dacc2766ec6d9c0c651d23779e28a74,488082,application/pdf,2026-10-02T17:46:42Z,upstream,https://github.com/sakthipriyan/financial-data/raw/fa278a509a956062c41aae859b9818bcba95779a/src/sbi-fx-card-rates/2022/2022-10-06.pdf
sbi/forex-card-rates/2022/2022-10-07.pdf,87bcd1dc5abe65c9dd9967fdbf3d4d4ec34087dc96e91e3943d02a86eb91f720,488032,application/pdf,2026-10-02T17:46:42Z,upstream,https://github.com/sakthipriyan/financial-data/raw/fa278a509a956062c41aae859b9818bcba95779a/src/sbi-fx-card-rates/2022/2022-10-07.pdf
sbi/forex-card-rates/2022/2022-10-10.pdf,cc2dac128138ba0ba8a238b78ba047ae2b0ec680d360e056145ebaed86e8cdf3,487987,application/pdf,2026-10-02T17:46:42Z,upstream,https://github.com/sakthipriyan/financial-data/raw/fa278a509a956062c41aae859b9818bcba95779a/src/sbi-fx-card-rates/2022/2022-10-10.pdf
sbi/forex-card-rates/2022/2022-10-11.pdf,53fd970e19e18f85823b72450e271714521e7f3914856a4678fa264019a78e5e,487904,application/pdf,2026-10-02T17:46:42Z,upstream,https://github.com/sakthipriyan/financial-data/raw/fa278a509a956062c41aae859b9818bcba95779a/src/sbi-fx-card-rates/2022/2022-10-11.pdf
sbi/forex-card-rates/2022/2022-10-12.pdf,84c16f29aa306b5db2e657e9dbff38a50ef8d082f4f0f7fe2e2fed3f4d04bab1,570475,application/pdf,2026-10-02T17:46:42Z,upstream,https://github.com/sakthipriyan/financial-data/raw/fa278a509a956062c41aae859b9818bcba95779a/src/sbi-fx-card-rates/2022/2022-10-12.pdf
sbi/forex-card-rates/2022/2022-10-13.pdf,570787f64cb716e5256dbc2044dc5bf266cfc8ba8d0325577a56da81a0430282,570422,application/pdf,2026-10-02T17:46:42Z,upstream,https://github.com/sakthipriyan/financial-data/raw/fa278a509a956062c41aae859b9818bcba95779a/src/sbi-fx-card-rates/2022/2022-10-13.pdf
sbi/forex-card-rates/2022/2022-10-15.pdf,99d6aae97b61d309f017707c46552ed82045eceadae1b5c277aa9c9f3e8e1107,570281,application/pdf,2026-10-02T17:46:42Z,upstream,https://github.com/sakthipriyan/financial-data/raw/fa278a509a956062c41aae859b9818bcba95779a/src/sbi-fx-card-rates/2022/2022-10-15.pdf
sbi/forex-card-rates/2022/2022-10-17.pdf,994583154be6ec7c999fb20749c3e9cb9171c90e8d38bfa4b03212ce7dd4bd37,570275,application/pdf,2026-10-02T17:46:42Z,upstream,https://github.com/sakthipriyan/financial-data/raw/fa278a509a956062c41aae859b9818bcba95779a/src/sbi-fx-card-rates/2022/2022-10-17.pdf
sbi/forex-card-rates/2022/2022-10-18.pdf,587fced3318042f3c1a82f461df30a26b0143004770233c2115cddc6198dd4cb,570502,application/pdf,2026-10-02T17:46:42Z,upstream,https://github.com/sakthipriyan/financial-data/raw/fa278a509a956062c41aae859b9818bcba95779a/src/sbi-fx-card-rates/2022/2022-10-18.pdf
sbi/forex-card-rates/2022/2022-10-19.pdf,bec1820ab61d5fbb3ce9fb1f8db8db6b347b446e00418cafd0dfc97358b82b81,487617,application/pdf,2026-10-02T17:46:42Z,upstream,https://github.com/sakthipriyan/financial-data/raw/fa278a509a956062c41aae859b9818bcba95779a/src/sbi-fx-card-rates/2022/2022-10-19.pdf
sbi/forex-card-rates/2022/2022-10-20.pdf,4293318e3df95ee8cb6b31aefe4acc1fb50b4939cfdc5fa844e6b01588cdd5bb,485386,application/pdf,2026-10-02T17:46:42Z,upstream,https://github.com/sakthipriyan/financial-data/raw/fa278a509a956062c41aae859b9818bcba95779a/src/sbi-fx-card-rates/2022/2022-10-20.pdf
sbi/forex-card-rates/2022/2022-10-21.pdf,8ab6620aa431363036a33394ae9f84b5c32c44667c0a380f9a0cd3f63e5ae1fc,488020,application/pdf,2026-10-02T17:46:42Z,upstream,https://github.com/sakthipriyan/financial-data/raw/fa278a509a956062c41aae859b9818bcba95779a/src/sbi-fx-card-rates/2022/2022-10-21.pdf
sbi/forex-card-rates/2022/2022-10-25.pdf,5dc69b8802c78b4cab1b35672e5bcdfcb099ec6f9bbc0c228f216d8bbec0ff79,487998,application/pdf,2026-10-02T17:46:42Z,upstream,https://github.com/sakthipriyan/financial-data/raw/fa278a509a956062c41aae859b9818bcba95779a/src/sbi-fx-card-rates/2022/2022-10-25.pdf
sbi/forex-card-rates/2022/2022-10-27.pdf,496bf165ddd858b16c9d911c1f43ed9e2a23dd9a38672af8bb3e6893b11ce03d,487993,application/pdf,2026-10-02T17:46:42Z,upstream,https://github.com/sakthipriyan/financial-data/raw/fa278a509a956062c41aae859b9818bcba95779a/src/sbi-fx-card-rates/2022/2022-10-27.pdf
sbi/forex-card-rates/2022/2022-10-28.pdf,192e583d0a05acf8bb3efc4c3de098065fe4334ff5893d02f22ceeff4f6ded5f,488061,application/pdf,2026-10-02T17:46:42Z,upstream,https://github.com/sakthipriyan/financial-data/raw/fa278a509a956062c41aae859b9818bcba95779a/src/sbi-fx-card-rates/2022/2022-10-28.pdf
sbi/forex-card-rates/2022/2022-10-29.pdf,f61e2870dd24a072de9a0c34690d83369daa51fbeca1382f1a2369140fac4615,487920,application/pdf,2026-10-02T17:46:42Z,upstream,https://github.com/sakthipriyan/financial-data/raw/fa278a509a956062c41aae859b9818bcba95779a/src/sbi-fx-card-rates/2022/2022-10-29.pdf
sbi/forex-card-rates/2022/2022-10-31.pdf,5cbc093f1068d52bfdb28c25a895e9b6176a7c882ccf347feabb7c817d428d2a,487970,application/pdf,2026-10-02T17:46:42Z,upstream,https://github.com/sakthipriyan/financial-data/raw/fa278a509a956062c41aae859b9818bcba95779a/src/sbi-fx-card-rates/2022/2022-10-31.pdf
sbi/forex-card-rates/2022/2022-11-01.pdf,e6fc745f76b29424d305a587aed1d3ec7504d4aa7302abb99527a9969fe69951,487877,application/pdf,2026-10-02T17:46:42Z,upstream,https://github.com/sakthipriyan/financial-data/raw/fa278a509a956062c41aae859b9818bcba95779a/src/sbi-fx-card-rates/2022/2022-11-01.pdf
sbi/forex-card-rates/2022/2022-11-02.pdf,a18a5f8dd4d03810e5a494ad6166e8e72260f8ad1e2bb0a359347630deb1c3d5,487987,application/pdf,2026-10-02T17:46:42Z,upstream,https://github.com/sakthipriyan/financial-data/raw/fa278a509a956062c41aae859b9818bcba95779a/src/sbi-fx-card-rates/2022/2022-11-02.pdf
sbi/forex-card-rates/2022/2022-11-03.pdf,e6ca92d77c8b8af591f9d6f2a6796d1ef3234667a275fafcb56ae7f9e185e935,487919,application/pdf,2026-10-02T17:46:42Z,upstream,https://github.com/sakthipriyan/financial-data/raw/fa278a509a956062c41aae859b9818bcba95779a/src/sbi-fx-card-rates/2022/2022-11-03.pdf
sbi/forex-card-rates/2022/2022-11-04.pdf,71282e4d8a0d953af412f505d2725db8aed5ade5ca3f1bd7bdf19cfbab663752,487904,application/pdf,2026-10-02T17:46:42Z,upstream,https://github.com/sakthipriyan/financial-data/raw/fa278a509a956062c41aae859b9818bcba95779a/src/sbi-fx-card-rates/2022/2022-11-04.pdf
sbi/forex-card-rates/2022/2022-11-05.pdf,8f0f22ae8b8620d56569ad9aea19c04c792898de833acc401833df1fce89934a,487903,application/pdf,2026-10-02T17:46:42Z,upstream,https://github.com/sakthipriyan/financial-data/raw/fa278a509a956062c41aae859b9818bcba95779a/src/sbi-fx-card-rates/2022/2022-11-05.pdf
sbi/forex-card-rates/2022/2022-11-07.pdf,df9456fa80a24ff590c07ea4140f30cfc19dd0a9266ab606885fd257eb422213,487966,application/pdf,2026-10-02T17:46:42Z,upstream,https://github.com/sakthipriyan/financial-data/raw/fa278a509a956062c41aae859b9818bcba95779a/src/sbi-fx-card-rates/2022/2022-11-07.pdf
sbi/forex-card-rates/2022/2022-11-09.pdf,e9ae06b87c1da91a37f919821d065ffebaf665cc748fd4bba2dc572375870a26,488018,application/pdf,2026-10-02T17:46:42Z,upstream,https://github.com/sakthipriyan/financial-data/raw/fa278a509a956062c41aae859b9818bcba95779a/src/sbi-fx-card-rates/2022/2022-11-09.pdf
sbi/forex-card-rates/2022/2022-11-10.pdf,ced25c2fadd7eaae5175089b3c34509c4ff63b850907c5d30bed54175710fe1c,488024,application/pdf,2026-10-02T17:46:42Z,upstream,https://github.com/sakthipriyan/financial-data/raw/fa278a509a956062c41aae859b9818bcba95779a/src/sbi-fx-card-rates/2022/2022-11-10.pdf
sbi/forex-card-rates/2022/2022-11-11.pdf,1d9af2b204d4dccc175b88f8d2cbcb91b20f992c837c9c7bdaebc91df8bd1bf6,488044,application/pdf,2026-10-02T17:46:42Z,upstream,https://github.com/sakthipriyan/financial-data/raw/fa278a509a956062c41aae859b9818bcba95779a/src/sbi-fx-card-rates/2022/2022-11-11.pdf
sbi/forex-card-rates/2022/2022-11-14.pdf,71a3809e0d827783870596bc66cf6967012e77f152a2177f013b340608bb209b,487960,application/pdf,2026-10-02T17:46:42Z,upstream,https://github.com/sakthipriyan/financial-data/raw/fa278a509a956062c41aae859b9818bcba95779a/src/sbi-fx-card-rates/2022/2022-11-14.pdf
sbi/forex-card-rates/2022/2022-11-15.pdf,2989c6e7e13b37c765667ff8716c950fe63e54b0976ad989566ad9ab470ef9c2,488071,application/pdf,2026-10-02T17:46:42Z,upstream,https://github.com/sakthipriyan/financial-data/raw/fa278a509a956062c41aae859b9818bcba95779a/src/sbi-fx-card-rates/2022/2022-11-15.pdf
sbi/forex-card-rates/2022/2022-11-16.pdf,fcfcbb549fae9a2a7b877fd652ef654ef48945c644b8514bf429508e1d3e8f4c,487917,application/pdf,2026-10-02T17:46:42Z,upstream,https://github.com/sakthipriyan/financial-data/raw/fa278a509a956062c41aae859b9818bcba95779a/src/sbi-fx-card-rates/2022/2022-11-16.pdf
sbi/forex-card-rates/2022/2022-11-17.pdf,a121c48115074bc7df8af355e64fd1c2147f72ad7ec00c92546ba0e14dcadb00,488075,application/pdf,2026-10-02T17:46:42Z,upstream,https://github.com/sakthipriyan/financial-data/raw/fa278a509a956062c41aae859b9818bcba95779a/src/sbi-fx-card-rates/2022/2022-11-17.pdf
sbi/forex-card-rates/2022/2022-11-18.pdf,4696f5cebe0db871d315f2b8f35fb6c9f0b127ff5fec1bed4b8e23b10124e2e9,488013,application/pdf,2026-10-02T17:46:42Z,upstream,https://github.com/sakthipriyan/financial-data/raw/fa278a509a956062c41aae859b9818bcba95779a/src/sbi-fx-card-rates/2022/2022-11-18.pdf
sbi/forex-card-rates/2022/2022-11-19.pdf,0ede81e0c98118a3a5547bed309030b5848c7a3ca0cb496eeb684ed00eaa3623,487930,application/pdf,2026-10-02T17:46:42Z,upstream,https://github.com/sakthipriyan/financial-data/raw/fa278a509a956062c41aae859b9818bcba95779a/src/sbi-fx-card-rates/2022/2022-11-19.pdf
sbi/forex-card-rates/2022/2022-11-21.pdf,7a91aaac3379f48be4ec62941d4372f31fbcad438aba69b7bc37ccd02f880dc5,487935,application/pdf,2026-10-02T17:46:42Z,upstream,https://github.com/sakthipriyan/financial-data/raw/fa278a509a956062c41aae859b9818bcba95779a/src/sbi-fx-card-rates/2022/2022-11-21.pdf
sbi/forex-card-rates/2022/2022-11-22.pdf,bce8776bba4c114bd9b4dd0b9a355b531b026531238f7a502c571a06e31dd606,488042,application/pdf,2026-10-02T17:46:42Z,upstream,https://github.com/sakthipriyan/financial-data/raw/fa278a509a956062c41aae859b9818bcba95779a/src/sbi-fx-card-rates/2022/2022-11-22.pdf
sbi/forex-card-rates/2022/2022-11-23.pdf,77267fe9aefc6dd27b596fca334acc35b5da9cf5e5be8d430b0c5c16f89d64d6,488042,application/pdf,2026-10-02T17:46:42Z,upstream,https://github.com/sakthipriyan/financial-data/raw/fa278a509a956062c41aae859b9818bcba95779a/src/sbi-fx-card-rates/2022/2022-11-23.pdf
sbi/forex-card-rates/2022/2022-11-24.pdf,36d35b3932e3dbf99b0bcf0fc7e0256c0801e2120048a51220ade85293a1c5bf,487925,application/pdf,2026-10-02T17:46:42Z,upstream,https://github.com/sakthipriyan/financial-data/raw/fa278a509a956062c41aae859b9818bcba95779a/src/sbi-fx-card-rates/2022/2022-11-24.pdf
sbi/forex-card-rates/2022/2022-11-25.pdf,106773d041772876830ea6a5fc207b232a12f97c4d0298e7a0da32fb6ee3f0dd,487795,application/pdf,2026-10-02T17:46:42Z,upstream,https://github.com/sakthipriyan/financial-data/raw/fa278a509a956062c41aae859b9818bcba95779a/src/sbi-fx-card-rates/2022/2022-11-25.pdf
sbi/forex-card-rates/2022/2022-11-28.pdf,4ee753e8916f0bacbb6d1598e35bbec7a0ea31989a0e2b1ebd3e27860f2266f2,487808,application/pdf,2026-10-02T17:46:42Z,upstream,https://github.com/sakthipriyan/financial-data/raw/fa278a509a956062c41aae859b9818bcba95779a/src/sbi-fx-card-rates/2022/2022-11-28.pdf
sbi/forex-card-rates/2022/2022-11-29.pdf,c3e090b7358a6e5a84326ce5f565801b40c0d097cb1ca1e47381692c255d870f,488054,application/pdf,2026-10-02T17:46:42Z,upstream,https://github.com/sakthipriyan/financial-data/raw/fa278a509a956062c41aae859b9818bcba95779a/src/sbi-fx-card-rates/2022/2022-11-29.pdf
sbi/forex-card-rates/2022/2022-11-30.pdf,6da32254194e8e8612a356e6c263a6951cf81ee575b44a7241b7219aa627d35e,488024,application/pdf,2026-10-02T17:46:42Z,upstream,https://github.com/sakthipriyan/financial-data/raw/fa278a509a956062c41aae859b9818bcba95779a/src/sbi-fx-card-rates/2022/2022-11-30.pdf
sbi/forex-card-rates/2022/2022-12-01.pdf,5b2466970e4299e6a81efec38b57be567438c111d93f0c99891ee8f1bccb0e32,487961,application/pdf,2026-10-02T17:46:42Z,upstream,https://github.com/sakthipriyan/financial-data/raw/fa278a509a956062c41aae859b9818bcba95779a/src/sbi-fx-card-rates/2022/2022-12-01.pdf
sbi/forex-card-rates/2022/2022-12-02.pdf,9d54ea0190442e65f2b1821775cdc8c0a746ba9ffc34e64b3fbe2f68fa7dc94e,488048,application/pdf,2026-10-02T17:46:42Z,upstream,https://github.com/sakthipriyan/financial-data/raw/fa278a509a956062c41aae859b9818bcba95779a/src/sbi-fx-card-rates/2022/2022-12-02.pdf
sbi/forex-card-rates/2022/2022-12-03.pdf,4fadf30ca06900319164531dac2b3953c336e2bf80c59dbeb9296e367d1a55d7,488026,application/pdf,2026-10-02T17:46:42Z,upstream,https://github.com/sakthipriyan/financial-data/raw/fa278a509a956062c41aae859b9818bcba95779a/src/sbi-fx-card-rates/2022/2022-12-03.pdf
sbi/forex-card-rates/2022/2022-12-05.pdf,0705b65fc6a688802fce3e3fae9f198d8364d1f5972054b803e5d12416d25e22,488038,application/pdf,2026-10-02T17:46:42Z,upstream,https://github.com/sakthipriyan/financial-data/raw/fa278a509a956062c41aae859b9818bcba95779a/src/sbi-fx-card-rates/2022/2022-12-05.pdf
sbi/forex-card-rates/2022/2022-12-06.pdf,de5a8294234f5472ccd966519c257689fc108a26b2fac398d3cd7d4212ea40a3,487907,application/pdf,2026-10-02T17:46:42Z,upstream,https://github.com/sakthipriyan/financial-data/raw/fa278a509a956062c41aae859b9818bcba95779a/src/sbi-fx-card-rates/2022/2022-12-06.pdf
sbi/forex-card-rates/2022/2022-12-07.pdf,9b81094d0ea365a22bb1931eb437c825aaac239349979f21d81c659b5b41815e,488008,application/pdf,2026-10-02T17:46:42Z,upstream,https://github.com/sakthipriyan/financial-data/raw/fa278a509a956062c41aae859b9818bcba95779a/src/sbi-fx-card-rates/2022/2022-12-07.pdf
sbi/forex-card-rates/2022/2022-12-08.pdf,dc3c8a2d7acaaf40a58b8bbe1b7c38d5858bf56520d2714f77eb84cca7f9469c,488081,application/pdf,2026-10-02T17:46:42Z,upstream,https://github.com/sakthipriyan/financial-data/raw/fa278a509a956062c41aae859b9818bcba95779a/src/sbi-fx-card-rates/2022/2022-12-08.pdf
sbi/forex-card-rates/2022/2022-12-09.pdf,e89a28e172dc91a310176e3d217eb9eb9352652fede158f1b53a52313788b1be,487814,application/pdf,2026-10-02T17:46:42Z,upstream,https://github.com/sakthipriyan/financial-data/raw/fa278a509a956062c41aae859b9818bcba95779a/src/sbi-fx-card-rates/2022/2022-12-09.pdf
sbi/forex-card-rates/2022/2022-12-12.pdf,5ea6268e83f7820fab9a7a183546dacb0d035fac461ad6a689e9e07c24090250,487794,application/pdf,2026-10-02T17:46:42Z,upstream,https://github.com/sakthipriyan/financial-data/raw/fa278a509a956062c41aae859b9818bcba95779a/src/sbi-fx-card-rates/2022/2022-12-12.pdf
sbi/forex-card-rates/2022/2022-12-13.pdf,8c22fc818a08acdb7f76f8776ea07d0498b5b2ade7ab531dd36e1a61588aa4a9,488056,application/pdf,2026-10-02T17:46:42Z,upstream,https://github.com/sakthipriyan/financial-data/raw/fa278a509a956062c41aae859b9818bcba95779a/src/sbi-fx-card-rates/2022/2022-12-13.pdf
sbi/forex-card-rates/2022/2022-12-14.pdf,c46f9bdc8bfd35e9371537b224d5ea6534d21d42c8e1483775e07cdddad82f92,487918,application/pdf,2026-10-02T17:46:42Z,upstream,https://github.com/sakthipriyan/financial-data/raw/fa278a509a956062c41aae859b9818bcba95779a/src/sbi-fx-card-rates/2022/2022-12-14.pdf
sbi/forex-card-rates/2022/2022-12-15.pdf,b27f9f1562830bd3d0345a0c3f28722db930afdcd55f4b0b2369990a781db684,488038,application/pdf,2026-10-02T17:46:42Z,upstream,https://github.com/sakthipriyan/financial-data/raw/fa278a509a956062c41aae859b9818bcba95779a/src/sbi-fx-card-rates/2022/2022-12-15.pdf
sbi/forex-card-rates/2022/2022-12-16.pdf,e630f664309d7e424a0e123ad07b11d50dc4fe3c72d9112aad33f85d3d2000d3,488068,application/pdf,2026-10-02T17:46:42Z,upstream,https://github.com/sakthipriyan/financial-data/raw/fa278a509a956062c41aae859b9818bcba95779a/src/sbi-fx-card-rates/2022/2022-12-16.pdf
sbi/forex-card-rates/2022/2022-12-17.pdf,e7374bc93f6d1de573879d1a50d1f93c99a85bf127035babe340c8eecc79995e,488035,application/pdf,2026-10-02T17:46:42Z,upstream,https://github.com/sakthipriyan/financial-data/raw/fa278a509a956062c41aae859b9818bcba95779a/src/sbi-fx-card-rates/2022/2022-12-17.pdf
sbi/forex-card-rates/2022/2022-12-19.pdf,76516cc0bfed974e6b3b6551ed0abc7aca63b2dfc77facefaee491b634fd9794,488046,application/pdf,2026-10-02T17:46:42Z,upstream,https://github.com/sakthipriyan/financial-data/raw/fa278a509a956062c41aae859b9818bcba95779a/src/sbi-fx-card-rates/2022/2022-12-19.pdf
sbi/forex-card-rates/2022/2022-12-20.pdf,9f73a49424098d24c8b2fa666697e1001f817097993384498782a2662625aa82,487957,application/pdf,2026-10-02T17:46:42Z,upstream,https://github.com/sakthipriyan/financial-data/raw/fa278a509a956062c41aae859b9818bcba95779a/src/sbi-fx-card-rates/2022/2022-12-20.pdf
sbi/forex-card-rates/2022/2022-12-21.pdf,4bc9be8dcd9f37617444e7f61808f4c27dfb51a98223f74f9796560a5a361183,488048,application/pdf,2026-10-02T17:46:42Z,upstream,https://github.com/sakthipriyan/financial-data/raw/fa278a509a956062c41aae859b9818bcba95779a/src/sbi-fx-card-rates/2022/2022-12-21.pdf
sbi/forex-card-rates/2022/2022-12-22.pdf,e72138746d05125883ec02c472365dcd3fecf0a284bfec8e2fec15b38a0166b8,487994,application/pdf,2026-10-02T17:46:42Z,upstream,https://github.com/sakthipriyan/financial-data/raw/fa278a509a956062c41aae859b9818bcba95779a/src/sbi-fx-card-rates/2022/2022-12-22.pdf
sbi/forex-card-rates/2022/2022-12-23.pdf,91450fa64383197a90cf65a6b4f49bc0dcd289b272b5c55386ae8a3700b94915,488021,application/pdf,2026-10-02T17:46:42Z,upstream,https://github.com/sakthipriyan/financial-data/raw/fa278a509a956062c41aae859b9818bcba95779a/src/sbi-fx-card-rates/2022/2022-12-23.pdf
sbi/forex-card-rates/2022/2022-12-26.pdf,d0ca3e44666864977c691fb0efee049e02377d669911e007519bf46b74c7230e,488077,application/pdf,2026-10-02T17:46:42Z,upstream,https://github.com/sakthipriyan/financial-data/raw/fa278a509a956062c41aae859b9818bcba95779a/src/sbi-fx-card-rates/2022/2022-12-26.pdf
sbi/forex-card-rates/2022/2022-12-27.pdf,244b8f0a3c276962e34b95c9bb8024d8833048f412057cb9b80935642d2fb051,488014,application/pdf,2026-10-02T17:46:42Z,upstream,https://github.com/sakthipriyan/financial-data/raw/fa278a509a956062c41aae859b9818bcba95779a/src/sbi-fx-card-rates/2022/2022-12-27.pdf
sbi/forex-card-rates/2022/2022-12-28.pdf,1edbb4b0a029cc4deacf8d7128587e129315d418c2ac2ab8f68f312d818e6772,488034,application/pdf,2026-10-02T17:46:42Z,upstream,https://github.com/sakthipriyan/financial-data/raw/fa278a509a956062c41aae859b9818bcba95779a/src/sbi-fx-card-rates/2022/2022-12-28.pdf
sbi/forex-card-rates/2022/2022-12-29.pdf,b06414e64e1b4197891d6c5663205c40f779f1958d3e3eb644f880b3ad356a5c,488091,application/pdf,2026-10-02T17:46:42Z,upstream,https://github.com/sakthipriyan/financial-data/raw/fa278a509a956062c41aae859b9818bcba95779a/src/sbi-fx-card-rates/2022/2022-12-29.pdf
sbi/forex-card-rates/2022/2022-12-30.pdf,61d37e7c1ec21fbb79658959fc9002c12c5909c854b663d8c001a5a3e7e4b365,488072,application/pdf,2026-10-02T17:46:42Z,upstream,https://github.com/sakthipriyan/financial-data/raw/fa278a509a956062c41aae859b9818bcba95779a/src/sbi-fx-card-rates/2022/2022-12-30.pdf
sbi/forex-card-rates/2022/2022-12-31.pdf,16fc888a74aae5a6012cf584d3534c7495f265787fadb707c41ead7a4ae5f4be,488101,application/pdf,2026-10-02T17:46:42Z,upstream,https://github.com/sakthipriyan/financial-data/raw/fa278a509a956062c41aae859b9818bcba95779a/src/sbi-fx-card-rates/2022/2022-12-31.pdf
sbi/forex-card-rates/2023/2023-01-02.pdf,5c4828946468055352dc2dad56ae90ead144aae962d9176125951cf4f9a5e206,488070,application/pdf,2026-10-02T17:46:42Z,upstream,https://github.com/sakthipriyan/financial-data/raw/fa278a509a956062c41aae859b9818bcba95779a/src/sbi-fx-card-rates/2023/2023-01-02.pdf
sbi/forex-card-rates/2023/2023-01-03.pdf,84c4a14c39a209536625276af63b1fe5749813c0497e589a1c329138e3e87976,487977,application/pdf,2026-10-02T17:46:42Z,upstream,https://github.com/sakthipriyan/financial-data/raw/fa278a509a956062c41aae859b9818bcba95779a/src/sbi-fx-card-rates/2023/2023-01-03.pdf
sbi/forex-card-rates/2023/2023-01-04.pdf,6d42b75d69e1357d978e59e885773cb4d9f2e0f39c02933399c3847d845e9409,487992,application/pdf,2026-10-02T17:46:42Z,upstream,https://github.com/sakthipriyan/financial-data/raw/fa278a509a956062c41aae859b9818bcba95779a/src/sbi-fx-card-rates/2023/2023-01-04.pdf
sbi/forex-card-rates/2023/2023-01-05.pdf,54167c66f74674f54d739b67fd5642b9d6cccab6270c556ad963441a29383552,487965,application/pdf,2026-10-02T17:46:42Z,upstream,https://github.com/sakthipriyan/financial-data/raw/fa278a509a956062c41aae859b9818bcba95779a/src/sbi-fx-card-rates/2023/2023-01-05.pdf
sbi/forex-card-rates/2023/2023-01-06.pdf,85013765523f95003dc346b92008ff5d0876377ba3197014deca84e1233426b8,487901,application/pdf,2026-10-02T17:46:42Z,upstream,https://github.com/sakthipriyan/financial-data/raw/fa278a509a956062c41aae859b9818bcba95779a/src/sbi-fx-card-rates/2023/2023-01-06.pdf
sbi/forex-card-rates/2023/2023-01-07.pdf,534e1cc6b48b0782f2d8e6f31cf0ea94d16bfb353d13be387a3312be72a1d335,488015,application/pdf,2026-10-02T17:46:42Z,upstream,https://github.com/sakthipriyan/financial-data/raw/fa278a509a956062c41aae859b9818bcba95779a/src/sbi-fx-card-rates/2023/2023-01-07.pdf
sbi/forex-card-rates/2023/2023-01-09.pdf,84e5dbcc547df21d15f61c75d16ae59ec55fd01e2bfbfb7c2c3f807c938a670d,488062,application/pdf,2026-10-02T17:46:42Z,upstream,https://github.com/sakthipriyan/financial-data/raw/fa278a509a956062c41aae859b9818bcba95779a/src/sbi-fx-card-rates/2023/2023-01-09.pdf
sbi/forex-card-rates/2023/2023-01-10.pdf,90bfc9515483a3c8c9d0a2478e7a8ad159abde062610ac38e89e6c09fd9a7eff,488044,application/pdf,2026-10-02T17:46:42Z,upstream,https://github.com/sakthipriyan/financial-data/raw/fa278a509a956062c41aae859b9818bcba95779a/src/sbi-fx-card-rates/2023/2023-01-10.pdf
sbi/forex-card-rates/2023/2023-01-11.pdf,5d8003453262f0517405d3a2a1fa1f79f28d989cf3540ef4b8c322259b8c5b17,487841,application/pdf,2026-10-02T17:46:42Z,upstream,https://github.com/sakthipriyan/financial-data/raw/fa278a509a956062c41aae859b9818bcba95779a/src/sbi-fx-card-rates/2023/2023-01-11.pdf
sbi/forex-card-rates/2023/2023-01-16.pdf,b2d46b2415b51bfebd08960e7ce1ecebcc3a59222e791eda73771c82efba19fe,488073,application/pdf,2026-10-02T17:46:42Z,upstream,https://github.com/sakthipriyan/financial-data/raw/fa278a509a956062c41aae859b9818bcba95779a/src/sbi-fx-card-rates/2023/2023-01-16.pdf
sbi/forex-card-rates/2023/2023-01-17.pdf,b09fe1e39e88b54f0a4cdecf73266c6670cb223f4eefe7f35a83de849eb295da,488096,application/pdf,2026-10-02T17:46:42Z,upstream,https://github.com/sakthipriyan/financial-data/raw/fa278a509a956062c41aae859b9818bcba95779a/src/sbi-fx-card-rates/2023/2023-01-17.pdf
sbi/forex-card-rates/2023/2023-01-18.pdf,f021630d0dbb3268c7db817c23dce1a0085b8a1ce66340463ae2c60c142df3a5,488088,application/pdf,2026-10-02T17:46:42Z,upstream,https://github.com/sakthipriyan/financial-data/raw/fa278a509a956062c41aae859b9818bcba95779a/src/sbi-fx-card-rates/2023/2023-01-18.pdf
sbi/forex-card-rates/2023/2023-01-19.pdf,98fba00ec7afe607dc9bee0d48ab4101fe3b085e0f6d6e9fd920afedb7c8d0ef,488084,application/pdf,2026-10-02T17:46:42Z,upstream,https://github.com/sakthipriyan/financial-data/raw/fa278a509a956062c41aae859b9818bcba95779a/src/sbi-fx-card-rates/2023/2023-01-19.pdf
sbi/forex-card-rates/2023/2023-01-20.pdf,d3b3d8170ed444640aff7c8f31f651134aa46bb6e64e77aab22e334a83e330ec,487976,application/pdf,2026-10-02T17:46:42Z,upstream,https://github.com/sakthipriyan/financial-data/raw/fa278a509a956062c41aae859b9818bcba95779a/src/sbi-fx-card-rates/2023/2023-01-20.pdf
sbi/forex-card-rates/2023/2023-01-23.pdf,4049c1a1f1d7fdd710b8fa432e2ea6fbf9cce104002daf7578b892b5776ca988,487964,application/pdf,2026-10-02T17:46:42Z,upstream,https://github.com/sakthipriyan/financial-data/raw/fa278a509a956062c41aae859b9818bcba95779a/src/sbi-fx-card-rates/2023/2023-01-23.pdf
sbi/forex-card-rates/2023/2023-01-24.pdf,c0905c1d63a1a079d4f605d1355191e15d3e50d17cca3608b0412b97c4eb3717,488418,application/pdf,2026-10-02T17:46:42Z,upstream,https://github.com/sakthipriyan/financial-data/raw/fa278a509a956062c41aae859b9818bcba95779a/src/sbi-fx-card-rates/2023/2023-01-24.pdf
sbi/forex-card-rates/2023/2023-01-25.pdf,761affd92387a28977e517efd8059c525bd32e275a5bfab0097de40cc29791fa,488104,application/pdf,2026-10-02T17:46:42Z,upstream,https://github.com/sakthipriyan/financial-data/raw/fa278a509a956062c41aae859b9818bcba95779a/src/sbi-fx-card-rates/2023/2023-01-25.pdf
sbi/forex-card-rates/2023/2023-01-27.pdf,9dcba8273a0fa180f69ce79934ed35a0e3f705f95f326c6d4df20cadaa22fcce,488115,application/pdf,2026-10-02T17:46:42Z,upstream,https://github.com/sakthipriyan/financial-data/raw/fa278a509a956062c41aae859b9818bcba95779a/src/sbi-fx-card-rates/2023/2023-01-27.pdf
sbi/forex-card-rates/2023/2023-01-30.pdf,bcdc684ff623e8a65e11a348a8b20f86fc4875eaeb648046015f0a9056015683,488072,application/pdf,2026-10-02T17:46:42Z,upstream,https://github.com/sakthipriyan/financial-data/raw/fa278a509a956062c41aae859b9818bcba95779a/src/sbi-fx-card-rates/2023/2023-01-30.pdf
sbi/forex-card-rates/2023/2023-01-31.pdf,5842fa8b292647feece9860efd10054bd2a337b480d9e5d430f920fc62681613,488132,application/pdf,2026-10-02T17:46:42Z,upstream,https://github.com/sakthipriyan/financial-data/raw/fa278a509a956062c41aae859b9818bcba95779a/src/sbi-fx-card-rates/2023/2023-01-31.pdf
sbi/forex-card-rates/2023/2023-02-01.pdf,422fef196aaa0ad1503fec62e0ecbfb4ab894ae7f47b0a868a7c8186dabee013,488127,application/pdf,2026-10-02T17:46:42Z,upstream,https://github.com/sakthipriyan/financial-data/raw/fa278a509a956062c41aae859b9818bcba95779a/src/sbi-fx-card-rates/2023/2023-02-01.pdf
sbi/forex-card-rates/2023/2023-02-02.pdf,55074824e55e4d2edb06c8952be3d8dcbfb1385771f366132fda939c7e0b9afc,488077,application/pdf,2026-10-02T17:46:42Z,upstream,https://github.com/sakthipriyan/financial-data/raw/fa278a509a956062c41aae859b9818bcba95779a/src/sbi-fx-card-rates/2023/2023-02-02.pdf
sbi/forex-card-rates/2023/2023-02-03.pdf,39e4732bea2a58574e5c4893ee97420e5dac118206d042fd44a89e0c16834bb4,488038,application/pdf,2026-10-02T17:46:42Z,upstream,https://github.com/sakthipriyan/financial-data/raw/fa278a509a956062c41aae859b9818bcba95779a/src/sbi-fx-card-rates/2023/2023-02-03.pdf
sbi/forex-card-rates/2023/2023-02-04.pdf,7434ce855e3eeef76d955169bb8515601dac08a60edebbe5902dd61c48662357,488059,application/pdf,2026-10-02T17:46:42Z,upstream,https://github.com/sakthipriyan/financial-data/raw/fa278a509a956062c41aae859b9818bcba95779a/src/sbi-fx-card-rates/2023/2023-02-04.pdf
sbi/forex-card-rates/2023/2023-02-06.pdf,778bb359ffb412abcf2226166cedc5eed0798e0b8f5103e3194eea1613bc5ce3,488103,application/pdf,2026-10-02T17:46:42Z,upstream,https://github.com/sakthipriyan/financial-data/raw/fa278a509a956062c41aae859b9818bcba95779a/src/sbi-fx-card-rates/2023/2023-02-06.pdf
sbi/forex-card-rates/2023/2023-02-07.pdf,742f79fb2619c883bc4d7a9a2febbb4702a6e893aeb3315e48a308bb49f89bdc,488159,application/pdf,2026-10-02T17:46:42Z,upstream,https://github.com/sakthipriyan/financial-data/raw/fa278a509a956062c41aae859b9818bcba95779a/src/sbi-fx-card-rates/2023/2023-02-07.pdf
sbi/forex-card-rates/2023/2023-02-09.pdf,50c3fc20f7df6e741b2962ff3d42fd6cbe7b35fb22ff472a3e4f95f09b883776,488091,application/pdf,2026-10-02T17:46:42Z,upstream,https://github.com/sakthipriyan/financial-data/raw/fa278a509a956062c41aae859b9818bcba95779a/src/sbi-fx-card-rates/2023/2023-02-09.pdf
sbi/forex-card-rates/2023/2023-02-13.pdf,337d1135fffe343f2a76fa863efebc3d1a6cf8514fcdee3a4928d842d182bc74,488089,application/pdf,2026-10-02T17:46:42Z,upstream,https://github.com/sakthipriyan/financial-data/raw/fa278a509a956062c41aae859b9818bcba95779a/src/sbi-fx-card-rates/2023/2023-02-13.pdf
sbi/forex-card-rates/2023/2023-02-15.pdf,d380f8b978c2d4479e18bf267eb2ea3dc6c1874b7f07a13c38f07d40bbad2878,488135,application/pdf,2026-10-02T17:46:42Z,upstream,https://github.com/sakthipriyan/financial-data/raw/fa278a509a956062c41aae859b9818bcba95779a/src/sbi-fx-card-rates/2023/2023-02-15.pdf
sbi/forex-card-rates/2023/2023-02-17.pdf,d6e819acf45ad7a2eb85bf3948a3188da5781d5dd1e19b4e732b091742702312,488118,application/pdf,2026-10-02T17:46:42Z,upstream,https://github.com/sakthipriyan/financial-data/raw/fa278a509a956062c41aae859b9818bcba95779a/src/sbi-fx-card-rates/2023/2023-02-17.pdf
sbi/forex-card-rates/2023/2023-02-20.pdf,0552246059a46665c772b2d75102093d8a1332ef65bdd07a408e0859a3aeae51,488090,application/pdf,2026-10-02T17:46:42Z,upstream,https://github.com/sakthipriyan/financial-data/raw/fa278a509a956062c41aae859b9818bcba95779a/src/sbi-fx-card-rates/2023/2023-02-20.pdf
sbi/forex-card-rates/2023/2023-02-21.pdf,52efa85f0f4319666a95b84db5ee83fa148ad1fab7cc152853a7bf6a53d24326,488059,application/pdf,2026-10-02T17:46:42Z,upstream,https://github.com/sakthipriyan/financial-data/raw/fa278a509a956062c41aae859b9818bcba95779a/src/sbi-fx-card-rates/2023/2023-02-21.pdf
sbi/forex-card-rates/2023/2023-02-22.pdf,ce7bc99dbc8b0fb8e127a2534ca3c72329f6d9cee85e763f3d47fb6ea6ff010a,488099,application/pdf,2026-10-02T17:46:42Z,upstream,https://github.com/sakthipriyan/financial-data/raw/fa278a509a956062c41aae859b9818bcba95779a/src/sbi-fx-card-rates/2023/2023-02-22.pdf
sbi/forex-card-rates/2023/2023-02-23.pdf,3b470b478cf690bf12aefb676a9d8fc0ab45f464a833546e6ba7c1085d3c02c9,487959,application/pdf,2026-10-02T17:46:42Z,upstream,https://github.com/sakthipriyan/financial-data/raw/fa278a509a956062c41aae859b9818bcba95779a/src/sbi-fx-card-rates/2023/2023-02-23.pdf
sbi/forex-card-rates/2023/2023-02-24.pdf,b0056de2389b5122291f9cd58fdbca69f46b69e3b9adcce09cfcb3f0af14da7c,488018,application/pdf,2026-10-02T17:46:42Z,upstream,https://github.com/sakthipriyan/financial-data/raw/fa278a509a956062c41aae859b9818bcba95779a/src/sbi-fx-card-rates/2023/2023-02-24.pdf
sbi/forex-card-rates/2023/2023-02-27.pdf,a5243cd0fb5db774e859e2d1af09eb397752ebb69f95fee62fa71f3851d4dae3,487848,application/pdf,2026-10-02T17:46:42Z,upstream,https://github.com/sakthipriyan/financial-data/raw/fa278a509a956062c41aae859b9818bcba95779a/src/sbi-fx-card-rates/2023/2023-02-27.pdf
sbi/forex-card-rates/2023/2023-02-28.pdf,df80498c0790062411fb0a2db45578be6f7465ff9c78cd41eb799ca32cbecb1e,488022,application/pdf,2026-10-02T17:46:42Z,upstream,https://github.com/sakthipriyan/financial-data/raw/fa278a509a956062c41aae859b9818bcba95779a/src/sbi-fx-card-rates/2023/2023-02-28.pdf
sbi/forex-card-rates/2023/2023-03-01.pdf,e8739b7c71a1b8a03330d6dd7058d26dd5fe4a48964caf13aa75acaba7d83f7c,488069,application/pdf,2026-10-02T17:46:42Z,upstream,https://github.com/sakthipriyan/financial-data/raw/fa278a509a956062c41aae859b9818bcba95779a/src/sbi-fx-card-rates/2023/2023-03-01.pdf
sbi/forex-card-rates/2023/2023-03-02.pdf,28e9316b4f60437dc16cd410e202c9a4042c159e85eea22af68350f8267d1724,488030,application/pdf,2026-10-02T17:46:42Z,upstream,https://github.com/sakthipriyan/financial-data/raw/fa278a509a956062c41aae859b9818bcba95779a/src/sbi-fx-card-rates/2023/2023-03-02.pdf
sbi/forex-card-rates/2023/2023-03-03.pdf,680dc0bb63cc852e41bcfaf711293aebfd5e3e8d1eeca217aaf4e9c3274d2780,488115,application/pdf,2026-10-02T17:46:42Z,upstream,https://github.com/sakthipriyan/financial-data/raw/fa278a509a956062c41aae859b9818bcba95779a/src/sbi-fx-card-rates/2023/2023-03-03.pdf
sbi/forex-card-rates/2023/2023-03-04.pdf,b018204cf050ea704e6aa3f0f2ffcf95ba81bcf8ef71c1378c57efde3af0a10e,488093,application/pdf,2026-10-02T17:46:42Z,upstream,https://github.com/sakthipriyan/financial-data/raw/fa278a509a956062c41aae859b9818bcba95779a/src/sbi-fx-card-rates/2023/2023-03-04.pdf
sbi/forex-card-rates/2023/2023-03-06.pdf,ab66f5e46330ec9d87aabc31069e060e16ecd97e22456450639e8a74e8c98c5d,488100,application/pdf,2026-10-02T17:46:42Z,upstream,https://github.com/sakthipriyan/financial-data/raw/fa278a509a956062c41aae859b9818bcba95779a/src/sbi-fx-card-rates/2023/2023-03-06.pdf
sbi/forex-card-rates/2023/2023-03-08.pdf,d624ebcfba27006552ac80bc7cd3614eeaa2d4b1b18509436b4f10cc1b19e804,487932,application/pdf,2026-10-02T17:46:42Z,upstream,https://github.com/sakthipriyan/financial-data/raw/fa278a509a956062c41aae859b9818bcba95779a/src/sbi-fx-card-rates/2023/2023-03-08.pdf
sbi/forex-card-rates/2023/2023-03-09.pdf,fecb6d70a71e83e7e37b3c8e4c4636b74ad2c81aabf35ba0b895b40358725e2b,487983,application/pdf,2026-10-02T17:46:42Z,upstream,https://github.com/sakthipriyan/financial-data/raw/fa278a509a956062c41aae859b9818bcba95779a/src/sbi-fx-card-rates/2023/2023-03-09.pdf
sbi/forex-card-rates/2023/2023-03-10.pdf,031324b17c2360860c9bf0138306c0177e6e17ce2f6a6d889141c38d2ae7a0c2,487973,application/pdf,2026-10-02T17:46:42Z,upstream,https://github.com/sakthipriyan/financial-data/raw/fa278a509a956062c41aae859b9818bcba95779a/src/sbi-fx-card-rates/2023/2023-03-10.pdf
sbi/forex-card-rates/2023/2023-03-13.pdf,f75a534d5269fd3e85e16d8a9be6d31d19401512834f92d1c7582d3cac991c6d,488065,application/pdf,2026-10-02T17:46:42Z,upstream,https://github.com/sakthipriyan/financial-data/raw/fa278a509a956062c41aae859b9818bcba95779a/src/sbi-fx-card-rates/2023/2023-03-13.pdf
sbi/forex-card-rates/2023/2023-03-14.pdf,bb6e93444d53164b75a267ebda98c2c6940700fa8d77263ded757d6935e70e0a,488045,application/pdf,2026-10-02T17:46:42Z,upstream,https://github.com/sakthipriyan/financial-data/raw/fa278a509a956062c41aae859b9818bcba95779a/src/sbi-fx-card-rates/2023/2023-03-14.pdf
sbi/forex-card-rates/2023/2023-03-15.pdf,b8eb536b9078690e1b22ed771543f9314c3fd93cf65ddeec7783905e8473b135,487792,application/pdf,2026-10-02T17:46:42Z,upstream,https://github.com/sakthipriyan/financial-data/raw/fa278a509a956062c41aae859b9818bcba95779a/src/sbi-fx-card-rates/2023/2023-03-15.pdf
sbi/forex-card-rates/2023/2023-03-16.pdf,dcf48b235e0796068b8a07d902917ebce75a48df19c982a67ac012661669a371,488042,application/pdf,2026-10-02T17:46:42Z,upstream,https://github.com/sakthipriyan/financial-data/raw/fa278a509a956062c41aae859b9818bcba95779a/src/sbi-fx-card-rates/2023/2023-03-16.pdf
sbi/forex-card-rates/2023/2023-03-17.pdf,295808c9d73b37e017c409d86b8f7807732110050c14e4410aa2fb03fd1f1746,488107,application/pdf,2026-10-02T17:46:42Z,upstream,https://github.com/sakthipriyan/financial-data/raw/fa278a509a956062c41aae859b9818bcba95779a/src/sbi-fx-card-rates/2023/2023-03-17.pdf
sbi/forex-card-rates/2023/2023-03-20.pdf,c008acc4f747be060510c88694be268a6c8f2633d4ee426bb50e82cc32d6c0c0,487818,application/pdf,2026-10-02T17:46:42Z,upstream,https://github.com/sakthipriyan/financial-data/raw/fa278a509a956062c41aae859b9818bcba95779a/src/sbi-fx-card-rates/2023/2023-03-20.pdf
sbi/forex-card-rates/2023/2023-03-21.pdf,799c4e223e2f96b5c2bf7e0a80febed6de6548a3e9e3a03d4df1b6432cdef9b6,488105,application/pdf,2026-10-02T17:46:42Z,upstream,https://github.com/sakthipriyan/financial-data/raw/fa278a509a956062c41aae859b9818bcba95779a/src/sbi-fx-card-rates/2023/2023-03-21.pdf
sbi/forex-card-rates/2023/2023-03-23.pdf,b64383209e08f1c83a203294e87cad218b1bc8438161d573c863764cb94b7c0f,488039,application/pdf,2026-10-02T17:46:42Z,upstream,https://github.com/sakthipriyan/financial-data/raw/fa278a509a956062c41aae859b9818bcba95779a/src/sbi-fx-card-rates/2023/2023-03-23.pdf
sbi/forex-card-rates/2023/2023-03-24.pdf,10e25966adca49eef768da40c393a9dc8c814ff2de341097e47c39d235f7167e,487800,application/pdf,2026-10-02T17:46:42Z,upstream,https://github.com/sakthipriyan/financial-data/raw/fa278a509a956062c41aae859b9818bcba95779a/src/sbi-fx-card-rates/2023/2023-03-24.pdf
sbi/forex-card-rates/2023/2023-03-27.pdf,d9bafaa977b9474f0b652227cb37456eb19625f334f9b93a33a5cb331a94bc4a,488044,application/pdf,2026-10-02T17:46:42Z,upstream,https://github.com/sakthipriyan/financial-data/raw/fa278a509a956062c41aae859b9818bcba95779a/src/sbi-fx-card-rates/2023/2023-03-27.pdf
sbi/forex-card-rates/2023/2023-03-28.pdf,d47ff222ed83dbb135f644dbe4a31ad83d6f5cb1f547794dc2c7d58790bf3f0a,487809,application/pdf,2026-10-02T17:46:42Z,upstream,https://github.com/sakthipriyan/financial-data/raw/fa278a509a956062c41aae859b9818bcba95779a/src/sbi-fx-card-rates/2023/2023-03-28.pdf
sbi/forex-card-rates/2023/2023-03-29.pdf,007e347df812a7eb9fd177285fa13afc51c0a0e78be8146bd4ad95095a38a0ca,488100,application/pdf,2026-10-02T17:46:42Z,upstream,https://github.com/sakthipriyan/financial-data/raw/fa278a509a956062c41aae859b9818bcba95779a/src/sbi-fx-card-rates/2023/2023-03-29.pdf
sbi/forex-card-rates/2023/2023-03-31.pdf,5b12eb99ec7edc6c2ff6a1d5e03a8af9a1b599e5f928735571b79e8614e2f7e8,488099,application/pdf,2026-10-02T17:46:42Z,upstream,https://github.com/sakthipriyan/financial-data/raw/fa278a509a956062c41aae859b9818bcba95779a/src/sbi-fx-card-rates/2023/2023-03-31.pdf
sbi/forex-card-rates/2023/2023-04-03.pdf,28fc905a6bef7aedf13241f77306c78a4d03c1ea906e38af00e6f357d73d6864,488096,application/pdf,2026-10-02T17:46:42Z,upstream,https://github.com/sakthipriyan/financial-data/raw/fa278a509a956062c41aae859b9818bcba95779a/src/sbi-fx-card-rates/2023/2023-04-03.pdf
sbi/forex-card-rates/2023/2023-04-05.pdf,ef44fe7d1b5c89961ae1b28f1f0a0f6461f25ff56e047f7d27d7d97b312eae82,487835,application/pdf,2026-10-02T17:46:42Z,upstream,https://github.com/sakthipriyan/financial-data/raw/fa278a509a956062c41aae859b9818bcba95779a/src/sbi-fx-card-rates/2023/2023-04-05.pdf
sbi/forex-card-rates/2023/2023-04-06.pdf,6eb97cc8ea1cfa15fa5225a0277476f46077993e1b1ebb755ebb66bf2f693819,488106,application/pdf,2026-10-02T17:46:42Z,upstream,https://github.com/sakthipriyan/financial-data/raw/fa278a509a956062c41aae859b9818bcba95779a/src/sbi-fx-card-rates/2023/2023-04-06.pdf
sbi/forex-card-rates/2023/2023-04-10.pdf,fc658b1f8aba8fed8c12499c6dd146761e2ebaaaf5a40db746c5b0390aec4375,487965,application/pdf,2026-10-02T17:46:42Z,upstream,https://github.com/sakthipriyan/financial-data/raw/fa278a509a956062c41aae859b9818bcba95779a/src/sbi-fx-card-rates/2023/2023-04-10.pdf
sbi/forex-card-rates/2023/2023-04-11.pdf,2c76f55841ee7ca0f8b3b6a5c4ee7d0e45aa53d9a00d9fa908759ef00b823995,488080,application/pdf,2026-10-02T17:46:42Z,upstream,https://github.com/sakthipriyan/financial-data/raw/fa278a509a956062c41aae859b9818bcba95779a/src/sbi-fx-card-rates/2023/2023-04-11.pdf
sbi/forex-card-rates/2023/2023-04-12.pdf,ad3f28c203211f23d590da8f7f34540ada45b691c726c160b4e1954590b2b5fb,488142,application/pdf,2026-10-02T17:46:42Z,upstream,https://github.com/sakthipriyan/financial-data/raw/fa278a509a956062c41aae859b9818bcba95779a/src/sbi-fx-card-rates/2023/2023-04-12.pdf
sbi/forex-card-rates/2023/2023-04-13.pdf,807d37011becc13666f9213a2427f3c910781902d88d5e8f73ff8c48133a56d4,488086,application/pdf,2026-10-02T17:46:42Z,upstream,https://github.com/sakthipriyan/financial-data/raw/fa278a509a956062c41aae859b9818bcba95779a/src/sbi-fx-card-rates/2023/2023-04-13.pdf
sbi/forex-card-rates/2023/2023-04-15.pdf,42b2c2ed970ec4d1e9d4c67626201382f0807d84cc0c0eef8f60f7b8f6d48ef2,487985,application/pdf,2026-10-02T17:46:42Z,upstream,https://github.com/sakthipriyan/financial-data/raw/fa278a509a956062c41aae859b9818bcba95779a/src/sbi-fx-card-rates/2023/2023-04-15.pdf
sbi/forex-card-rates/2023/2023-04-17.pdf,120b1a60d49b4339f3166a799a3267b0d07d958edc8385496e1d744fd9d0786a,487993,application/pdf,2026-10-02T17:46:42Z,upstream,https://github.com/sakthipriyan/financial-data/raw/fa278a509a956062c41aae859b9818bcba95779a/src/sbi-fx-card-rates/2023/2023-04-17.pdf
sbi/forex-card-rates/2023/2023-04-18.pdf,dd3a0716dae7daf458ea3e68ba67bdc5138a9f7379a2ac34e895a99f85c734ee,488129,application/pdf,2026-10-02T17:46:42Z,upstream,https://github.com/sakthipriyan/financial-data/raw/fa278a509a956062c41aae859b9818bcba95779a/src/sbi-fx-card-rates/2023/2023-04-18.pdf
sbi/forex-card-rates/2023/2023-04-19.pdf,ab138f2ab0376228b31789649782bab82d40517a1bc7f2a794fa514207b724de,487950,application/pdf,2026-10-02T17:46:42Z,upstream,https://github.com/sakthipriyan/financial-data/raw/fa278a509a956062c41aae859b9818bcba95779a/src/sbi-fx-card-rates/2023/2023-04-19.pdf
sbi/forex-card-rates/2023/2023-04-20.pdf,e51e3b6569675e2aebd7463e788cade616c0f156e41c4a725c85abac5c65cccf,488077,application/pdf,2026-10-02T17:46:42Z,upstream,https://github.com/sakthipriyan/financial-data/raw/fa278a509a956062c41aae859b9818bcba95779a/src/sbi-fx-card-rates/2023/2023-04-20.pdf
sbi/forex-card-rates/2023/2023-04-21.pdf,9882bc696477963b89f2e6fdf0fb34e149006273dd99f54d6cf4f693c09ef50d,487811,application/pdf,2026-10-02T17:46:42Z,upstream,https://github.com/sakthipriyan/financial-data/raw/fa278a509a956062c41aae859b9818bcba95779a/src/sbi-fx-card-rates/2023/2023-04-21.pdf
sbi/forex-card-rates/2023/2023-04-24.pdf,67c3332ce9f5fd765e2fde3faa97d3f81b2e2590b18094eb98ef9583c975c21c,488077,application/pdf,2026-10-02T17:46:42Z,upstream,https://github.com/sakthipriyan/financial-data/raw/fa278a509a956062c41aae859b9818bcba95779a/src/sbi-fx-card-rates/2023/2023-04-24.pdf
sbi/forex-card-rates/2023/2023-04-25.pdf,16e1e0756a29c1360e408acf71df6a105a7f12b89deef4f876f7c8684ec11998,487843,application/pdf,2026-10-02T17:46:42Z,upstream,https://github.com/sakthipriyan/financial-data/raw/fa278a509a956062c41aae859b9818bcba95779a/src/sbi-fx-card-rates/2023/2023-04-25.pdf
sbi/forex-card-rates/2023/2023-04-26.pdf,4a01ea45788e012a85736279412ef7e9b453a69ddd7e3ca953f168030bf2deaf,488110,application/pdf,2026-10-02T17:46:42Z,upstream,https://github.com/sakthipriyan/financial-data/raw/fa278a509a956062c41aae859b9818bcba95779a/src/sbi-fx-card-rates/2023/2023-04-26.pdf
sbi/forex-card-rates/2023/2023-04-27.pdf,4b367587e238e3f0ac01001b5e23462e96842043d0b4851ee8008b8df8bc341d,488113,application/pdf,2026-10-02T17:46:42Z,upstream,https://github.com/sakthipriyan/financial-data/raw/fa278a509a956062c41aae859b9818bcba95779a/src/sbi-fx-card-rates/2023/2023-04-27.pdf
sbi/forex-card-rates/2023/2023-04-28.pdf,bfe9329df99aff434bcc9932cfadd8b7249ab4e11abf69df230863e8e593a94d,487969,application/pdf,2026-10-02T17:46:42Z,upstream,https://github.com/sakthipriyan/financial-data/raw/fa278a509a956062c41aae859b9818bcba95779a/src/sbi-fx-card-rates/2023/2023-04-28.pdf
sbi/forex-card-rates/2023/2023-04-29.pdf,95bf6afdb16f46b39665247d37bcc211459120d7ae01d8a3066ae17ce50a9bb9,488026,application/pdf,2026-10-02T17:46:42Z,upstream,https://github.com/sakthipriyan/financial-data/raw/fa278a509a956062c41aae859b9818bcba95779a/src/sbi-fx-card-rates/2023/2023-04-29.pdf
sbi/forex-card-rates/2023/2023-05-02.pdf,82706f4bf02123ff3e5a46c96642308be0c66eb6e56753d2f28230694c5dbf25,488082,application/pdf,2026-10-02T17:46:42Z,upstream,https://github.com/sakthipriyan/financial-data/raw/fa278a509a956062c41aae859b9818bcba95779a/src/sbi-fx-card-rates/2023/2023-05-02.pdf
sbi/forex-card-rates/2023/2023-05-03.pdf,34fa91e2f280c321e9bfd91a90ee02b261df20d5d2ed616120b61975e41acfe9,486193,application/pdf,2026-10-02T17:46:42Z,upstream,https://github.com/sakthipriyan/financial-data/raw/fa278a509a956062c41aae859b9818bcba95779a/src/sbi-fx-card-rates/2023/2023-05-03.pdf
sbi/forex-card-rates/2023/2023-05-04.pdf,4b12741e356c5489f232c2146cb6d301d5d295285ea63278962574255c1c511f,488113,application/pdf,2026-10-02T17:46:42Z,upstream,https://github.com/sakthipriyan/financial-data/raw/fa278a509a956062c41aae859b9818bcba95779a/src/sbi-fx-card-rates/2023/2023-05-04.pdf
sbi/forex-card-rates/2023/2023-05-06.pdf,11d3f4e18e7579927193f37b1e5ff3fc05e23345cfcb2c432c6dcd74dcfdb589,487978,application/pdf,2026-10-02T17:46:42Z,upstream,https://github.com/sakthipriyan/financial-data/raw/fa278a509a956062c41aae859b9818bcba95779a/src/sbi-fx-card-rates/2023/2023-05-06.pdf
sbi/forex-card-rates/2023/2023-05-08.pdf,b73de1034a46103129183fa808582e2374883b8f91867feeae1fdbbaa3377b45,487808,application/pdf,2026-10-02T17:46:42Z,upstream,https://github.com/sakthipriyan/financial-data/raw/fa278a509a956062c41aae859b9818bcba95779a/src/sbi-fx-card-rates/2023/2023-05-08.pdf
sbi/forex-card-rates/2023/2023-05-09.pdf,4d2198ed024cf0ddded327950f6fc280f7edee29b81cad2ce184a91f4117a43a,488084,application/pdf,2026-10-02T17:46:42Z,upstream,https://github.com/sakthipriyan/financial-data/raw/fa278a509a956062c41aae859b9818bcba95779a/src/sbi-fx-card-rates/2023/2023-05-09.pdf
sbi/forex-card-rates/2023/2023-05-10.pdf,985de7f6844081a1f699cd6cbf6a079c68f4645ce7d7af305ad588c7642b7d66,488076,application/pdf,2026-10-02T17:46:42Z,upstream,https://github.com/sakthipriyan/financial-data/raw/fa278a509a956062c41aae859b9818bcba95779a/src/sbi-fx-card-rates/2023/2023-05-10.pdf
sbi/forex-card-rates/2023/2023-05-11.pdf,4d5ce2ea4cd78ffed2f346160f40ed74f1a663ef1d7c67d83a0b8c4ff08262d8,487916,application/pdf,2026-10-02T17:46:42Z,upstream,https://github.com/sakthipriyan/financial-data/raw/fa278a509a956062c41aae859b9818bcba95779a/src/sbi-fx-card-rates/2023/2023-05-11.pdf
sbi/forex-card-rates/2023/2023-05-12.pdf,d6719298cb52c8cdbf301cfe3ac78fa0198ec8f326dba5345a8d4428a8060811,487779,application/pdf,2026-10-02T17:46:42Z,upstream,https://github.com/sakthipriyan/financial-data/raw/fa278a509a956062c41aae859b9818bcba95779a/src/sbi-fx-card-rates/2023/2023-05-12.pdf
sbi/forex-card-rates/2023/2023-05-15.pdf,a2da60bd0a70715291391b5d7f193e0cac60db353f8aba4fdaf780166b7bb1b3,485647,application/pdf,2026-10-02T17:46:42Z,upstream,https://github.com/sakthipriyan/financial-data/raw/fa278a509a956062c41aae859b9818bcba95779a/src/sbi-fx-card-rates/2023/2023-05-15.pdf
sbi/forex-card-rates/2023/2023-05-16.pdf,12a5fa7b65c5cb38046d84de4a3728ff5e053772ac61f7c859aa248e67f4fb3e,487901,application/pdf,2026-10-02T17:46:42Z,upstream,https://github.com/sakthipriyan/financial-data/raw/fa278a509a956062c41aae859b9818bcba95779a/src/sbi-fx-card-rates/2023/2023-05-16.pdf
sbi/forex-card-rates/2023/2023-05-17.pdf,6502b8864ce3f1cd15957dc80f4c327712ecd122a90ec4193f9c7a9ac9b9f238,488021,application/pdf,2026-10-02T17:46:42Z,upstream,https://github.com/sakthipriyan/financial-data/raw/fa278a509a956062c41aae859b9818bcba95779a/src/sbi-fx-card-rates/2023/2023-05-17.pdf
sbi/forex-card-rates/2023/2023-05-18.pdf,64db803c948d0037c42ff13b58e81ec3ce62a1983f9aeaa6f943301cd3a35401,487893,application/pdf,2026-10-02T17:46:42Z,upstream,https://github.com/sakthipriyan/financial-data/raw/fa278a509a956062c41aae859b9818bcba95779a/src/sbi-fx-card-rates/2023/2023-05-18.pdf
sbi/forex-card-rates/2023/2023-05-19.pdf,42e6243ba4c3726c528545aa363ad83c60da1ccf829727ae9eb1f42f1b9190f7,487870,application/pdf,2026-10-02T17:46:42Z,upstream,https://github.com/sakthipriyan/financial-data/raw/fa278a509a956062c41aae859b9818bcba95779a/src/sbi-fx-card-rates/2023/2023-05-19.pdf
sbi/forex-card-rates/2023/2023-05-20.pdf,139c0c814078a4369b5bcea3af0ab2b2c1b24a5cca93759092d5da7a58e78458,487984,application/pdf,2026-10-02T17:46:42Z,upstream,https://github.com/sakthipriyan/financial-data/raw/fa278a509a956062c41aae859b9818bcba95779a/src/sbi-fx-card-rates/2023/2023-05-20.pdf
sbi/forex-card-rates/2023/2023-05-22.pdf,0f6f71ca37062cd47a24a5cb3e7b7081625cf154b0b54719c0e50e998a2b4f05,488011,application/pdf,2026-10-02T17:46:42Z,upstream,https://github.com/sakthipriyan/financial-data/raw/fa278a509a956062c41aae859b9818bcba95779a/src/sbi-fx-card-rates/2023/2023-05-22.pdf
sbi/forex-card-rates/2023/2023-05-23.pdf,1f2932d00348383e3a05e21ca514cc2ba5d9d88931dd7accbb96c14caba4792a,488012,application/pdf,2026-10-02T17:46:42Z,upstream,https://github.com/sakthipriyan/financial-data/raw/fa278a509a956062c41aae859b9818bcba95779a/src/sbi-fx-card-rates/2023/2023-05-23.pdf
sbi/forex-card-rates/2023/2023-05-24.pdf,18ef68e5ee04730e94ebafabe6d4a9d92c335aec83d9d4ab631f88ff47e7a693,487982,application/pdf,2026-10-02T17:46:42Z,upstream,https://github.com/sakthipriyan/financial-data/raw/fa278a509a956062c41aae859b9818bcba95779a/src/sbi-fx-card-rates/2023/2023-05-24.pdf
sbi/forex-card-rates/2023/2023-05-25.pdf,af3c29dfb67c77cd7289a63a52e1b8640b47e232cef3d04ab30f19aca686af15,487891,application/pdf,2026-10-02T17:46:42Z,upstream,https://github.com/sakthipriyan/financial-data/raw/fa278a509a956062c41aae859b9818bcba95779a/src/sbi-fx-card-rates/2023/2023-05-25.pdf
sbi/forex-card-rates/2023/2023-05-26.pdf,643d32f57d5d4f4df31b189a85b9f47a20a206a5e38d9a1203ee05c0c09bd7b5,487988,application/pdf,2026-10-02T17:46:42Z,upstream,https://github.com/sakthipriyan/financial-data/raw/fa278a509a956062c41aae859b9818bcba95779a/src/sbi-fx-card-rates/2023/2023-05-26.pdf
sbi/forex-card-rates/2023/2023-05-29.pdf,1e9f93381ff19481e636b721571f9954672fd10d9d736be78a6876dc3287fcc4,487959,application/pdf,2026-10-02T17:46:42Z,upstream,https://github.com/sakthipriyan/financial-data/raw/fa278a509a956062c41aae859b9818bcba95779a/src/sbi-fx-card-rates/2023/2023-05-29.pdf
sbi/forex-card-rates/2023/2023-05-30.pdf,2fb6e67d1f3164676706c8a4e39d141e1c998934ae886ec943c9317c18da79f8,487955,application/pdf,2026-10-02T17:46:42Z,upstream,https://github.com/sakthipriyan/financial-data/raw/fa278a509a956062c41aae859b9818bcba95779a/src/sbi-fx-card-rates/2023/2023-05-30.pdf
sbi/forex-card-rates/2023/2023-05-31.pdf,fb81bd8c7a5b05bba40a9b754c16b602ef1207de42cbf6a9b2d5aced255234c5,487925,application/pdf,2026-10-02T17:46:42Z,upstream,https://github.com/sakthipriyan/financial-data/raw/fa278a509a956062c41aae859b9818bcba95779a/src/sbi-fx-card-rates/2023/2023-05-31.pdf
sbi/forex-card-rates/2023/2023-06-01.pdf,550edd1122ab1bd332f4a3a0ec2eb852731deef5e4b81eefd1c410bd3af5fab3,488065,application/pdf,2026-10-02T17:46:42Z,upstream,https://github.com/sakthipriyan/financial-data/raw/fa278a509a956062c41aae859b9818bcba95779a/src/sbi-fx-card-rates/2023/2023-06-01.pdf
sbi/forex-card-rates/2023/2023-06-02.pdf,8f491cc179c49ee786517620706d359816f63d0d3830a6c3afbdb1ab9d0799d5,488064,application/pdf,2026-10-02T17:46:42Z,upstream,https://github.com/sakthipriyan/financial-data/raw/fa278a509a956062c41aae859b9818bcba95779a/src/sbi-fx-card-rates/2023/2023-06-02.pdf
sbi/forex-card-rates/2023/2023-06-03.pdf,2a2971687b6f3c4b2c8af008bd229dab2679779741b59499aa2cc7a537f7ed20,488068,application/pdf,2026-10-02T17:46:42Z,upstream,https://github.com/sakthipriyan/financial-data/raw/fa278a509a956062c41aae859b9818bcba95779a/src/sbi-fx-card-rates/2023/2023-06-03.pdf
sbi/forex-card-rates/2023/2023-06-05.pdf,2fab017c181b3fc8838fe9f17cc0c81a809ae586fe1f60ce42d0a51138a39ad6,487967,application/pdf,2026-10-02T17:46:42Z,upstream,https://github.com/sakthipriyan/financial-data/raw/fa278a509a956062c41aae859b9818bcba95779a/src/sbi-fx-card-rates/2023/2023-06-05.pdf
sbi/forex-card-rates/2023/2023-06-06.pdf,4c170d0b30c65bf0696c7e895fd63eb369cb92600368b904a1355935cda39930,487967,application/pdf,2026-10-02T17:46:42Z,upstream,https://github.com/sakthipriyan/financial-data/raw/fa278a509a956062c41aae859b9818bcba95779a/src/sbi-fx-card-rates/2023/2023-06-06.pdf
sbi/forex-card-rates/2023/2023-06-07.pdf,ddae81b0eb2e8ffca63131eea45c4d5ec396d24b29ebb383e78e11257223d95c,488075,application/pdf,2026-10-02T17:46:42Z,upstream,https://github.com/sakthipriyan/financial-data/raw/fa278a509a956062c41aae859b9818bcba95779a/src/sbi-fx-card-rates/2023/2023-06-07.pdf
sbi/forex-card-rates/2023/2023-06-08.pdf,a4e04ee4cf4cd0cbba6bb1d8c7f7e5b137b2d7100a41c7df64315e2085f3766d,488058,application/pdf,2026-10-02T17:46:42Z,upstream,https://github.com/sakthipriyan/financial-data/raw/fa278a509a956062c41aae859b9818bcba95779a/src/sbi-fx-card-rates/2023/2023-06-08.pdf
sbi/forex-card-rates/2023/2023-06-09.pdf,4b25a3246a94bc13a370cd426e166c721556c08ce1029e8aa5659b37c04bf4c2,488040,application/pdf,2026-10-02T17:46:42Z,upstream,https://github.com/sakthipriyan/financial-data/raw/fa278a509a956062c41aae859b9818bcba95779a/src/sbi-fx-card-rates/2023/2023-06-09.pdf
sbi/forex-card-rates/2023/2023-06-12.pdf,2f406837c01ced41f43dd3cccc156297a0d0d6e4f3337397567588e55f8a85d0,487818,application/pdf,2026-10-02T17:46:42Z,upstream,https://github.com/sakthipriyan/financial-data/raw/fa278a509a956062c41aae859b9818bcba95779a/src/sbi-fx-card-rates/2023/2023-06-12.pdf
sbi/forex-card-rates/2023/2023-06-13.pdf,561aa7bc452e5101c382544fa29fcaa7a802e4d865b007227f6053c7e8bf0f14,488079,application/pdf,2026-10-02T17:46:42Z,upstream,https://github.com/sakthipriyan/financial-data/raw/fa278a509a956062c41aae859b9818bcba95779a/src/sbi-fx-card-rates/2023/2023-06-13.pdf
sbi/forex-card-rates/2023/2023-06-14.pdf,36511676f36e5e203dd2968fe052d535a469b196690cb0c06307c6cfd912ba21,488058,application/pdf,2026-10-02T17:46:42Z,upstream,https://github.com/sakthipriyan/financial-data/raw/fa278a509a956062c41aae859b9818bcba95779a/src/sbi-fx-card-rates/2023/2023-06-14.pdf
sbi/forex-card-rates/2023/2023-06-15.pdf,c819370fc8c26750112df10fe0fa749c40918558a35196f409b4ead8f1cdd716,488039,application/pdf,2026-10-02T17:46:42Z,upstream,https://github.com/sakthipriyan/financial-data/raw/fa278a509a956062c41aae859b9818bcba95779a/src/sbi-fx-card-rates/2023/2023-06-15.pdf
sbi/forex-card-rates/2023/2023-06-16.pdf,1bedf55661b5a0d6af028fb4d1e65b3ef5bb3333214ce8ece0958b028077d3d9,487929,application/pdf,2026-10-02T17:46:42Z,upstream,https://github.com/sakthipriyan/financial-data/raw/fa278a509a956062c41aae859b9818bcba95779a/src/sbi-fx-card-rates/2023/2023-06-16.pdf
sbi/forex-card-rates/2023/2023-06-17.pdf,8f18d46e5d0569f52c26f2fabac7fb4d9884b6358aff724103c2a6e3e4961178,488008,application/pdf,2026-10-02T17:46:42Z,upstream,https://github.com/sakthipriyan/financial-data/raw/fa278a509a956062c41aae859b9818bcba95779a/src/sbi-fx-card-rates/2023/2023-06-17.pdf
sbi/forex-card-rates/2023/2023-06-19.pdf,c18e32b38eaf31c376f35b52e81d3504b56003b8edfa9eef7b6a3427c8366008,487860,application/pdf,2026-10-02T17:46:42Z,upstream,https://github.com/sakthipriyan/financial-data/raw/fa278a509a956062c41aae859b9818bcba95779a/src/sbi-fx-card-rates/2023/2023-06-19.pdf
sbi/forex-card-rates/2023/2023-06-20.pdf,faa412f9bccc1034574e43701406f04cf6603a464ccd448ad0c7db162d6d32ec,487719,application/pdf,2026-10-02T17:46:42Z,upstream,https://github.com/sakthipriyan/financial-data/raw/fa278a509a956062c41aae859b9818bcba95779a/src/sbi-fx-card-rates/2023/2023-06-20.pdf
sbi/forex-card-rates/2023/2023-06-21.pdf,3bf01ea6981c888ed3952985ba3aee7fa0956154a606b8585cd0c840b4d7b05f,487904,application/pdf,2026-10-02T17:46:42Z,upstream,https://github.com/sakthipriyan/financial-data/raw/fa278a509a956062c41aae859b9818bcba95779a/src/sbi-fx-card-rates/2023/2023-06-21.pdf
sbi/forex-card-rates/2023/2023-06-22.pdf,cb3df0bec489bf74a276f86e203a8d1036d56da41c33db964671536bb6f8759b,487893,application/pdf,2026-10-02T17:46:42Z,upstream,https://github.com/sakthipriyan/financial-data/raw/fa278a509a956062c41aae859b9818bcba95779a/src/sbi-fx-card-rates/2023/2023-06-22.pdf
sbi/forex-card-rates/2023/2023-06-23.pdf,310b954bb6e876b8f9c56784b26f62b764ac639a6bf4d2eb6b934e62fc44f4c5,173392,application/pdf,2026-10-02T17:46:42Z,upstream,https://github.com/sakthipriyan/financial-data/raw/fa278a509a956062c41aae859b9818bcba95779a/src/sbi-fx-card-rates/2023/2023-06-23.pdf
sbi/forex-card-rates/2023/2023-06-26.pdf,39f2148da50a319744e620ef01fe71d117c498be0f833a2d568ac37efa0333f3,488553,application/pdf,2026-10-02T17:46:42Z,upstream,https://github.com/sakthipriyan/financial-data/raw/fa278a509a956062c41aae859b9818bcba95779a/src/sbi-fx-card-rates/2023/2023-06-26.pdf
sbi/forex-card-rates/2023/2023-06-28.pdf,49b6b0eb0d26e1e1124fa080edb9cb1fb21a15654f84a6885d77839418f8579d,486374,application/pdf,2026-10-02T17:46:42Z,upstream,https://github.com/sakthipriyan/financial-data/raw/fa278a509a956062c41aae859b9818bcba95779a/src/sbi-fx-card-rates/2023/2023-06-28.pdf
sbi/forex-card-rates/2023/2023-06-30.pdf,f50157847ae76b60aefe9f76f10ffc3acce558dcd1ec2abaf83d043cae902aa7,488561,application/pdf,2026-10-02T17:46:42Z,upstream,https://github.com/sakthipriyan/financial-data/raw/fa278a509a956062c41aae859b9818bcba95779a/src/sbi-fx-card-rates/2023/2023-06-30.pdf
sbi/forex-card-rates/2023/2023-07-01.pdf,ab92dfca5d06e29faca508e4ce76e41e7741734cc3e3c6db5ba8e87335d4c965,488466,application/pdf,2026-10-02T17:46:42Z,upstream,https://github.com/sakthipriyan/financial-data/raw/fa278a509a956062c41aae859b9818bcba95779a/src/sbi-fx-card-rates/2023/2023-07-01.pdf
sbi/forex-card-rates/2023/2023-07-03.pdf,9c45e1b69e84e94b3428be159769c4cbf23a836c31ad2f08530e54d263be55de,488555,application/pdf,2026-10-02T17:46:42Z,upstream,https://github.com/sakthipriyan/financial-data/raw/fa278a509a956062c41aae859b9818bcba95779a/src/sbi-fx-card-rates/2023/2023-07-03.pdf
sbi/forex-card-rates/2023/2023-07-04.pdf,8ff2ed1c46cd027c474de64a74d252a85e880f2582ba7daa072cd6d0ebb43b52,488545,application/pdf,2026-10-02T17:46:42Z,upstream,https://github.com/sakthipriyan/financial-data/raw/fa278a509a956062c41aae859b9818bcba95779a/src/sbi-fx-card-rates/2023/2023-07-04.pdf
sbi/forex-card-rates/2023/2023-07-05.pdf,763105bfbcce99f9fd3490e3f6c57da2ce73940759bb54fa8fa8d04645bba5c4,488301,application/pdf,2026-10-02T17:46:42Z,upstream,https://github.com/sakthipriyan/financial-data/raw/fa278a509a956062c41aae859b9818bcba95779a/src/sbi-fx-card-rates/2023/2023-07-05.pdf
sbi/forex-card-rates/2023/2023-07-06.pdf,d0d6d13a8bc882f08275edb0acebe1bc25c9defd2b9aa981f42b63f30ee1e3ce,488470,application/pdf,2026-10-02T17:46:42Z,upstream,https://github.com/sakthipriyan/financial-data/raw/fa278a509a956062c41aae859b9818bcba95779a/src/sbi-fx-card-rates/2023/2023-07-06.pdf
sbi/forex-card-rates/2023/2023-07-07.pdf,b52eabb6ec02b3793fe22b1b41b0c26101e013cd127c7117b8a9659938aab840,488529,application/pdf,2026-10-02T17:46:42Z,upstream,https://github.com/sakthipriyan/financial-data/raw/fa278a509a956062c41aae859b9818bcba95779a/src/sbi-fx-card-rates/2023/2023-07-07.pdf
sbi/forex-card-rates/2023/2023-07-10.pdf,bd9146d8cc87f66b7d24b6a20c1932ac7617ef8b5f84ce9874c91929583a39ed,488575,application/pdf,2026-10-02T17:46:42Z,upstream,https://github.com/sakthipriyan/financial-data/raw/fa278a509a956062c41aae859b9818bcba95779a/src/sbi-fx-card-rates/2023/2023-07-10.pdf
sbi/forex-card-rates/2023/2023-07-11.pdf,3bcf19bf8f2a6ac8825e7010861a49a419e128b4b0f960afda9e5de6758fab25,488527,application/pdf,2026-10-02T17:46:42Z,upstream,https://github.com/sakthipriyan/financial-data/raw/fa278a509a956062c41aae859b9818bcba95779a/src/sbi-fx-card-rates/2023/2023-07-11.pdf
sbi/forex-card-rates/2023/2023-07-12.pdf,6a3233aa9ef995b4e1e45128b5c7ee978a207cbf616f410500c27526f4e3f728,488587,application/pdf,2026-10-02T17:46:42Z,upstream,https://github.com/sakthipriyan/financial-data/raw/fa278a509a956062c41aae859b9818bcba95779a/src/sbi-fx-card-rates/2023/2023-07-12.pdf
sbi/forex-card-rates/2023/2023-07-13.pdf,cc74dd057ea52831ae31af9fd3bd3041abc30502ca3184d3e1564f7afe3231db,488557,application/pdf,2026-10-02T17:46:42Z,upstream,https://github.com/sakthipriyan/financial-data/raw/fa278a509a956062c41aae859b9818bcba95779a/src/sbi-fx-card-rates/2023/2023-07-13.pdf
sbi/forex-card-rates/2023/2023-07-14.pdf,4a711a068bbff1a4828055dcebade816bc70ccf30768d52720d1a8f328d3f824,488605,application/pdf,2026-10-02T17:46:42Z,upstream,https://github.com/sakthipriyan/financial-data/raw/fa278a509a956062c41aae859b9818bcba95779a/src/sbi-fx-card-rates/2023/2023-07-14.pdf
sbi/forex-card-rates/2023/2023-07-17.pdf,056aaa5d1c70a17d9c65f3779ea900c48e1a3ca0244b9369095473a87ed98fc7,488422,application/pdf,2026-10-02T17:46:42Z,upstream,https://github.com/sakthipriyan/financial-data/raw/fa278a509a956062c41aae859b9818bcba95779a/src/sbi-fx-card-rates/2023/2023-07-17.pdf
sbi/forex-card-rates/2023/2023-07-18.pdf,ec8bc275c4fdb12c5d94c678d508eca82a76071056c30f71723d479ba6446ae4,488571,application/pdf,2026-10-02T17:46:42Z,upstream,https://github.com/sakthipriyan/financial-data/raw/fa278a509a956062c41aae859b9818bcba95779a/src/sbi-fx-card-rates/2023/2023-07-18.pdf
sbi/forex-card-rates/2023/2023-07-19.pdf,55f6fde8af5c4019d2e910e442d19460a07dc82706aa1fc4ee4f41521803663d,488581,application/pdf,2026-10-02T17:46:42Z,upstream,https://github.com/sakthipriyan/financial-data/raw/fa278a509a956062c41aae859b9818bcba95779a/src/sbi-fx-card-rates/2023/2023-07-19.pdf
sbi/forex-card-rates/2023/2023-07-20.pdf,1d6e9a78d4562934e0e6f90bf752fe4c8933a22d9f4e78ae60e7e368173b6e30,488409,application/pdf,2026-10-02T17:46:42Z,upstream,https://github.com/sakthipriyan/financial-data/raw/fa278a509a956062c41aae859b9818bcba95779a/src/sbi-fx-card-rates/2023/2023-07-20.pdf
sbi/forex-card-rates/2023/2023-07-21.pdf,57bde2ca8588140f4c0d4529803d883b9471d47d7b420d5cdeec744ee5550fae,488576,application/pdf,2026-10-02T17:46:42Z,upstream,https://github.com/sakthipriyan/financial-data/raw/fa278a509a956062c41aae859b9818bcba95779a/src/sbi-fx-card-rates/2023/2023-07-21.pdf
sbi/forex-card-rates/2023/2023-07-24.pdf,8ee3c2a7520cbd215560a2a50beb57b9a12fa5f44f5bac2e52c193ddf1dc401e,488555,application/pdf,2026-10-02T17:46:42Z,upstream,https://github.com/sakthipriyan/financial-data/raw/fa278a509a956062c41aae859b9818bcba95779a/src/sbi-fx-card-rates/2023/2023-07-24.pdf
sbi/forex-card-rates/2023/2023-07-25.pdf,1620bc7a9d52341b3e121159ca3e774ee142afe46e71ffef84de67bdebe20121,488531,application/pdf,2026-10-02T17:46:42Z,upstream,https://github.com/sakthipriyan/financial-data/raw/fa278a509a956062c41aae859b9818bcba95779a/src/sbi-fx-card-rates/2023/2023-07-25.pdf
sbi/forex-card-rates/2023/2023-07-26.pdf,8aefa30c29b0df4b1d500d7631dcb6c45285bcc7ad93f3f1f2e54bb902340c02,488565,application/pdf,2026-10-02T17:46:42Z,upstream,https://github.com/sakthipriyan/financial-data/raw/fa278a509a956062c41aae859b9818bcba95779a/src/sbi-fx-card-rates/2023/2023-07-26.pdf
sbi/forex-card-rates/2023/2023-07-27.pdf,ce4b390a66854de62edd6729ecee28e4e7a9c254cd7c20f4d2e5fed219fe88c2,488475,application/pdf,2026-10-02T17:46:42Z,upstream,https://github.com/sakthipriyan/financial-data/raw/fa278a509a956062c41aae859b9818bcba95779a/src/sbi-fx-card-rates/2023/2023-07-27.pdf
sbi/forex-card-rates/2023/2023-07-28.pdf,12216824cf675d9862b88dad373b3cef0a8e09aa352b578add55e1c992be1861,488587,application/pdf,2026-10-02T17:46:42Z,upstream,https://github.com/sakthipriyan/financial-data/raw/fa278a509a956062c41aae859b9818bcba95779a/src/sbi-fx-card-rates/2023/2023-07-28.pdf
sbi/forex-card-rates/2023/2023-07-31.pdf,907b13b946fae91635f3afba5b4695171499fbb99393cca0eedfc49767aad4a5,488554,application/pdf,2026-10-02T17:46:42Z,upstream,https://github.com/sakthipriyan/financial-data/raw/fa278a509a956062c41aae859b9818bcba95779a/src/sbi-fx-card-rates/2023/2023-07-31.pdf
sbi/forex-card-rates/2023/2023-08-01.pdf,9ff76bbab4e406035a20b1e5ebd006438e517dd86bc62fcc83e82882aaf382a3,488413,application/pdf,2026-10-02T17:46:42Z,upstream,https://github.com/sakthipriyan/financial-data/raw/fa278a509a956062c41aae859b9818bcba95779a/src/sbi-fx-card-rates/2023/2023-08-01.pdf
sbi/forex-card-rates/2023/2023-08-02.pdf,6574fa8f67f150c0115d46a02fc8b3a76c944b6a1f8eee0d4371262ec775f54e,488569,application/pdf,2026-10-02T17:46:42Z,upstream,https://github.com/sakthipriyan/financial-data/raw/fa278a509a956062c41aae859b9818bcba95779a/src/sbi-fx-card-rates/2023/2023-08-02.pdf
sbi/forex-card-rates/2023/2023-08-03.pdf,a335f992679818a7a472ade2403e3d7844a41f43c779a39bb12d2cb0c3a36c5a,488430,application/pdf,2026-10-02T17:46:42Z,upstream,https://github.com/sakthipriyan/financial-data/raw/fa278a509a956062c41aae859b9818bcba95779a/src/sbi-fx-card-rates/2023/2023-08-03.pdf
sbi/forex-card-rates/2023/2023-08-04.pdf,f99b937ceb8e9e188b2f4e842043145fd60e254679954748aabfd510bdaf1040,488583,application/pdf,2026-10-02T17:46:42Z,upstream,https://github.com/sakthipriyan/financial-data/raw/fa278a509a956062c41aae859b9818bcba95779a/src/sbi-fx-card-rates/2023/2023-08-04.pdf
sbi/forex-card-rates/2023/2023-08-05.pdf,944ffecb674009d739767ee0effce90a6d531ec3948c5d720e8368579096afb4,488419,application/pdf,2026-10-02T17:46:42Z,upstream,https://github.com/sakthipriyan/financial-data/raw/fa278a509a956062c41aae859b9818bcba95779a/src/sbi-fx-card-rates/2023/2023-08-05.pdf
sbi/forex-card-rates/2023/2023-08-07.pdf,5dfe1afdd62644195f11bc31a38b51e97199f55ac250b0669ebf645996071a56,488449,application/pdf,2026-10-02T17:46:42Z,upstream,https://github.com/sakthipriyan/financial-data/raw/fa278a509a956062c41aae859b9818bcba95779a/src/sbi-fx-card-rates/2023/2023-08-07.pdf
sbi/forex-card-rates/2023/2023-08-08.pdf,9612e5ccaf3aa81acbc3da8a79620075dc330a18fc4a57f19e122025f349630c,488555,application/pdf,2026-10-02T17:46:42Z,upstream,https://github.com/sakthipriyan/financial-data/raw/fa278a509a956062c41aae859b9818bcba95779a/src/sbi-fx-card-rates/2023/2023-08-08.pdf
sbi/forex-card-rates/2023/2023-08-09.pdf,4363c3581ca5793098b3e9cbb31b0fbc87f1ac6f2f2bd68504f0a7bc349f737e,488518,application/pdf,2026-10-02T17:46:42Z,upstream,https://github.com/sakthipriyan/financial-data/raw/fa278a509a956062c41aae859b9818bcba95779a/src/sbi-fx-card-rates/2023/2023-08-09.pdf
sbi/forex-card-rates/2023/2023-08-10.pdf,14fe90407805bc0561ad7d9f4760e8a62c8921e3edfe45d9caabc2c32075be7a,488579,application/pdf,2026-10-02T17:46:42Z,upstream,https://github.com/sakthipriyan/financial-data/raw/fa278a509a956062c41aae859b9818bcba95779a/src/sbi-fx-card-rates/2023/2023-08-10.pdf
sbi/forex-card-rates/2023/2023-08-11.pdf,3ecab5c82d198abdb54fee3d86a4b0b8a69fbb9613652962624f5f041aa24549,488329,application/pdf,2026-10-02T17:46:42Z,upstream,https://github.com/sakthipriyan/financial-data/raw/fa278a509a956062c41aae859b9818bcba95779a/src/sbi-fx-card-rates/2023/2023-08-11.pdf
sbi/forex-card-rates/2023/2023-08-14.pdf,a7fac51d0b1b815840b9c4c7f59b5ca54479d71214efc362576445a8c1b2082b,488319,application/pdf,2026-10-02T17:46:42Z,upstream,https://github.com/sakthipriyan/financial-data/raw/fa278a509a956062c41aae859b9818bcba95779a/src/sbi-fx-card-rates/2023/2023-08-14.pdf
sbi/forex-card-rates/2023/2023-08-17.pdf,b939459a4c9a85778676fdb1d87fa521090f9925b031f574a289275b6ecd785f,489157,application/pdf,2026-10-02T17:46:42Z,upstream,https://github.com/sakthipriyan/financial-data/raw/fa278a509a956062c41aae859b9818bcba95779a/src/sbi-fx-card-rates/2023/2023-08-17.pdf
sbi/forex-card-rates/2023/2023-08-18.pdf,cb40aae5accd82c6f1bc1d57a3b5bf0ec0cc570b37aed66f0d99dfc2c7201ba6,488567,application/pdf,2026-10-02T17:46:42Z,upstream,https://github.com/sakthipriyan/financial-data/raw/fa278a509a956062c41aae859b9818bcba95779a/src/sbi-fx-card-rates/2023/2023-08-18.pdf
sbi/forex-card-rates/2023/2023-08-19.pdf,37b8ab5cf0bca97b6c1b0b1643642bbac1b15b334d21e128f5b8d02a122a3889,488530,application/pdf,2026-10-02T17:46:42Z,upstream,https://github.com/sakthipriyan/financial-data/raw/fa278a509a956062c41aae859b9818bcba95779a/src/sbi-fx-card-rates/2023/2023-08-19.pdf
sbi/forex-card-rates/2023/2023-08-21.pdf,0958f3dc37e3e3fc84145ea93c907f6a7b61862cba850045b9f172b05ad39fbf,488574,application/pdf,2026-10-02T17:46:42Z,upstream,https://github.com/sakthipriyan/financial-data/raw/fa278a509a956062c41aae859b9818bcba95779a/src/sbi-fx-card-rates/2023/2023-08-21.pdf
sbi/forex-card-rates/2023/2023-08-22.pdf,4d7cf32153954735d1d95f5661fb782685c21974a0dd4b49a29f37c001abca95,488555,application/pdf,2026-10-02T17:46:42Z,upstream,https://github.com/sakthipriyan/financial-data/raw/fa278a509a956062c41aae859b9818bcba95779a/src/sbi-fx-card-rates/2023/2023-08-22.pdf
sbi/forex-card-rates/2023/2023-08-23.pdf,2f09eba1eeee2d0c96fa894f8c109a88d29f94f8463fb19495e9c3056420e5d3,488498,application/pdf,2026-10-02T17:46:42Z,upstream,https://github.com/sakthipriyan/financial-data/raw/fa278a509a956062c41aae859b9818bcba95779a/src/sbi-fx-card-rates/2023/2023-08-23.pdf
sbi/forex-card-rates/2023/2023-08-24.pdf,d412256738067045994c8a5cf6ec00c0e497335811ea71bd273a920922c19735,488295,application/pdf,2026-10-02T17:46:42Z,upstream,https://github.com/sakthipriyan/financial-data/raw/fa278a509a956062c41aae859b9818bcba95779a/src/sbi-fx-card-rates/2023/2023-08-24.pdf
sbi/forex-card-rates/2023/2023-08-25.pdf,1436d295e574ede68d84fe6dd450f721f4acdc899369ee567b7630233e7d6701,488561,application/pdf,2026-10-02T17:46:42Z,upstream,https://github.com/sakthipriyan/financial-data/raw/fa278a509a956062c41aae859b9818bcba95779a/src/sbi-fx-card-rates/2023/2023-08-25.pdf
sbi/forex-card-rates/2023/2023-08-28.pdf,aa14f449a41a04c9070714526f50f9183bef08ddceda4838671f2c960a77e999,488573,application/pdf,2026-10-02T17:46:42Z,upstream,https://github.com/sakthipriyan/financial-data/raw/fa278a509a956062c41aae859b9818bcba95779a/src/sbi-fx-card-rates/2023/2023-08-28.pdf
sbi/forex-card-rates/2023/2023-08-30.pdf,782633eccb95d8ce5242c58c008fc437d1399597839975979f4da0caa1e4d14e,488537,application/pdf,2026-10-02T17:46:42Z,upstream,https://github.com/sakthipriyan/financial-data/raw/fa278a509a956062c41aae859b9818bcba95779a/src/sbi-fx-card-rates/2023/2023-08-30.pdf
sbi/forex-card-rates/2023/2023-08-31.pdf,a25bb945fbd0a128123b4dd3982af3cdfbd79584a57fad2bc2dcd87ac974d050,488428,application/pdf,2026-10-02T17:46:42Z,upstream,https://github.com/sakthipriyan/financial-data/raw/fa278a509a956062c41aae859b9818bcba95779a/src/sbi-fx-card-rates/2023/2023-08-31.pdf
sbi/forex-card-rates/2023/2023-09-01.pdf,72b6b8091631ccafa056074518b59b9cbe96126926c215f6d487f97581cc985b,488516,application/pdf,2026-10-02T17:46:42Z,upstream,https://github.com/sakthipriyan/financial-data/raw/fa278a509a956062c41aae859b9818bcba95779a/src/sbi-fx-card-rates/2023/2023-09-01.pdf
sbi/forex-card-rates/2023/2023-09-02.pdf,6356b4ed24274c122be19e0d68db0d15a4b070719745323b966d3e4abc950953,488456,application/pdf,2026-10-02T17:46:42Z,upstream,https://github.com/sakthipriyan/financial-data/raw/fa278a509a956062c41aae859b9818bcba95779a/src/sbi-fx-card-rates/2023/2023-09-02.pdf
sbi/forex-card-rates/2023/2023-09-04.pdf,3a2c482da7e5cb258a605672ebbc53f967ebcb711c57f608e068fa34e7bab538,488539,application/pdf,2026-10-02T17:46:42Z,upstream,https://github.com/sakthipriyan/financial-data/raw/fa278a509a956062c41aae859b9818bcba95779a/src/sbi-fx-card-rates/2023/2023-09-04.pdf
sbi/forex-card-rates/2023/2023-09-05.pdf,a9247a24889eea50a596d409ffaaa8345ee3bb84c880dc9b9be60b5e9eafa75c,488319,application/pdf,2026-10-02T17:46:42Z,upstream,https://github.com/sakthipriyan/financial-data/raw/fa278a509a956062c41aae859b9818bcba95779a/src/sbi-fx-card-rates/2023/2023-09-05.pdf
sbi/forex-card-rates/2023/2023-09-06.pdf,fb31cd51729ae965f8106e4b7fd4d656c29c838ac474b7d6fa895bf03fa1dab2,488556,application/pdf,2026-10-02T17:46:42Z,upstream,https://github.com/sakthipriyan/financial-data/raw/fa278a509a956062c41aae859b9818bcba95779a/src/sbi-fx-card-rates/2023/2023-09-06.pdf
sbi/forex-card-rates/2023/2023-09-07.pdf,8373a1a4dd8806b908a8cf39665e652590006a82de3d5080ba05530f1668260c,488451,application/pdf,2026-10-02T17:46:42Z,upstream,https://github.com/sakthipriyan/financial-data/raw/fa278a509a956062c41aae859b9818bcba95779a/src/sbi-fx-card-rates/2023/2023-09-07.pdf
sbi/forex-card-rates/2023/2023-09-08.pdf,0a05c9e6992a2129737660665ea44943beb36075f02864d52a4fa147bbd00ac1,488554,application/pdf,2026-10-02T17:46:42Z,upstream,https://github.com/sakthipriyan/financial-data/raw/fa278a509a956062c41aae859b9818bcba95779a/src/sbi-fx-card-rates/2023/2023-09-08.pdf
sbi/forex-card-rates/2023/2023-09-11.pdf,75c3b888df915bf2e77518b70181082c539df4278c9467987fa01916ca4f2301,488552,application/pdf,2026-10-02T17:46:42Z,upstream,https://github.com/sakthipriyan/financial-data/raw/fa278a509a956062c41aae859b9818bcba95779a/src/sbi-fx-card-rates/2023/2023-09-11.pdf
sbi/forex-card-rates/2023/2023-09-12.pdf,b5e734b9aa1617d56830b4f0a3804967e935ae19b9c460743b25521c703e9066,488465,application/pdf,2026-10-02T17:46:42Z,upstream,https://github.com/sakthipriyan/financial-data/raw/fa278a509a956062c41aae859b9818bcba95779a/src/sbi-fx-card-rates/2023/2023-09-12.pdf
sbi/forex-card-rates/2023/2023-09-13.pdf,e139bb8dda56015b26c0c95d6a782ad3413c0e444b732fe6087e062cccd363d9,488299,application/pdf,2026-10-02T17:46:42Z,upstream,https://github.com/sakthipriyan/financial-data/raw/fa278a509a956062c41aae859b9818bcba95779a/src/sbi-fx-card-rates/2023/2023-09-13.pdf
sbi/forex-card-rates/2023/2023-09-14.pdf,6fedf89d447aaccbd0e2af33c50e78c8139f928b374b4c7bd8887cdb83e823af,488600,application/pdf,2026-10-02T17:46:42Z,upstream,https://github.com/sakthipriyan/financial-data/raw/fa278a509a956062c41aae859b9818bcba95779a/src/sbi-fx-card-rates/2023/2023-09-14.pdf
sbi/forex-card-rates/2023/2023-09-15.pdf,1e0b05db3dc2892bcbe0b3ab3dd094aea0a476b29b3c05a4c6b5c524f549bff8,488576,application/pdf,2026-10-02T17:46:42Z,upstream,https://github.com/sakthipriyan/financial-data/raw/fa278a509a956062c41aae859b9818bcba95779a/src/sbi-fx-card-rates/2023/2023-09-15.pdf
sbi/forex-card-rates/2023/2023-09-16.pdf,32a0b1a6c51a5316e9bf8afe8d098d8d3167c820851ecaf922dab51e8f5ba41f,488473,application/pdf,2026-10-02T17:46:42Z,upstream,https://github.com/sakthipriyan/financial-data/raw/fa278a509a956062c41aae859b9818bcba95779a/src/sbi-fx-card-rates/2023/2023-09-16.pdf
sbi/forex-card-rates/2023/2023-09-18.pdf,f74a44197d1ecd64f6da9354fde30cdb24ab68aa6d8e5304fc8c2fce3776fe09,488570,application/pdf,2026-10-02T17:46:42Z,upstream,https://github.com/sakthipriyan/financial-data/raw/fa278a509a956062c41aae859b9818bcba95779a/src/sbi-fx-card-rates/2023/2023-09-18.pdf
sbi/forex-card-rates/2023/2023-09-20.pdf,9414a309b20cdc742504972d4beae684609c9211decafeeb8c57575d7a094604,488580,application/pdf,2026-10-02T17:46:42Z,upstream,https://github.com/sakthipriyan/financial-data/raw/fa278a509a956062c41aae859b9818bcba95779a/src/sbi-fx-card-rates/2023/2023-09-20.pdf
sbi/forex-card-rates/2023/2023-09-22.pdf,fb68cedae85e6b75953724d68f323eecf118388d28b47ae48867524c0530f42c,488585,application/pdf,2026-10-02T17:46:42Z,upstream,https://github.com/sakthipriyan/financial-data/raw/fa278a509a956062c41aae859b9818bcba95779a/src/sbi-fx-card-rates/2023/2023-09-22.pdf
sbi/forex-card-rates/2023/2023-09-25.pdf,fe7612a96ba2c49a8e33a730409487121524418c17e87320a849352bf184fad5,488566,application/pdf,2026-10-02T17:46:42Z,upstream,https://github.com/sakthipriyan/financial-data/raw/fa278a509a956062c41aae859b9818bcba95779a/src/sbi-fx-card-rates/2023/2023-09-25.pdf
sbi/forex-card-rates/2023/2023-09-26.pdf,3be739026de24476170f6dc409f690213080f4db4a37434f409b897297cb621c,488573,application/pdf,2026-10-02T17:46:42Z,upstream,https://github.com/sakthipriyan/financial-data/raw/fa278a509a956062c41aae859b9818bcba95779a/src/sbi-fx-card-rates/2023/2023-09-26.pdf
sbi/forex-card-rates/2023/2023-09-27.pdf,52370c8cd746819769fc2143a878c72a499c3c86c9c723199c4493ba0ac3468b,488413,application/pdf,2026-10-02T17:46:42Z,upstream,https://github.com/sakthipriyan/financial-data/raw/fa278a509a956062c41aae859b9818bcba95779a/src/sbi-fx-card-rates/2023/2023-09-27.pdf
sbi/forex-card-rates/2023/2023-09-28.pdf,6360599bb2deebc2d75e712641d6d8e04e79ad2580ef945472a0818b4d834000,488562,application/pdf,2026-10-02T17:46:42Z,upstream,https://github.com/sakthipriyan/financial-data/raw/fa278a509a956062c41aae859b9818bcba95779a/src/sbi-fx-card-rates/2023/2023-09-28.pdf
sbi/forex-card-rates/2023/2023-09-30.pdf,90c56aea710d4c2b5627db93beed900e653fd54a101e891f32285686abe4778c,488586,application/pdf,2026-10-02T17:46:42Z,upstream,https://github.com/sakthipriyan/financial-data/raw/fa278a509a956062c41aae859b9818bcba95779a/src/sbi-fx-card-rates/2023/2023-09-30.pdf
sbi/forex-card-rates/2023/2023-10-03.pdf,19789bf0b8998abb49832e079cc099aa3fb689e2fc765b7774f6e15c4f8697b5,488563,application/pdf,2026-10-02T17:46:42Z,upstream,https://github.com/sakthipriyan/financial-data/raw/fa278a509a956062c41aae859b9818bcba95779a/src/sbi-fx-card-rates/2023/2023-10-03.pdf
sbi/forex-card-rates/2023/2023-10-04.pdf,c79e050f7610760f5524b2fd121bd8b9b6ee59f0e91aba0ac94b8152f9666d04,488443,application/pdf,2026-10-02T17:46:42Z,upstream,https://github.com/sakthipriyan/financial-data/raw/fa278a509a956062c41aae859b9818bcba95779a/src/sbi-fx-card-rates/2023/2023-10-04.pdf
sbi/forex-card-rates/2023/2023-10-05.pdf,a48ebc1b20c262c9b704aef50f99c556be6221704e4d307f2e0288f5a25f10a2,488432,application/pdf,2026-10-02T17:46:42Z,upstream,https://github.com/sakthipriyan/financial-data/raw/fa278a509a956062c41aae859b9818bcba95779a/src/sbi-fx-card-rates/2023/2023-10-05.pdf
sbi/forex-card-rates/2023/2023-10-06.pdf,2f2aa92aac29fca1f2be1deebd326bfb715525b7f1a59711f8a8d30832811d4d,488432,application/pdf,2026-10-02T17:46:42Z,upstream,https://github.com/sakthipriyan/financial-data/raw/fa278a509a956062c41aae859b9818bcba95779a/src/sbi-fx-card-rates/2023/2023-10-06.pdf
sbi/forex-card-rates/2023/2023-10-07.pdf,c311c1bc470045d3f320436b6cd240911fc9832e5f2792d846cd1575a83f0c61,488464,application/pdf,2026-10-02T17:46:42Z,upstream,https://github.com/sakthipriyan/financial-data/raw/fa278a509a956062c41aae859b9818bcba95779a/src/sbi-fx-card-rates/2023/2023-10-07.pdf
sbi/forex-card-rates/2023/2023-10-09.pdf,792df18e765444f1ca9a2bfe19beec48382ac8b7987fd23da8c3ac768b0ebf54,488539,application/pdf,2026-10-02T17:46:42Z,upstream,https://github.com/sakthipriyan/financial-data/raw/fa278a509a956062c41aae859b9818bcba95779a/src/sbi-fx-card-rates/2023/2023-10-09.pdf
sbi/forex-card-rates/2023/2023-10-10.pdf,1da7c859764859865eea153b37a8e334b18a5f2ef818d3b005d8b672a14bdf59,488560,application/pdf,2026-10-02T17:46:42Z,upstream,https://github.com/sakthipriyan/financial-data/raw/fa278a509a956062c41aae859b9818bcba95779a/src/sbi-fx-card-rates/2023/2023-10-10.pdf
sbi/forex-card-rates/2023/2023-10-11.pdf,a3d3508e03e4354179ded002e79c806992d0644ee5f6665ef43d7b47306ada57,488569,application/pdf,2026-10-02T17:46:42Z,upstream,https://github.com/sakthipriyan/financial-data/raw/fa278a509a956062c41aae859b9818bcba95779a/src/sbi-fx-card-rates/2023/2023-10-11.pdf
sbi/forex-card-rates/2023/2023-10-12.pdf,e8619a090cf8b7b288a6e21bca2aa927d134153c0f350b848c1d9a52741a3000,488323,application/pdf,2026-10-02T17:46:42Z,upstream,https://github.com/sakthipriyan/financial-data/raw/fa278a509a956062c41aae859b9818bcba95779a/src/sbi-fx-card-rates/2023/2023-10-12.pdf
sbi/forex-card-rates/2023/2023-10-13.pdf,e68064c14457aafdb6560f856ebedeed1f6e681fa5d6dadc8213f20f4bfe9dec,488565,application/pdf,2026-10-02T17:46:42Z,upstream,https://github.com/sakthipriyan/financial-data/raw/fa278a509a956062c41aae859b9818bcba95779a/src/sbi-fx-card-rates/2023/2023-10-13.pdf
sbi/forex-card-rates/2023/2023-10-16.pdf,0ac5f9d0149ab0c4b97d6e1e8bcc0272c2565de8ea43c5e3451795e34283d8de,488572,application/pdf,2026-10-02T17:46:42Z,upstream,https://github.com/sakthipriyan/financial-data/raw/fa278a509a956062c41aae859b9818bcba95779a/src/sbi-fx-card-rates/2023/2023-10-16.pdf
sbi/forex-card-rates/2023/2023-10-17.pdf,522d2d54296326672bd22989a12b664b631f480b9f398af53c852ba52bdb9871,488412,application/pdf,2026-10-02T17:46:42Z,upstream,https://github.com/sakthipriyan/financial-data/raw/fa278a509a956062c41aae859b9818bcba95779a/src/sbi-fx-card-rates/2023/2023-10-17.pdf
sbi/forex-card-rates/2023/2023-10-18.pdf,b947f90bd35f83607309c9a3e8a323883e12f2622ab4ca77931ea732e70bdd21,488417,application/pdf,2026-10-02T17:46:42Z,upstream,https://github.com/sakthipriyan/financial-data/raw/fa278a509a956062c41aae859b9818bcba95779a/src/sbi-fx-card-rates/2023/2023-10-18.pdf
sbi/forex-card-rates/2023/2023-10-19.pdf,5e9bd73805898bd1b05eb9cc5e921fb7f1544d03bc274522ebd5648dcc3777e6,488428,application/pdf,2026-10-02T17:46:42Z,upstream,https://github.com/sakthipriyan/financial-data/raw/fa278a509a956062c41aae859b9818bcba95779a/src/sbi-fx-card-rates/2023/2023-10-19.pdf
sbi/forex-card-rates/2023/2023-10-20.pdf,73c336ce58943b9a603597a7370ea0bd372444d3d7b0d61b90d91130d4678db8,488535,application/pdf,2026-10-02T17:46:42Z,upstream,https://github.com/sakthipriyan/financial-data/raw/fa278a509a956062c41aae859b9818bcba95779a/src/sbi-fx-card-rates/2023/2023-10-20.pdf
sbi/forex-card-rates/2023/2023-10-21.pdf,df41dc518caeab94cfe2fdc711272c2c8fa51a2cffcc811a8a75053f36937595,488275,application/pdf,2026-10-02T17:46:42Z,upstream,https://github.com/sakthipriyan/financial-data/raw/fa278a509a956062c41aae859b9818bcba95779a/src/sbi-fx-card-rates/2023/2023-10-21.pdf
sbi/forex-card-rates/2023/2023-10-23.pdf,6c0dd44d76178381b5ee24a9c4adc645ae97432dae36ce485df72608f29a0b99,488511,application/pdf,2026-10-02T17:46:42Z,upstream,https://github.com/sakthipriyan/financial-data/raw/fa278a509a956062c41aae859b9818bcba95779a/src/sbi-fx-card-rates/2023/2023-10-23.pdf
sbi/forex-card-rates/2023/2023-10-25.pdf,66269fb50ec2f58950c6c0ff81eae05d388c34ca4814b0a52b233a70e76100a8,488525,application/pdf,2026-10-02T17:46:42Z,upstream,https://github.com/sakthipriyan/financial-data/raw/fa278a509a956062c41aae859b9818bcba95779a/src/sbi-fx-card-rates/2023/2023-10-25.pdf
sbi/forex-card-rates/2023/2023-10-26.pdf,5e80ef619f75243c645a2dee29d171845d28ada357498d3f34ac5d14df9af3b8,488583,application/pdf,2026-10-02T17:46:42Z,upstream,https://github.com/sakthipriyan/financial-data/raw/fa278a509a956062c41aae859b9818bcba95779a/src/sbi-fx-card-rates/2023/2023-10-26.pdf
sbi/forex-card-rates/2023/2023-10-27.pdf,1740041e71e82ee1f8e471c0ef61d051868ecfa4bfd7cb1a744895385ac751a9,488551,application/pdf,2026-10-02T17:46:42Z,upstream,https://github.com/sakthipriyan/financial-data/raw/fa278a509a956062c41aae859b9818bcba95779a/src/sbi-fx-card-rates/2023/2023-10-27.pdf
sbi/forex-card-rates/2023/2023-10-30.pdf,c1cfa2d81bf59659bbf7208da68238418775265705aa1de3c12e818c05facaf6,488485,application/pdf,2026-10-02T17:46:42Z,upstream,https://github.com/sakthipriyan/financial-data/raw/fa278a509a956062c41aae859b9818bcba95779a/src/sbi-fx-card-rates/2023/2023-10-30.pdf
sbi/forex-card-rates/2023/2023-10-31.pdf,59622628f038131ac167997691e93545f1cab72dbdc0f09a76b53d235bb3d595,488269,application/pdf,2026-10-02T17:46:42Z,upstream,https://github.com/sakthipriyan/financial-data/raw/fa278a509a956062c41aae859b9818bcba95779a/src/sbi-fx-card-rates/2023/2023-10-31.pdf
sbi/forex-card-rates/2023/2023-11-01.pdf,c9d1d9a21d0b4f7a4e25b45adfb612de9da84ce5041474f940aab52160f614fc,488550,application/pdf,2026-10-02T17:46:42Z,upstream,https://github.com/sakthipriyan/financial-data/raw/fa278a509a956062c41aae859b9818bcba95779a/src/sbi-fx-card-rates/2023/2023-11-01.pdf
sbi/forex-card-rates/2023/2023-11-02.pdf,3a917063048b7a37f91deb269b53b65429d930906bda16de0dc200e85f4cc802,488554,application/pdf,2026-10-02T17:46:42Z,upstream,https://github.com/sakthipriyan/financial-data/raw/fa278a509a956062c41aae859b9818bcba95779a/src/sbi-fx-card-rates/2023/2023-11-02.pdf
sbi/forex-card-rates/2023/2023-11-03.pdf,b833b2214ac65f04044d9cb64b901d89a8f6e5c91d783ce88fb13781c28bde15,488462,application/pdf,2026-10-02T17:46:42Z,upstream,https://github.com/sakthipriyan/financial-data/raw/fa278a509a956062c41aae859b9818bcba95779a/src/sbi-fx-card-rates/2023/2023-11-03.pdf
sbi/forex-card-rates/2023/2023-11-04.pdf,2fa84a763dde38dd7dfd5e66223e4b5fdad506e66e40244361f023757758a547,488318,application/pdf,2026-10-02T17:46:42Z,upstream,https://github.com/sakthipriyan/financial-data/raw/fa278a509a956062c41aae859b9818bcba95779a/src/sbi-fx-card-rates/2023/2023-11-04.pdf
sbi/forex-card-rates/2023/2023-11-06.pdf,e94e33fc4b66714b88d07f88caafe22672d285671a5a4e9d741b6d085e6c2f11,488488,application/pdf,2026-10-02T17:46:42Z,upstream,https://github.com/sakthipriyan/financial-data/raw/fa278a509a956062c41aae859b9818bcba95779a/src/sbi-fx-card-rates/2023/2023-11-06.pdf
sbi/forex-card-rates/2023/2023-11-07.pdf,47d51d8e91c3adc73a97ce741cdb298e0874a2a19523d274c5c9945c531d144f,488525,application/pdf,2026-10-02T17:46:42Z,upstream,https://github.com/sakthipriyan/financial-data/raw/fa278a509a956062c41aae859b9818bcba95779a/src/sbi-fx-card-rates/2023/2023-11-07.pdf
sbi/forex-card-rates/2023/2023-11-09.pdf,cc2be9a752f782d0e0fd2b290910b0b020bbcd4bf4de20971c2f30438225dd37,488639,application/pdf,2026-10-02T17:46:42Z,upstream,https://github.com/sakthipriyan/financial-data/raw/fa278a509a956062c41aae859b9818bcba95779a/src/sbi-fx-card-rates/2023/2023-11-09.pdf
sbi/forex-card-rates/2023/2023-11-10.pdf,e3a66bc3323e0a2cf1eba166134cf1f7d01ac77ea7c9e7384411217d9e51dd78,485630,application/pdf,2026-10-02T17:46:42Z,upstream,https://github.com/sakthipriyan/financial-data/raw/fa278a509a956062c41aae859b9818bcba95779a/src/sbi-fx-card-rates/2023/2023-11-10.pdf
sbi/forex-card-rates/2023/2023-11-13.pdf,9ee9b8d2aa8223ff869b1472d769990fd4b9e6bb2bc2695c4c84878f4400a2d8,488459,application/pdf,2026-10-02T17:46:42Z,upstream,https://github.com/sakthipriyan/financial-data/raw/fa278a509a956062c41aae859b9818bcba95779a/src/sbi-fx-card-rates/2023/2023-11-13.pdf
sbi/forex-card-rates/2023/2023-11-15.pdf,908e3f2199d30408dc1b63cec6f37aca4d33f80ba46874b524ad1aa8c61e6660,488311,application/pdf,2026-10-02T17:46:42Z,upstream,https://github.com/sakthipriyan/financial-data/raw/fa278a509a956062c41aae859b9818bcba95779a/src/sbi-fx-card-rates/2023/2023-11-15.pdf
sbi/forex-card-rates/2023/2023-11-16.pdf,9544bc72ad88db49856766395796ad4351df861e6c41ff20915e8a37a5d2ec79,488565,application/pdf,2026-10-02T17:46:42Z,upstream,https://github.com/sakthipriyan/financial-data/raw/fa278a509a956062c41aae859b9818bcba95779a/src/sbi-fx-card-rates/2023/2023-11-16.pdf
sbi/forex-card-rates/2023/2023-11-17.pdf,150d6f1b56d330a244e22f762744bfa86b69c5bb6fb7a1945c5d93c70ad1f91f,488479,application/pdf,2026-10-02T17:46:42Z,upstream,https://github.com/sakthipriyan/financial-data/raw/fa278a509a956062c41aae859b9818bcba95779a/src/sbi-fx-card-rates/2023/2023-11-17.pdf
sbi/forex-card-rates/2023/2023-11-18.pdf,163cea559283e62b886b9a34e2e5a6ee85f3a6e2e77e4e4325a24d471e3ae6d1,488571,application/pdf,2026-10-02T17:46:42Z,upstream,https://github.com/sakthipriyan/financial-data/raw/fa278a509a956062c41aae859b9818bcba95779a/src/sbi-fx-card-rates/2023/2023-11-18.pdf
sbi/forex-card-rates/2023/2023-11-20.pdf,8b65a65904266839daf126d7b68aa0ec2f25abf6f08401773be64f37a24ce622,488417,application/pdf,2026-10-02T17:46:42Z,upstream,https://github.com/sakthipriyan/financial-data/raw/fa278a509a956062c41aae859b9818bcba95779a/src/sbi-fx-card-rates/2023/2023-11-20.pdf
sbi/forex-card-rates/2023/2023-11-21.pdf,773bc51a015f18e8ecb42abf72e00ddb4f752bbf132dd88a187e6ce20e957d4f,488482,application/pdf,2026-10-02T17:46:42Z,upstream,https://github.com/sakthipriyan/financial-data/raw/fa278a509a956062c41aae859b9818bcba95779a/src/sbi-fx-card-rates/2023/2023-11-21.pdf
sbi/forex-card-rates/2023/2023-11-22.pdf,3df1dacb9b29bc9685e459090e8d28fe68b07320f4c8c140b905fe61b8efbf2d,488565,application/pdf,2026-10-02T17:46:42Z,upstream,https://github.com/sakthipriyan/financial-data/raw/fa278a509a956062c41aae859b9818bcba95779a/src/sbi-fx-card-rates/2023/2023-11-22.pdf
sbi/forex-card-rates/2023/2023-11-23.pdf,421d9b840e9c829079c485a2c97adf30a3f7b9026515b81cdf1e485a2412e87c,488430,application/pdf,2026-10-02T17:46:42Z,upstream,https://github.com/sakthipriyan/financial-data/raw/fa278a509a956062c41aae859b9818bcba95779a/src/sbi-fx-card-rates/2023/2023-11-23.pdf
sbi/forex-card-rates/2023/2023-11-24.pdf,37b6820908d3cc110bd6e05cad9919d7f61cfaed04d9c2c5c4b2337fd56b2f28,488400,application/pdf,2026-10-02T17:46:42Z,upstream,https://github.com/sakthipriyan/financial-data/raw/fa278a509a956062c41aae859b9818bcba95779a/src/sbi-fx-card-rates/2023/2023-11-24.pdf
sbi/forex-card-rates/2023/2023-11-28.pdf,dd7e47250cab98a09bd11ce390d17ee1a157daa37f1055430ff4437774c0aad2,488870,application/pdf,2026-10-02T17:46:42Z,upstream,https://github.com/sakthipriyan/financial-data/raw/fa278a509a956062c41aae859b9818bcba95779a/src/sbi-fx-card-rates/2023/2023-11-28.pdf
sbi/forex-card-rates/2023/2023-11-29.pdf,bfad213ea6bd16f2199fe6ec4360dba54229e89d49588e57599a602cefc88e03,489144,application/pdf,2026-10-02T17:46:42Z,upstream,https://github.com/sakthipriyan/financial-data/raw/fa278a509a956062c41aae859b9818bcba95779a/src/sbi-fx-card-rates/2023/2023-11-29.pdf
sbi/forex-card-rates/2023/2023-11-30.pdf,5ebd1a6f34b45a9fc2d4f8f269670a8c1926e9189d0cfd8e0f72d51321461096,489255,application/pdf,2026-10-02T17:46:42Z,upstream,https://github.com/sakthipriyan/financial-data/raw/fa278a509a956062c41aae859b9818bcba95779a/src/sbi-fx-card-rates/2023/2023-11-30.pdf
sbi/forex-card-rates/2023/2023-12-01.pdf,eb75ea0fff7b228001fd3d84bdba57b86c92ce9f2f263f9a152864ba3a7ecfcd,489234,application/pdf,2026-10-02T17:46:42Z,upstream,https://github.com/sakthipriyan/financial-data/raw/fa278a509a956062c41aae859b9818bcba95779a/src/sbi-fx-card-rates/2023/2023-12-01.pdf
sbi/forex-card-rates/2023/2023-12-02.pdf,96057c7ea1d8f5311bc08d99d4ff1a73701872f04a181b0d84b5d5401463c756,489250,application/pdf,2026-10-02T17:46:42Z,upstream,https://github.com/sakthipriyan/financial-data/raw/fa278a509a956062c41aae859b9818bcba95779a/src/sbi-fx-card-rates/2023/2023-12-02.pdf
sbi/forex-card-rates/2023/2023-12-04.pdf,da7dbd9f328b131787a0cce69f6ae56d30863be421e4fba0d933887812741a21,489207,application/pdf,2026-10-02T17:46:42Z,upstream,https://github.com/sakthipriyan/financial-data/raw/fa278a509a956062c41aae859b9818bcba95779a/src/sbi-fx-card-rates/2023/2023-12-04.pdf
sbi/forex-card-rates/2023/2023-12-05.pdf,760d7d710a7d958720b38d96172f71272585edcbb6d3429e2c487388731646b0,491401,application/pdf,2026-10-02T17:46:42Z,upstream,https://github.com/sakthipriyan/financial-data/raw/fa278a509a956062c41aae859b9818bcba95779a/src/sbi-fx-card-rates/2023/2023-12-05.pdf
sbi/forex-card-rates/2023/2023-12-06.pdf,b433cda1fdb1b661a3548b4b4a9dcfcb19f57134218b6bde2e413f4bee75aed0,489186,application/pdf,2026-10-02T17:46:42Z,upstream,https://github.com/sakthipriyan/financial-data/raw/fa278a509a956062c41aae859b9818bcba95779a/src/sbi-fx-card-rates/2023/2023-12-06.pdf
sbi/forex-card-rates/2023/2023-12-07.pdf,a68662151cb7db3e5ca2583238e3c56ef551aab0ba2db5bdb3b0eae9d777e53e,489243,application/pdf,2026-10-02T17:46:42Z,upstream,https://github.com/sakthipriyan/financial-data/raw/fa278a509a956062c41aae859b9818bcba95779a/src/sbi-fx-card-rates/2023/2023-12-07.pdf
sbi/forex-card-rates/2023/2023-12-08.pdf,fd7c2c721c985996f97ac8068ad3f619cbeb1a8a976ac22fdc0cfe843b7d0d1d,489234,application/pdf,2026-10-02T17:46:42Z,upstream,https://github.com/sakthipriyan/financial-data/raw/fa278a509a956062c41aae859b9818bcba95779a/src/sbi-fx-card-rates/2023/2023-12-08.pdf
sbi/forex-card-rates/2023/2023-12-11.pdf,0315ec90b1f4d22151652c5b729344e5ba4a86a40174b0e47219cddbd50c94ee,489209,application/pdf,2026-10-02T17:46:42Z,upstream,https://github.com/sakthipriyan/financial-data/raw/fa278a509a956062c41aae859b9818bcba95779a/src/sbi-fx-card-rates/2023/2023-12-11.pdf
sbi/forex-card-rates/2023/2023-12-12.pdf,1f0876f44b4aaa8894663cfdd1ade86019cfd5f0b996b7c31af7647c6d27b2eb,489247,application/pdf,2026-10-02T17:46:42Z,upstream,https://github.com/sakthipriyan/financial-data/raw/fa278a509a956062c41aae859b9818bcba95779a/src/sbi-fx-card-rates/2023/2023-12-12.pdf
sbi/forex-card-rates/2023/2023-12-13.pdf,85ee8b0f43246da879a18eebf82aab307a0a217d64ae2b84981bbec9bec7eba6,489169,application/pdf,2026-10-02T17:46:42Z,upstream,https://github.com/sakthipriyan/financial-data/raw/fa278a509a956062c41aae859b9818bcba95779a/src/sbi-fx-card-rates/2023/2023-12-13.pdf
sbi/forex-card-rates/2023/2023-12-14.pdf,06e7a350a5fe4ce3f9ce3c58c1238a1f3d42d4fe2c578828717253f031df8306,489257,application/pdf,2026-10-02T17:46:42Z,upstream,https://github.com/sakthipriyan/financial-data/raw/fa278a509a956062c41aae859b9818bcba95779a/src/sbi-fx-card-rates/2023/2023-12-14.pdf
sbi/forex-card-rates/2023/2023-12-15.pdf,80a27f17acc4af5eb9a59c3266fa42682769ef7d2cc8e4ef84fb6ac267893eba,489184,application/pdf,2026-10-02T17:46:42Z,upstream,https://github.com/sakthipriyan/financial-data/raw/fa278a509a956062c41aae859b9818bcba95779a/src/sbi-fx-card-rates/2023/2023-12-15.pdf
sbi/forex-card-rates/2023/2023-12-16.pdf,736b32d1c452ba2a8564f3a2fbd39297b77195cdc1f70a4d4d5270e33be3fb0c,489243,application/pdf,2026-10-02T17:46:42Z,upstream,https://github.com/sakthipriyan/financial-data/raw/fa278a509a956062c41aae859b9818bcba95779a/src/sbi-fx-card-rates/2023/2023-12-16.pdf
sbi/forex-card-rates/2023/2023-12-18.pdf,8e775fb43f7018311f013b370d4716999367b820ceb53fcb664816f2381b2ef7,489251,application/pdf,2026-10-02T17:46:42Z,upstream,https://github.com/sakthipriyan/financial-data/raw/fa278a509a956062c41aae859b9818bcba95779a/src/sbi-fx-card-rates/2023/2023-12-18.pdf
sbi/forex-card-rates/2023/2023-12-19.pdf,8acbdd5549ba30bbe33432626a370556d21257c186709a33e0ffe69f2e9347d6,489182,application/pdf,2026-10-02T17:46:42Z,upstream,https://github.com/sakthipriyan/financial-data/raw/fa278a509a956062c41aae859b9818bcba95779a/src/sbi-fx-card-rates/2023/2023-12-19.pdf
sbi/forex-card-rates/2023/2023-12-20.pdf,64229d84987cbc3a2d4c02298a68459257862cab05280f1b63fe446413bf3cf3,489063,application/pdf,2026-10-02T17:46:42Z,upstream,https://github.com/sakthipriyan/financial-data/raw/fa278a509a956062c41aae859b9818bcba95779a/src/sbi-fx-card-rates/2023/2023-12-20.pdf
sbi/forex-card-rates/2023/2023-12-21.pdf,f0826de4c2adb5a23b6ae654646a15546c0160294e7013c5151062362afa8c6b,488993,application/pdf,2026-10-02T17:46:42Z,upstream,https://github.com/sakthipriyan/financial-data/raw/fa278a509a956062c41aae859b9818bcba95779a/src/sbi-fx-card-rates/2023/2023-12-21.pdf
sbi/forex-card-rates/2023/2023-12-22.pdf,f64cb7e0989ac291f7b3a7a94309b436eae7bb51bc35113c195f699be76ad6ad,489086,application/pdf,2026-10-02T17:46:42Z,upstream,https://github.com/sakthipriyan/financial-data/raw/fa278a509a956062c41aae859b9818bcba95779a/src/sbi-fx-card-rates/2023/2023-12-22.pdf
sbi/forex-card-rates/2023/2023-12-26.pdf,5b3fe253ddf6ec4524ed6f7804c24781cb5a3914b3972142c50a79441af3d79d,486788,application/pdf,2026-10-02T17:46:42Z,upstream,https://github.com/sakthipriyan/financial-data/raw/fa278a509a956062c41aae859b9818bcba95779a/src/sbi-fx-card-rates/2023/2023-12-26.pdf
sbi/forex-card-rates/2023/2023-12-27.pdf,e6525654df4c2d486ea6b7d1bd2da94bcb02114089ede7bd9155f05e40d1eeb5,489170,application/pdf,2026-10-02T17:46:42Z,upstream,https://github.com/sakthipriyan/financial-data/raw/fa278a509a956062c41aae859b9818bcba95779a/src/sbi-fx-card-rates/2023/2023-12-27.pdf
sbi/forex-card-rates/2023/2023-12-28.pdf,8c0febb8df998022a8693b28979b0214d77c62df8945ad6112254b0a3fff7114,489264,application/pdf,2026-10-02T17:46:42Z,upstream,https://github.com/sakthipriyan/financial-data/raw/fa278a509a956062c41aae859b9818bcba95779a/src/sbi-fx-card-rates/2023/2023-12-28.pdf
sbi/forex-card-rates/2023/2023-12-29.pdf,8151d4bbb5eee83449e5154e524c84be5434a5f97181cdd9cfe10b35abae8bcb,488978,application/pdf,2026-10-02T17:46:42Z,upstream,https://github.com/sakthipriyan/financial-data/raw/fa278a509a956062c41aae859b9818bcba95779a/src/sbi-fx-card-rates/2023/2023-12-29.pdf
sbi/forex-card-rates/2023/2023-12-30.pdf,6205c1a811c381ceb5a5230be2482a3ffcbdadc34a64b914bd633fcef61de610,489281,application/pdf,2026-10-02T17:46:42Z,upstream,https://github.com/sakthipriyan/financial-data/raw/fa278a509a956062c41aae859b9818bcba95779a/src/sbi-fx-card-rates/2023/2023-12-30.pdf
sbi/forex-card-rates/2024/2024-01-01.pdf,c5e0b10d7c3323385afa69e37375a824195eb6cbf485e6ea99ae512cafa9e72e,489170,application/pdf,2026-10-02T17:46:42Z,upstream,https://github.com/sakthipriyan/financial-data/raw/fa278a509a956062c41aae859b9818bcba95779a/src/sbi-fx-card-rates/2024/2024-01-01.pdf
sbi/forex-card-rates/2024/2024-01-02.pdf,c3fb754448dc32f848080469356799b136736b85d8d7a83c97d1f897020cd82e,489228,application/pdf,2026-10-02T17:46:42Z,upstream,https://github.com/sakthipriyan/financial-data/raw/fa278a509a956062c41aae859b9818bcba95779a/src/sbi-fx-card-rates/2024/2024-01-02.pdf
sbi/forex-card-rates/2024/2024-01-03.pdf,894078cfef2db12297971ece4ec235596c87a87670038cb83b47d4bc15c9cdda,489231,application/pdf,2026-10-02T17:46:42Z,upstream,https://github.com/sakthipriyan/financial-data/raw/fa278a509a956062c41aae859b9818bcba95779a/src/sbi-fx-card-rates/2024/2024-01-03.pdf
sbi/forex-card-rates/2024/2024-01-04.pdf,db75b46b580ede6bd13a56723bff3887a2baa095de99996732567a77a1e4170b,489161,application/pdf,2026-10-02T17:46:42Z,upstream,https://github.com/sakthipriyan/financial-data/raw/fa278a509a956062c41aae859b9818bcba95779a/src/sbi-fx-card-rates/2024/2024-01-04.pdf
sbi/forex-card-rates/2024/2024-01-05.pdf,88bbbd9984f9ee65e6e849d97eb86a75d1a5248dcc5c7300774f725c4b716ee7,489170,application/pdf,2026-10-02T17:46:42Z,upstream,https://github.com/sakthipriyan/financial-data/raw/fa278a509a956062c41aae859b9818bcba95779a/src/sbi-fx-card-rates/2024/2024-01-05.pdf
sbi/forex-card-rates/2024/2024-01-06.pdf,cb4e8cb8c6aca8cb290d881ac421e03fdd86089bb08418ad01e96e68145bdbd6,489370,application/pdf,2026-10-02T17:46:42Z,upstream,https://github.com/sakthipriyan/financial-data/raw/fa278a509a956062c41aae859b9818bcba95779a/src/sbi-fx-card-rates/2024/2024-01-06.pdf
sbi/forex-card-rates/2024/2024-01-08.pdf,bfd9a9701ec013a74863f00430b231d143efa9037372cda7bda128b033800042,488978,application/pdf,2026-10-02T17:46:42Z,upstream,https://github.com/sakthipriyan/financial-data/raw/fa278a509a956062c41aae859b9818bcba95779a/src/sbi-fx-card-rates/2024/2024-01-08.pdf
sbi/forex-card-rates/2024/2024-01-09.pdf,fc2f252665d5cd36a58e4c90d250a0ec43bb2c701d7c77357e1c21367b1bf7aa,489159,application/pdf,2026-10-02T17:46:42Z,upstream,https://github.com/sakthipriyan/financial-data/raw/fa278a509a956062c41aae859b9818bcba95779a/src/sbi-fx-card-rates/2024/2024-01-09.pdf
sbi/forex-card-rates/2024/2024-01-10.pdf,5f69c4d4b6cf0e82cd6678e7f800c563a124a42e70df7594843bcf26ae1a625b,489229,application/pdf,2026-10-02T17:46:42Z,upstream,https://github.com/sakthipriyan/financial-data/raw/fa278a509a956062c41aae859b9818bcba95779a/src/sbi-fx-card-rates/2024/2024-01-10.pdf
sbi/forex-card-rates/2024/2024-01-11.pdf,09aba41fafcaafc74f205f699881bc18bb90e091bb0d7e260041a3d5ca97aa7c,489122,application/pdf,2026-10-02T17:46:42Z,upstream,https://github.com/sakthipriyan/financial-data/raw/fa278a509a956062c41aae859b9818bcba95779a/src/sbi-fx-card-rates/2024/2024-01-11.pdf
sbi/forex-card-rates/2024/2024-01-12.pdf,52cd0c847fc91b851f0b4c1f780ca47bdb4da6e9fa9f099943ddd3e258997f35,489158,application/pdf,2026-10-02T17:46:42Z,upstream,https://github.com/sakthipriyan/financial-data/raw/fa278a509a956062c41aae859b9818bcba95779a/src/sbi-fx-card-rates/2024/2024-01-12.pdf
sbi/forex-card-rates/2024/2024-01-15.pdf,bd0433b155fe581512effffc7c7fa58ad09dbeb8056e161531aefc85f48adc37,489188,application/pdf,2026-10-02T17:46:42Z,upstream,https://github.com/sakthipriyan/financial-data/raw/fa278a509a956062c41aae859b9818bcba95779a/src/sbi-fx-card-rates/2024/2024-01-15.pdf
sbi/forex-card-rates/2024/2024-01-16.pdf,680cafd523e44ad35cdbe52db318777a94dca29fe2791dec6503e097628f2ff4,489250,application/pdf,2026-10-02T17:46:42Z,upstream,https://github.com/sakthipriyan/financial-data/raw/fa278a509a956062c41aae859b9818bcba95779a/src/sbi-fx-card-rates/2024/2024-01-16.pdf
sbi/forex-card-rates/2024/2024-01-17.pdf,cc12e6cdeec0992ab775fe01ea2ed18f1c28726dad26ca0beb265907b928e123,489162,application/pdf,2026-10-02T17:46:42Z,upstream,https://github.com/sakthipriyan/financial-data/raw/fa278a509a956062c41aae859b9818bcba95779a/src/sbi-fx-card-rates/2024/2024-01-17.pdf
sbi/forex-card-rates/2024/2024-01-18.pdf,ac8a6c5a061909b8ecabe9ddaa3b146de4d77cb2f4d4ee0c1ebbf7b5cd7b51ed,489219,application/pdf,2026-10-02T17:46:42Z,upstream,https://github.com/sakthipriyan/financial-data/raw/fa278a509a956062c41aae859b9818bcba95779a/src/sbi-fx-card-rates/2024/2024-01-18.pdf
sbi/forex-card-rates/2024/2024-01-19.pdf,8d1f39b8ee37fd18a3db349d4e367afca8a725ef3d21247e65dfd51172a9270c,489177,application/pdf,2026-10-02T17:46:42Z,upstream,https://github.com/sakthipriyan/financial-data/raw/fa278a509a956062c41aae859b9818bcba95779a/src/sbi-fx-card-rates/2024/2024-01-19.pdf
sbi/forex-card-rates/2024/2024-01-20.pdf,b97c01eeeec40a97c36bca4b66c678496893cecd38de8427ffcae05180d4c78a,489165,application/pdf,2026-10-02T17:46:42Z,upstream,https://github.com/sakthipriyan/financial-data/raw/fa278a509a956062c41aae859b9818bcba95779a/src/sbi-fx-card-rates/2024/2024-01-20.pdf
sbi/forex-card-rates/2024/2024-01-23.pdf,28f3a14d430b76e6bc9898848deceaef3b8dfab00d0bdde77e9a74656fb367f0,489170,application/pdf,2026-10-02T17:46:42Z,upstream,https://github.com/sakthipriyan/financial-data/raw/fa278a509a956062c41aae859b9818bcba95779a/src/sbi-fx-card-rates/2024/2024-01-23.pdf
sbi/forex-card-rates/2024/2024-01-24.pdf,90114d145bf74cd76c869cff4267e318da96e9228b2ff76e2b973bad4deed49f,489241,application/pdf,2026-10-02T17:46:42Z,upstream,https://github.com/sakthipriyan/financial-data/raw/fa278a509a956062c41aae859b9818bcba95779a/src/sbi-fx-card-rates/2024/2024-01-24.pdf
sbi/forex-card-rates/2024/2024-01-25.pdf,4158d56c990e1fb10358dedb41a6e0ab3de56a5f68999e71b017a101be753f29,489169,application/pdf,2026-10-02T17:46:42Z,upstream,https://github.com/sakthipriyan/financial-data/raw/fa278a509a956062c41aae859b9818bcba95779a/src/sbi-fx-card-rates/2024/2024-01-25.pdf
sbi/forex-card-rates/2024/2024-01-29.pdf,a974926c62fc558da5cfe520a801cbf67b71d94c1952cd02243ef5fbf298d58e,487032,application/pdf,2026-10-02T17:46:42Z,upstream,https://github.com/sakthipriyan/financial-data/raw/fa278a509a956062c41aae859b9818bcba95779a/src/sbi-fx-card-rates/2024/2024-01-29.pdf
sbi/forex-card-rates/2024/2024-01-30.pdf,eda93b25682d6e307b9415e200a58ea57c6b8a44e58268fe6b5e70bdf7ce81fb,487025,application/pdf,2026-10-02T17:46:42Z,upstream,https://github.com/sakthipriyan/financial-data/raw/fa278a509a956062c41aae859b9818bcba95779a/src/sbi-fx-card-rates/2024/2024-01-30.pdf
sbi/forex-card-rates/2024/2024-01-31.pdf,4c7d1770b4281889339cedf9f9a31af2059916a74ae85483c774e1f8b954a95a,487006,application/pdf,2026-10-02T17:46:42Z,upstream,https://github.com/sakthipriyan/financial-data/raw/fa278a509a956062c41aae859b9818bcba95779a/src/sbi-fx-card-rates/2024/2024-01-31.pdf
sbi/forex-card-rates/2024/2024-02-01.pdf,0b6c6fc95bad05bf8db6fa14afa783454f34648144940e974985f58203cc7cd4,487024,application/pdf,2026-10-02T17:46:42Z,upstream,https://github.com/sakthipriyan/financial-data/raw/fa278a509a956062c41aae859b9818bcba95779a/src/sbi-fx-card-rates/2024/2024-02-01.pdf
sbi/forex-card-rates/2024/2024-02-02.pdf,fd3dcd543ac8e15a49ab5dd86d347a3caea0c4f664ee994df70fe092dede7085,493258,application/pdf,2026-10-02T17:46:42Z,upstream,https://github.com/sakthipriyan/financial-data/raw/fa278a509a956062c41aae859b9818bcba95779a/src/sbi-fx-card-rates/2024/2024-02-02.pdf
sbi/forex-card-rates/2024/2024-02-03.pdf,9ba00ed3ea7818458ad44d1158b0998347242d4397966d52f0493dd00b3a6110,486963,application/pdf,2026-10-02T17:46:42Z,upstream,https://github.com/sakthipriyan/financial-data/raw/fa278a509a956062c41aae859b9818bcba95779a/src/sbi-fx-card-rates/2024/2024-02-03.pdf
sbi/forex-card-rates/2024/2024-02-05.pdf,85af6ce427ddb04a42cce2de351e50a359cbaf3c5ff171d39fbf79a3f86a886a,175116,application/pdf,2026-10-02T17:46:42Z,upstream,https://github.com/sakthipriyan/financial-data/raw/fa278a509a956062c41aae859b9818bcba95779a/src/sbi-fx-card-rates/2024/2024-02-05.pdf
sbi/forex-card-rates/2024/2024-02-06.pdf,59ce78bd15fc1302a427c073478c47a133e9890a096988cebe3b4c5232dfb872,175123,application/pdf,2026-10-02T17:46:42Z,upstream,https://github.com/sakthipriyan/financial-data/raw/fa278a509a956062c41aae859b9818bcba95779a/src/sbi-fx-card-rates/2024/2024-02-06.pdf
sbi/forex-card-rates/2024/2024-02-07.pdf,c8cc6d9d597186f862effd2a36444b8acbf09104c63d6949500b5b1a39b8b36b,173911,application/pdf,2026-10-02T17:46:42Z,upstream,https://github.com/sakthipriyan/financial-data/raw/fa278a509a956062c41aae859b9818bcba95779a/src/sbi-fx-card-rates/2024/2024-02-07.pdf
sbi/forex-card-rates/2024/2024-02-08.pdf,97e3844a34f36a2581086b1895c8bab7986c60ea6042519896e5f52a5140b246,173911,application/pdf,2026-10-02T17:46:42Z,upstream,https://github.com/sakthipriyan/financial-data/raw/fa278a509a956062c41aae859b9818bcba95779a/src/sbi-fx-card-rates/2024/2024-02-08.pdf
sbi/forex-card-rates/2024/2024-02-09.pdf,5b35efa29d9e11538f6d0e0a811264d4861caa4cb69279ed8165b005b4e38676,173909,application/pdf,2026-10-02T17:46:42Z,upstream,https://github.com/sakthipriyan/financial-data/raw/fa278a509a956062c41aae859b9818bcba95779a/src/sbi-fx-card-rates/2024/2024-02-09.pdf
sbi/forex-card-rates/2024/2024-02-12.pdf,9376d7e339b79a5c35994224e7899ba7e4420ae3ddd6eb4b56ee8248597b252d,173915,application/pdf,2026-10-02T17:46:42Z,upstream,https://github.com/sakthipriyan/financial-data/raw/fa278a509a956062c41aae859b9818bcba95779a/src/sbi-fx-card-rates/2024/2024-02-12.pdf
sbi/forex-card-rates/2024/2024-02-13.pdf,6ca790f8f537f9c44cea4026587ac4225541a2cd9b801b8e565277f01ca60414,173905,application/pdf,2026-10-02T17:46:42Z,upstream,https://github.com/sakthipriyan/financial-data/raw/fa278a509a956062c41aae859b9818bcba95779a/src/sbi-fx-card-rates/2024/2024-02-13.pdf
sbi/forex-card-rates/2024/2024-02-14.pdf,6dd4e2210f110027b939682e01c6bc3d05ee5a57852e3f6e8850fc23815ab4a5,173885,application/pdf,2026-10-02T17:46:42Z,upstream,https://github.com/sakthipriyan/financial-data/raw/fa278a509a956062c41aae859b9818bcba95779a/src/sbi-fx-card-rates/2024/2024-02-14.pdf
sbi/forex-card-rates/2024/2024-02-15.pdf,addc4925c383329612b512b5b9fbafb1cd766a1cd713ffb41a6aabedbcfe7e99,173901,application/pdf,2026-10-02T17:46:42Z,upstream,https://github.com/sakthipriyan/financial-data/raw/fa278a509a956062c41aae859b9818bcba95779a/src/sbi-fx-card-rates/2024/2024-02-15.pdf
sbi/forex-card-rates/2024/2024-02-16.pdf,80f5ad44dbc4fad6bbaf9c0b3e7a713498eef02d600573ab0666965d60fa6e00,173889,application/pdf,2026-10-02T17:46:42Z,upstream,https://github.com/sakthipriyan/financial-data/raw/fa278a509a956062c41aae859b9818bcba95779a/src/sbi-fx-card-rates/2024/2024-02-16.pdf
sbi/forex-card-rates/2024/2024-02-17.pdf,1a3bf7b5618abb70c63c3937be460283ed623600400c3d87706452cdc97e026c,173933,application/pdf,2026-10-02T17:46:42Z,upstream,https://github.com/sakthipriyan/financial-data/raw/fa278a509a956062c41aae859b9818bcba95779a/src/sbi-fx-card-rates/2024/2024-02-17.pdf
sbi/forex-card-rates/2024/2024-02-20.pdf,82218b9d4358acebc7a3cac7623cc7d3715d0d42e5d680edca20b5b100043e60,173931,application/pdf,2026-10-02T17:46:42Z,upstream,https://github.com/sakthipriyan/financial-data/raw/fa278a509a956062c41aae859b9818bcba95779a/src/sbi-fx-card-rates/2024/2024-02-20.pdf
sbi/forex-card-rates/2024/2024-02-21.pdf,e75f4d3a54e54ca8e760954370d3d016c367c9c4b9d84be4b2fe9ee48e750b72,173883,application/pdf,2026-10-02T17:46:42Z,upstream,https://github.com/sakthipriyan/financial-data/raw/fa278a509a956062c41aae859b9818bcba95779a/src/sbi-fx-card-rates/2024/2024-02-21.pdf
sbi/forex-card-rates/2024/2024-02-22.pdf,afaa7bd4ac5b62d83573cfa9e7ecb0330a8d3b831ff718cfe0dac8208779ca8b,173871,application/pdf,2026-10-02T17:46:42Z,upstream,https://github.com/sakthipriyan/financial-data/raw/fa278a509a956062c41aae859b9818bcba95779a/src/sbi-fx-card-rates/2024/2024-02-22.pdf
sbi/forex-card-rates/2024/2024-02-23.pdf,b242b7453c7d32045f45294812ebecf372e6124d06bd59418de9bdf28a52d091,172971,application/pdf,2026-10-02T17:46:42Z,upstream,https://github.com/sakthipriyan/financial-data/raw/fa278a509a956062c41aae859b9818bcba95779a/src/sbi-fx-card-rates/2024/2024-02-23.pdf
sbi/forex-card-rates/2024/2024-02-26.pdf,70eff0efb436d7440e6eb627f689ba2bbae2c21aeaae59ef3655bc7eab0381b0,172950,application/pdf,2026-10-02T17:46:42Z,upstream,https://github.com/sakthipriyan/financial-data/raw/fa278a509a956062c41aae859b9818bcba95779a/src/sbi-fx-card-rates/2024/2024-02-26.pdf
sbi/forex-card-rates/2024/2024-02-27.pdf,fc2d363e802eeee55efc18287ca36a9c629cae40d6c2c3559268b73b8f8d23e4,172965,application/pdf,2026-10-02T17:46:42Z,upstream,https://github.com/sakthipriyan/financial-data/raw/fa278a509a956062c41aae859b9818bcba95779a/src/sbi-fx-card-rates/2024/2024-02-27.pdf
sbi/forex-card-rates/2024/2024-02-28.pdf,b0a6cb7c8d5f89412a6914b801ecf4688901cec2e3ed1532f549561422d984a3,172967,application/pdf,2026-10-02T17:46:42Z,upstream,https://github.com/sakthipriyan/financial-data/raw/fa278a509a956062c41aae859b9818bcba95779a/src/sbi-fx-card-rates/2024/2024-02-28.pdf
sbi/forex-card-rates/2024/2024-02-29.pdf,8d6a4d4a25c0babc2f75edeec9a875d2fbbace641f5330bb61df4daf9b562830,172959,application/pdf,2026-10-02T17:46:42Z,upstream,https://github.com/sakthipriyan/financial-data/raw/fa278a509a956062c41aae859b9818bcba95779a/src/sbi-fx-card-rates/2024/2024-02-29.pdf
sbi/forex-card-rates/2024/2024-03-01.pdf,eda82efbc10f9657107af0d073766fba05af5098ab0ef2d4800ded52f59f337c,172949,application/pdf,2026-10-02T17:46:42Z,upstream,https://github.com/sakthipriyan/financial-data/raw/fa278a509a956062c41aae859b9818bcba95779a/src/sbi-fx-card-rates/2024/2024-03-01.pdf
sbi/forex-card-rates/2024/2024-03-02.pdf,a89ded531813af7578058bbd11dea4b42b30b973284c96cb2a96a9f311992cc1,172951,application/pdf,2026-10-02T17:46:42Z,upstream,https://github.com/sakthipriyan/financial-data/raw/fa278a509a956062c41aae859b9818bcba95779a/src/sbi-fx-card-rates/2024/2024-03-02.pdf
sbi/forex-card-rates/2024/2024-03-04.pdf,f4bd21942e4464038a8476f4c0a689875d3eb058380771b0e5406775ef4fd1d6,172961,application/pdf,2026-10-02T17:46:42Z,upstream,https://github.com/sakthipriyan/financial-data/raw/fa278a509a956062c41aae859b9818bcba95779a/src/sbi-fx-card-rates/2024/2024-03-04.pdf
sbi/forex-card-rates/2024/2024-03-05.pdf,c0fcd0d233e81f807ff43cd6cea87c149fff9016a1bb721a281bdb6a3e717354,173113,application/pdf,2026-10-02T17:46:42Z,upstream,https://github.com/sakthipriyan/financial-data/raw/fa278a509a956062c41aae859b9818bcba95779a/src/sbi-fx-card-rates/2024/2024-03-05.pdf
sbi/forex-card-rates/2024/2024-03-06.pdf,bfb93c6e1ea346163d8f529fa9ab864bfa1dc263af3536fc9fbff8201321aa7c,173073,application/pdf,2026-10-02T17:46:42Z,upstream,https://github.com/sakthipriyan/financial-data/raw/fa278a509a956062c41aae859b9818bcba95779a/src/sbi-fx-card-rates/2024/2024-03-06.pdf
sbi/forex-card-rates/2024/2024-03-07.pdf,6ea5bf87923c59a79d961f5b9ac688e4cf94a238d84d895a4b7fecd3b1c127d8,173186,application/pdf,2026-10-02T17:46:42Z,upstream,https://github.com/sakthipriyan/financial-data/raw/fa278a509a956062c41aae859b9818bcba95779a/src/sbi-fx-card-rates/2024/2024-03-07.pdf
sbi/forex-card-rates/2024/2024-03-11.pdf,447f91fcf5264ad3e16f6e75aa8930561bef9ff47eb43a28d6076ed408c0e827,172979,application/pdf,2026-10-02T17:46:42Z,upstream,https://github.com/sakthipriyan/financial-data/raw/fa278a509a956062c41aae859b9818bcba95779a/src/sbi-fx-card-rates/2024/2024-03-11.pdf
sbi/forex-card-rates/2024/2024-03-12.pdf,a054811b05e25b4dd701998b136167734e30ba7773245dc215aaf3a87258666a,172975,application/pdf,2026-10-02T17:46:42Z,upstream,https://github.com/sakthipriyan/financial-data/raw/fa278a509a956062c41aae859b9818bcba95779a/src/sbi-fx-card-rates/2024/2024-03-12.pdf
sbi/forex-card-rates/2024/2024-03-13.pdf,c0875f46e6f7a3f340d333d9d614616c2cf8d693e29717d48becc0c009e47ffd,172979,application/pdf,2026-10-02T17:46:42Z,upstream,https://github.com/sakthipriyan/financial-data/raw/fa278a509a956062c41aae859b9818bcba95779a/src/sbi-fx-card-rates/2024/2024-03-13.pdf
sbi/forex-card-rates/2024/2024-03-14.pdf,933195da8fa98ea8a1f2f9582df5ee7c0f9203f01c9f717cb8a7540ea54516ab,172977,application/pdf,2026-10-02T17:46:42Z,upstream,https://github.com/sakthipriyan/financial-data/raw/fa278a509a956062c41aae859b9818bcba95779a/src/sbi-fx-card-rates/2024/2024-03-14.pdf
sbi/forex-card-rates/2024/2024-03-15.pdf,fb3c5ccc05afacc944eaf8f15143603d6bbcbcd4fa8b0f362fa16d37f4d391e1,172983,application/pdf,2026-10-02T17:46:42Z,upstream,https://github.com/sakthipriyan/financial-data/raw/fa278a509a956062c41aae859b9818bcba95779a/src/sbi-fx-card-rates/2024/2024-03-15.pdf
sbi/forex-card-rates/2024/2024-03-16.pdf,a85e98784207268c46dc8744ffc09be684db4c5e4009e6187addcedec2efd8cc,172935,application/pdf,2026-10-02T17:46:42Z,upstream,https://github.com/sakthipriyan/financial-data/raw/fa278a509a956062c41aae859b9818bcba95779a/src/sbi-fx-card-rates/2024/2024-03-16.pdf
sbi/forex-card-rates/2024/2024-03-18.pdf,f1232be5c615ec459de33a4149ba212b37314be33097fd1195ad1ce5a47b03b3,172939,application/pdf,2026-10-02T17:46:42Z,upstream,https://github.com/sakthipriyan/financial-data/raw/fa278a509a956062c41aae859b9818bcba95779a/src/sbi-fx-card-rates/2024/2024-03-18.pdf
sbi/forex-card-rates/2024/2024-03-19.pdf,bfd0a0afe4cb6bc54c20814194dccca940f58d4453ed782576f2353d9def311a,172941,application/pdf,2026-10-02T17:46:42Z,upstream,https://github.com/sakthipriyan/financial-data/raw/fa278a509a956062c41aae859b9818bcba95779a/src/sbi-fx-card-rates/2024/2024-03-19.pdf
sbi/forex-card-rates/2024/2024-03-20.pdf,ea50e0d6545e6a32c3e4058f91e7e17bd133d8c4b646a1e095b614c335e56b23,172960,application/pdf,2026-10-02T17:46:42Z,upstream,https://github.com/sakthipriyan/financial-data/raw/fa278a509a956062c41aae859b9818bcba95779a/src/sbi-fx-card-rates/2024/2024-03-20.pdf
sbi/forex-card-rates/2024/2024-03-21.pdf,6c573fa829975345c562fa7b2a18cac3f57f3f19fe4f680a2171666750577421,172963,application/pdf,2026-10-02T17:46:42Z,upstream,https://github.com/sakthipriyan/financial-data/raw/fa278a509a956062c41aae859b9818bcba95779a/src/sbi-fx-card-rates/2024/2024-03-21.pdf
sbi/forex-card-rates/2024/2024-03-22.pdf,5c9906b6b95f41f6f97e314f9e0266b74c90170c004f1afb6994f198f4194e32,172975,application/pdf,2026-10-02T17:46:42Z,upstream,https://github.com/sakthipriyan/financial-data/raw/fa278a509a956062c41aae859b9818bcba95779a/src/sbi-fx-card-rates/2024/2024-03-22.pdf
sbi/forex-card-rates/2024/2024-03-26.pdf,5171b19b8eaf6ae7cc9d03e9e704b1d1f745e4090040ab072cc01ac3ece836ff,172985,application/pdf,2026-10-02T17:46:42Z,upstream,https://github.com/sakthipriyan/financial-data/raw/fa278a509a956062c41aae859b9818bcba95779a/src/sbi-fx-card-rates/2024/2024-03-26.pdf
sbi/forex-card-rates/2024/2024-03-27.pdf,4f5aebd18cd47c1d51022287ba1c4e31dc66c465b0ae71c2b87bea3eb706717d,172983,application/pdf,2026-10-02T17:46:42Z,upstream,https://github.com/sakthipriyan/financial-data/raw/fa278a509a956062c41aae859b9818bcba95779a/src/sbi-fx-card-rates/2024/2024-03-27.pdf
sbi/forex-card-rates/2024/2024-03-28.pdf,bf70ee1bddbe6c65bab6b7111b5f13e42c2c4469cdf1607f85e0af62cf4e7476,172965,application/pdf,2026-10-02T17:46:42Z,upstream,https://github.com/sakthipriyan/financial-data/raw/fa278a509a956062c41aae859b9818bcba95779a/src/sbi-fx-card-rates/2024/2024-03-28.pdf
sbi/forex-card-rates/2024/2024-03-30.pdf,e67da3bc79bbd076ae3a9fb4d42ef87590dc1b8d509b2a0b03608bf61de302c4,172959,application/pdf,2026-10-02T17:46:42Z,upstream,https://github.com/sakthipriyan/financial-data/raw/fa278a509a956062c41aae859b9818bcba95779a/src/sbi-fx-card-rates/2024/2024-03-30.pdf
sbi/forex-card-rates/2024/2024-04-02.pdf,b4724b39005b7fde03b6f7824216fcfa6150addfd0e2cee85cff77f7c7ea675e,172961,application/pdf,2026-10-02T17:46:42Z,upstream,https://github.com/sakthipriyan/financial-data/raw/fa278a509a956062c41aae859b9818bcba95779a/src/sbi-fx-card-rates/2024/2024-04-02.pdf
sbi/forex-card-rates/2024/2024-04-03.pdf,6b86b64e007c9a78f3c5aa21cd2c5486ebe216480b57aac01615cc3a19025307,172967,application/pdf,2026-10-02T17:46:42Z,upstream,https://github.com/sakthipriyan/financial-data/raw/fa278a509a956062c41aae859b9818bcba95779a/src/sbi-fx-card-rates/2024/2024-04-03.pdf
sbi/forex-card-rates/2024/2024-04-04.pdf,27e7dcd8101fd841f3033a9c69f68e895c69997d5527b827de68cf1e29e012c0,172949,application/pdf,2026-10-02T17:46:42Z,upstream,https://github.com/sakthipriyan/financial-data/raw/fa278a509a956062c41aae859b9818bcba95779a/src/sbi-fx-card-rates/2024/2024-04-04.pdf
sbi/forex-card-rates/2024/2024-04-05.pdf,6fb43dfa6a96ad23fbdc3bc59c0c92276b4cf4bd433e0fa6a6e0fe7131b48e78,172946,application/pdf,2026-10-02T17:46:42Z,upstream,https://github.com/sakthipriyan/financial-data/raw/fa278a509a956062c41aae859b9818bcba95779a/src/sbi-fx-card-rates/2024/2024-04-05.pdf
sbi/forex-card-rates/2024/2024-04-06.pdf,d2ea2d1eaba802ccc8403c0cceb7f500417589d05d12c3b98d5439f1fd742efc,172961,application/pdf,2026-10-02T17:46:42Z,upstream,https://github.com/sakthipriyan/financial-data/raw/fa278a509a956062c41aae859b9818bcba95779a/src/sbi-fx-card-rates/2024/2024-04-06.pdf
sbi/forex-card-rates/2024/2024-04-08.pdf,7ae6df792e735acbcbe6691ac6ec1c81644a11458adaa81d223f41aa4bf80804,172975,application/pdf,2026-10-02T17:46:42Z,upstream,https://github.com/sakthipriyan/financial-data/raw/fa278a509a956062c41aae859b9818bcba95779a/src/sbi-fx-card-rates/2024/2024-04-08.pdf
sbi/forex-card-rates/2024/2024-04-10.pdf,957bd4bb701abefee377f2283b4bb7f2149ac1676aa391b453346f8416e2cea0,172969,application/pdf,2026-10-02T17:46:42Z,upstream,https://github.com/sakthipriyan/financial-data/raw/fa278a509a956062c41aae859b9818bcba95779a/src/sbi-fx-card-rates/2024/2024-04-10.pdf
sbi/forex-card-rates/2024/2024-04-12.pdf,19e7beb9573a9fc4235e3ea8e31255cd2ff6c37d2ff851d02b6caf1a00f78a29,172975,application/pdf,2026-10-02T17:46:42Z,upstream,https://github.com/sakthipriyan/financial-data/raw/fa278a509a956062c41aae859b9818bcba95779a/src/sbi-fx-card-rates/2024/2024-04-12.pdf
sbi/forex-card-rates/2024/2024-04-15.pdf,da89ff6efe2789cb21548c5ee40d2a61720cee7f51fe5204841697cf05daa22f,172973,application/pdf,2026-10-02T17:46:42Z,upstream,https://github.com/sakthipriyan/financial-data/raw/fa278a509a956062c41aae859b9818bcba95779a/src/sbi-fx-card-rates/2024/2024-04-15.pdf
sbi/forex-card-rates/2024/2024-04-16.pdf,b8a4bd2207b2e22316f952362450f47bec8375b04228a9ac421d3e996f05f543,172967,application/pdf,2026-10-02T17:46:42Z,upstream,https://github.com/sakthipriyan/financial-data/raw/fa278a509a956062c41aae859b9818bcba95779a/src/sbi-fx-card-rates/2024/2024-04-16.pdf
sbi/forex-card-rates/2024/2024-04-18.pdf,650de5fc1adbec9fc921e21698582a4026480b94ab34751a87e3b1b75d4afb4b,172965,application/pdf,2026-10-02T17:46:42Z,upstream,https://github.com/sakthipriyan/financial-data/raw/fa278a509a956062c41aae859b9818bcba95779a/src/sbi-fx-card-rates/2024/2024-04-18.pdf
sbi/forex-card-rates/2024/2024-04-19.pdf,20b0b7ccbe051dccea4c1cedc291b4d24db55a7cb0972220be24e7a6bd5f002b,172967,application/pdf,2026-10-02T17:46:42Z,upstream,https://github.com/sakthipriyan/financial-data/raw/fa278a509a956062c41aae859b9818bcba95779a/src/sbi-fx-card-rates/2024/2024-04-19.pdf
sbi/forex-card-rates/2024/2024-04-20.pdf,9a0ef7ad73e7af5dbffa700e11cba60778ce4e28b4d27d65d0037bf4b71e47ce,172961,application/pdf,2026-10-02T17:46:42Z,upstream,https://github.com/sakthipriyan/financial-data/raw/fa278a509a956062c41aae859b9818bcba95779a/src/sbi-fx-card-rates/2024/2024-04-20.pdf
sbi/forex-card-rates/2024/2024-04-22.pdf,c617826c0fc39c2bca15c517005be5d6959f7451c1d14f69ef9b5f783d50f56f,172965,application/pdf,2026-10-02T17:46:42Z,upstream,https://github.com/sakthipriyan/financial-data/raw/fa278a509a956062c41aae859b9818bcba95779a/src/sbi-fx-card-rates/2024/2024-04-22.pdf
sbi/forex-card-rates/2024/2024-04-23.pdf,882c9d87cb2e200dd005a86c7d916c4187e64aee0692847067d44936e844152c,172985,application/pdf,2026-10-02T17:46:42Z,upstream,https://github.com/sakthipriyan/financial-data/raw/fa278a509a956062c41aae859b9818bcba95779a/src/sbi-fx-card-rates/2024/2024-04-23.pdf
sbi/forex-card-rates/2024/2024-04-24.pdf,90c7d611b158febd57114e94078665c8e4e97a6f87131f5a118c4f3dfaf38b15,172971,application/pdf,2026-10-02T17:46:42Z,upstream,https://github.com/sakthipriyan/financial-data/raw/fa278a509a956062c41aae859b9818bcba95779a/src/sbi-fx-card-rates/2024/2024-04-24.pdf
sbi/forex-card-rates/2024/2024-04-25.pdf,cd621f4f25b472be30678121419dfd20b4356e077772dd26c825ecd4e8ac784a,172957,application/pdf,2026-10-02T17:46:42Z,upstream,https://github.com/sakthipriyan/financial-data/raw/fa278a509a956062c41aae859b9818bcba95779a/src/sbi-fx-card-rates/2024/2024-04-25.pdf
sbi/forex-card-rates/2024/2024-04-26.pdf,393100c0d794a3674b6c4319a93addc3ccf4c1e9602ca9bcea2cd497492a1a51,172946,application/pdf,2026-10-02T17:46:42Z,upstream,https://github.com/sakthipriyan/financial-data/raw/fa278a509a956062c41aae859b9818bcba95779a/src/sbi-fx-card-rates/2024/2024-04-26.pdf
sbi/forex-card-rates/2024/2024-05-02.pdf,c974ec618ee1c8ddc663996b24e6b92cda095b319a27377dcabbd80e73e09651,172987,application/pdf,2026-10-02T17:46:42Z,upstream,https://github.com/sakthipriyan/financial-data/raw/fa278a509a956062c41aae859b9818bcba95779a/src/sbi-fx-card-rates/2024/2024-05-02.pdf
sbi/forex-card-rates/2024/2024-05-03.pdf,d4852782675158265c34b32c7e48398067aa7688dab359c9dc5f3601c7e0f720,172998,application/pdf,2026-10-02T17:46:42Z,upstream,https://github.com/sakthipriyan/financial-data/raw/fa278a509a956062c41aae859b9818bcba95779a/src/sbi-fx-card-rates/2024/2024-05-03.pdf
sbi/forex-card-rates/2024/2024-05-04.pdf,98b60aaf443ae679ea8871772202ccffa3d6e859721aa5c08103cf3a87794f79,172951,application/pdf,2026-10-02T17:46:42Z,upstream,https://github.com/sakthipriyan/financial-data/raw/fa278a509a956062c41aae859b9818bcba95779a/src/sbi-fx-card-rates/2024/2024-05-04.pdf
sbi/forex-card-rates/2024/2024-05-07.pdf,12ec5bc1a17774c3ccc9fdac90d78289387fec44af2495fd780040c649c9c950,172955,application/pdf,2026-10-02T17:46:42Z,upstream,https://github.com/sakthipriyan/financial-data/raw/fa278a509a956062c41aae859b9818bcba95779a/src/sbi-fx-card-rates/2024/2024-05-07.pdf
sbi/forex-card-rates/2024/2024-05-08.pdf,67eb7f3b392cbc15cec99915d859783b2892bcaac1b7a6ba478bc6f23ebbec7b,172951,application/pdf,2026-10-02T17:46:42Z,upstream,https://github.com/sakthipriyan/financial-data/raw/fa278a509a956062c41aae859b9818bcba95779a/src/sbi-fx-card-rates/2024/2024-05-08.pdf
sbi/forex-card-rates/2024/2024-05-09.pdf,674e11ab4d0fa1add2f50489c841d3532dad5cc33f83994acbb9411d0caa25f5,173555,application/pdf,2026-10-02T17:46:42Z,upstream,https://github.com/sakthipriyan/financial-data/raw/fa278a509a956062c41aae859b9818bcba95779a/src/sbi-fx-card-rates/2024/2024-05-09.pdf
sbi/forex-card-rates/2024/2024-05-10.pdf,193e1c439545422a1d7506c87d3b463842efa5da4dafb9fe87bbac1a5066eca5,173525,application/pdf,2026-10-02T17:46:42Z,upstream,https://github.com/sakthipriyan/financial-data/raw/fa278a509a956062c41aae859b9818bcba95779a/src/sbi-fx-card-rates/2024/2024-05-10.pdf
sbi/forex-card-rates/2024/2024-05-13.pdf,d5aeff26f07346e675beb7853df7f0364f80dad5869cdc640e0f810ed8adb064,173528,application/pdf,2026-10-02T17:46:42Z,upstream,https://github.com/sakthipriyan/financial-data/raw/fa278a509a956062c41aae859b9818bcba95779a/src/sbi-fx-card-rates/2024/2024-05-13.pdf
sbi/forex-card-rates/2024/2024-05-14.pdf,e1757a9024983b83c612d6d60e3c4fc451de92a7784a57153bd6cba569e68beb,173548,application/pdf,2026-10-02T17:46:42Z,upstream,https://github.com/sakthipriyan/financial-data/raw/fa278a509a956062c41aae859b9818bcba95779a/src/sbi-fx-card-rates/2024/2024-05-14.pdf
sbi/forex-card-rates/2024/2024-05-15.pdf,2abff8864383450e3a2bf63938efcff8c72537193e72499ac3d4bcd18782c03d,173534,application/pdf,2026-10-02T17:46:42Z,upstream,https://github.com/sakthipriyan/financial-data/raw/fa278a509a956062c41aae859b9818bcba95779a/src/sbi-fx-card-rates/2024/2024-05-15.pdf
sbi/forex-card-rates/2024/2024-05-16.pdf,6b82bbeffd7aad9016b22d29a5a02c49f80dcc4d240689d5d0720b2ced165d4a,173535,application/pdf,2026-10-02T17:46:42Z,upstream,https://github.com/sakthipriyan/financial-data/raw/fa278a509a956062c41aae859b9818bcba95779a/src/sbi-fx-card-rates/2024/2024-05-16.pdf
sbi/forex-card-rates/2024/2024-05-17.pdf,7355a16c9880332639e024ad6656d1d2e4c31ae25e5c971d42e8fd739228214c,173526,application/pdf,2026-10-02T17:46:42Z,upstream,https://github.com/sakthipriyan/financial-data/raw/fa278a509a956062c41aae859b9818bcba95779a/src/sbi-fx-card-rates/2024/2024-05-17.pdf
sbi/forex-card-rates/2024/2024-05-18.pdf,cbac83cffb04e05863001c1c67d4ced4f22b4414688de912c48c72fde850360d,173554,application/pdf,2026-10-02T17:46:42Z,upstream,https://github.com/sakthipriyan/financial-data/raw/fa278a509a956062c41aae859b9818bcba95779a/src/sbi-fx-card-rates/2024/2024-05-18.pdf
sbi/forex-card-rates/2024/2024-05-21.pdf,51b34e41625bc498e03ec9d964d2abd23cfe360c9b7a20693c148c5c49547b93,173545,application/pdf,2026-10-02T17:46:42Z,upstream,https://github.com/sakthipriyan/financial-data/raw/fa278a509a956062c41aae859b9818bcba95779a/src/sbi-fx-card-rates/2024/2024-05-21.pdf
sbi/forex-card-rates/2024/2024-05-22.pdf,3d615a1887d6c0db73bfde9af53ba8448f9c563a7535551c68e3d9e99a042875,172967,application/pdf,2026-10-02T17:46:42Z,upstream,https://github.com/sakthipriyan/financial-data/raw/fa278a509a956062c41aae859b9818bcba95779a/src/sbi-fx-card-rates/2024/2024-05-22.pdf
sbi/forex-card-rates/2024/2024-05-24.pdf,c8c40625e66dc6bd20f1f7788d19bfbf209069f0b019f8e1a8099ec7b21cd5a6,172091,application/pdf,2026-10-02T17:46:42Z,upstream,https://github.com/sakthipriyan/financial-data/raw/fa278a509a956062c41aae859b9818bcba95779a/src/sbi-fx-card-rates/2024/2024-05-24.pdf
sbi/forex-card-rates/2024/2024-05-27.pdf,f7c74dee5a2233b08d982228dfb3b38cf5fd74020aa1d3ebbd4c236bf4ea3f8b,172949,application/pdf,2026-10-02T17:46:42Z,upstream,https://github.com/sakthipriyan/financial-data/raw/fa278a509a956062c41aae859b9818bcba95779a/src/sbi-fx-card-rates/2024/2024-05-27.pdf
sbi/forex-card-rates/2024/2024-05-28.pdf,cf8c1d3d0a1675c951c8911c8e7928baeaa1c3a18aecfcb0977c9985d5c2f4f7,172957,application/pdf,2026-10-02T17:46:42Z,upstream,https://github.com/sakthipriyan/financial-data/raw/fa278a509a956062c41aae859b9818bcba95779a/src/sbi-fx-card-rates/2024/2024-05-28.pdf
sbi/forex-card-rates/2024/2024-05-29.pdf,9caee72dd29e3e555f0b46b1239ecea8d15259d756a29be0959afc6e0e50630d,172963,application/pdf,2026-10-02T17:46:42Z,upstream,https://github.com/sakthipriyan/financial-data/raw/fa278a509a956062c41aae859b9818bcba95779a/src/sbi-fx-card-rates/2024/2024-05-29.pdf
sbi/forex-card-rates/2024/2024-05-30.pdf,ed1d468d08109cad0fb963bc36833169e5ecf6a0da9ce7d117a93d9148d4f56e,172965,application/pdf,2026-10-02T17:46:42Z,upstream,https://github.com/sakthipriyan/financial-data/raw/fa278a509a956062c41aae859b9818bcba95779a/src/sbi-fx-card-rates/2024/2024-05-30.pdf
sbi/forex-card-rates/2024/2024-05-31.pdf,f06755a6044ec7ee18167938eeff53692bce0d6b41f831f6359cafc3c08cb5b0,172969,application/pdf,2026-10-02T17:46:42Z,upstream,https://github.com/sakthipriyan/financial-data/raw/fa278a509a956062c41aae859b9818bcba95779a/src/sbi-fx-card-rates/2024/2024-05-31.pdf
sbi/forex-card-rates/2024/2024-06-01.pdf,8ca543f64d50b843bf470e55a9b90c4733cd1d63ccecfecb65b1badbf0258704,172975,application/pdf,2026-10-02T17:46:42Z,upstream,https://github.com/sakthipriyan/financial-data/raw/fa278a509a956062c41aae859b9818bcba95779a/src/sbi-fx-card-rates/2024/2024-06-01.pdf
sbi/forex-card-rates/2024/2024-06-03.pdf,3e8fce64527d36953bfe8c0d926ae025cc45a2a4107fe57771227f2a5cc563a7,172837,application/pdf,2026-10-02T17:46:42Z,upstream,https://github.com/sakthipriyan/financial-data/raw/fa278a509a956062c41aae859b9818bcba95779a/src/sbi-fx-card-rates/2024/2024-06-03.pdf
sbi/forex-card-rates/2024/2024-06-04.pdf,b1e70b2449d93a35ee830bd458b1685bd1859319fd63d2e83e484fa0b8e9cdc4,172959,application/pdf,2026-10-02T17:46:42Z,upstream,https://github.com/sakthipriyan/financial-data/raw/fa278a509a956062c41aae859b9818bcba95779a/src/sbi-fx-card-rates/2024/2024-06-04.pdf
sbi/forex-card-rates/2024/2024-06-05.pdf,a8cf89cf054afe55a33659f4b27e09e72c5b5a8c13296ff38d07bcf604d91b33,172962,application/pdf,2026-10-02T17:46:42Z,upstream,https://github.com/sakthipriyan/financial-data/raw/fa278a509a956062c41aae859b9818bcba95779a/src/sbi-fx-card-rates/2024/2024-06-05.pdf
sbi/forex-card-rates/2024/2024-06-06.pdf,a57afe8ec030e8c2841bdfbfdb0996efc82d3eeebf14cf2ee8419c60e5575dce,172959,application/pdf,2026-10-02T17:46:42Z,upstream,https://github.com/sakthipriyan/financial-data/raw/fa278a509a956062c41aae859b9818bcba95779a/src/sbi-fx-card-rates/2024/2024-06-06.pdf
sbi/forex-card-rates/2024/2024-06-07.pdf,286faebc8e01d5e73ba3c859820aba2091f6dfbcdc2b84e283f1562d4af79b43,172951,application/pdf,2026-10-02T17:46:42Z,upstream,https://github.com/sakthipriyan/financial-data/raw/fa278a509a956062c41aae859b9818bcba95779a/src/sbi-fx-card-rates/2024/2024-06-07.pdf
sbi/forex-card-rates/2024/2024-06-10.pdf,b14b5167618afd6498bf4e967074792ec0ebdc38e509b9c714ae1afa0f2ecf01,172941,application/pdf,2026-10-02T17:46:42Z,upstream,https://github.com/sakthipriyan/financial-data/raw/fa278a509a956062c41aae859b9818bcba95779a/src/sbi-fx-card-rates/2024/2024-06-10.pdf
sbi/forex-card-rates/2024/2024-06-12.pdf,14a3fad2d9e32cb55910a880ea6f21df0bd63aaac035d8c40ac2d162af8c0345,172967,application/pdf,2026-10-02T17:46:42Z,upstream,https://github.com/sakthipriyan/financial-data/raw/fa278a509a956062c41aae859b9818bcba95779a/src/sbi-fx-card-rates/2024/2024-06-12.pdf
sbi/forex-card-rates/2024/2024-06-13.pdf,02283f1f99a150ee511217ec1bbb49a247599553e5d475aa54d5f09926248bed,172955,application/pdf,2026-10-02T17:46:42Z,upstream,https://github.com/sakthipriyan/financial-data/raw/fa278a509a956062c41aae859b9818bcba95779a/src/sbi-fx-card-rates/2024/2024-06-13.pdf
sbi/forex-card-rates/2024/2024-06-14.pdf,a14b2bb705600ab4654eaa6f9aab12c97a64e255379edde6dae138bfe135288e,172957,application/pdf,2026-10-02T17:46:42Z,upstream,https://github.com/sakthipriyan/financial-data/raw/fa278a509a956062c41aae859b9818bcba95779a/src/sbi-fx-card-rates/2024/2024-06-14.pdf
sbi/forex-card-rates/2024/2024-06-15.pdf,1b6b18c27f10296c8ad06aea34f94bb4aa1b4d59678b51a51dc9d7d657538b64,172963,application/pdf,2026-10-02T17:46:42Z,upstream,https://github.com/sakthipriyan/financial-data/raw/fa278a509a956062c41aae859b9818bcba95779a/src/sbi-fx-card-rates/2024/2024-06-15.pdf
sbi/forex-card-rates/2024/2024-06-18.pdf,a36225b9c5c42c66c850aecc446315a883652f22578f7418ae378553aafe8e8e,172963,application/pdf,2026-10-02T17:46:42Z,upstream,https://github.com/sakthipriyan/financial-data/raw/fa278a509a956062c41aae859b9818bcba95779a/src/sbi-fx-card-rates/2024/2024-06-18.pdf
sbi/forex-card-rates/2024/2024-06-19.pdf,c39600dc106753c2eb237c44dfd41453b20b410af5e8099e3dbf62d6db16a408,172984,application/pdf,2026-10-02T17:46:42Z,upstream,https://github.com/sakthipriyan/financial-data/raw/fa278a509a956062c41aae859b9818bcba95779a/src/sbi-fx-card-rates/2024/2024-06-19.pdf
sbi/forex-card-rates/2024/2024-06-20.pdf,2fdd7bc67588d578976bf0d10023383d552493c188a85216847a6e228215a08b,172967,application/pdf,2026-10-02T17:46:42Z,upstream,https://github.com/sakthipriyan/financial-data/raw/fa278a509a956062c41aae859b9818bcba95779a/src/sbi-fx-card-rates/2024/2024-06-20.pdf
sbi/forex-card-rates/2024/2024-06-21.pdf,2f078ee96ccabb5ea8b9947cfb8eb9156b422f4575761fdefedc61fd5ab67173,172967,application/pdf,2026-10-02T17:46:42Z,upstream,https://github.com/sakthipriyan/financial-data/raw/fa278a509a956062c41aae859b9818bcba95779a/src/sbi-fx-card-rates/2024/2024-06-21.pdf
sbi/forex-card-rates/2024/2024-06-24.pdf,2d9030f1a6180d6140a834002019c3d3f36a498e860f0011bf2d73521dacaaff,172965,application/pdf,2026-10-02T17:46:42Z,upstream,https://github.com/sakthipriyan/financial-data/raw/fa278a509a956062c41aae859b9818bcba95779a/src/sbi-fx-card-rates/2024/2024-06-24.pdf
sbi/forex-card-rates/2024/2024-06-25.pdf,24218a7ca15785b1c5e43663f471be748c09e455645fef51b832607d456b2e1b,172939,application/pdf,2026-10-02T17:46:42Z,upstream,https://github.com/sakthipriyan/financial-data/raw/fa278a509a956062c41aae859b9818bcba95779a/src/sbi-fx-card-rates/2024/2024-06-25.pdf
sbi/forex-card-rates/2024/2024-06-26.pdf,9a3d045a137dd534f711e59bc3d1de6dd471b7db8680d75b6a513d825113f1d3,174159,application/pdf,2026-10-02T17:46:42Z,upstream,https://github.com/sakthipriyan/financial-data/raw/fa278a509a956062c41aae859b9818bcba95779a/src/sbi-fx-card-rates/2024/2024-06-26.pdf
sbi/forex-card-rates/2024/2024-06-27.pdf,2219ad068fda99cf7eac53aba7dfbdc41e4c6879e1f0804d2727b589fb92529a,174185,application/pdf,2026-10-02T17:46:42Z,upstream,https://github.com/sakthipriyan/financial-data/raw/fa278a509a956062c41aae859b9818bcba95779a/src/sbi-fx-card-rates/2024/2024-06-27.pdf
sbi/forex-card-rates/2024/2024-06-28.pdf,21ff76f3b8060c20f38e6ad5c44e66da35e1fcf4eb4ad8d90baca1599b97c0cd,174167,application/pdf,2026-10-02T17:46:42Z,upstream,https://github.com/sakthipriyan/financial-data/raw/fa278a509a956062c41aae859b9818bcba95779a/src/sbi-fx-card-rates/2024/2024-06-28.pdf
sbi/forex-card-rates/2024/2024-06-29.pdf,e901beeb27889e8c883cd9a097560288128bd69477eee15f9327b71cbed7b3fc,174172,application/pdf,2026-10-02T17:46:42Z,upstream,https://github.com/sakthipriyan/financial-data/raw/fa278a509a956062c41aae859b9818bcba95779a/src/sbi-fx-card-rates/2024/2024-06-29.pdf
sbi/forex-card-rates/2024/2024-07-01.pdf,5aa096e9d48b8777a7f0fe759f2d6ae09a2a2e0d42486554019482adb938206d,174171,application/pdf,2026-10-02T17:46:42Z,upstream,https://github.com/sakthipriyan/financial-data/raw/fa278a509a956062c41aae859b9818bcba95779a/src/sbi-fx-card-rates/2024/2024-07-01.pdf
sbi/forex-card-rates/2024/2024-07-02.pdf,9cf32109fbc2dc51eec122ba398fc48f1a4308951b035b6a864fe973b96c129e,443864,application/pdf,2026-10-02T17:46:42Z,upstream,https://github.com/sakthipriyan/financial-data/raw/fa278a509a956062c41aae859b9818bcba95779a/src/sbi-fx-card-rates/2024/2024-07-02.pdf
sbi/forex-card-rates/2024/2024-07-03.pdf,4e85a8bc01e82425b2ce3dff61d0b3e9c1f4afa84bc7bfe7c8c3b5a0edd65a45,443877,application/pdf,2026-10-02T17:46:42Z,upstream,https://github.com/sakthipriyan/financial-data/raw/fa278a509a956062c41aae859b9818bcba95779a/src/sbi-fx-card-rates/2024/2024-07-03.pdf
sbi/forex-card-rates/2024/2024-07-04.pdf,52c1f7ef111c4d84b68e3454a6d31c58cc2936da492eb8af43217e50c72476d7,443846,application/pdf,2026-10-02T17:46:42Z,upstream,https://github.com/sakthipriyan/financial-data/raw/fa278a509a956062c41aae859b9818bcba95779a/src/sbi-fx-card-rates/2024/2024-07-04.pdf
sbi/forex-card-rates/2024/2024-07-05.pdf,648ab60989617cb6959846c30bc4f186a6e8f211aaf163a64f291d7e4b554394,443846,application/pdf,2026-10-02T17:46:42Z,upstream,https://github.com/sakthipriyan/financial-data/raw/fa278a509a956062c41aae859b9818bcba95779a/src/sbi-fx-card-rates/2024/2024-07-05.pdf
sbi/forex-card-rates/2024/2024-07-06.pdf,8334528ee4e93776ded62910964f985650d07dbb77cc761b13ec19b5c754aad4,443857,application/pdf,2026-10-02T17:46:42Z,upstream,https://github.com/sakthipriyan/financial-data/raw/fa278a509a956062c41aae859b9818bcba95779a/src/sbi-fx-card-rates/2024/2024-07-06.pdf
sbi/forex-card-rates/2024/2024-07-08.pdf,c1ad86a4c3573bbc38acff243b595aba918af27cabb317cfc09946961456c6b0,443863,application/pdf,2026-10-02T17:46:42Z,upstream,https://github.com/sakthipriyan/financial-data/raw/fa278a509a956062c41aae859b9818bcba95779a/src/sbi-fx-card-rates/2024/2024-07-08.pdf
sbi/forex-card-rates/2024/2024-07-09.pdf,8e6ec720b9ba743fc5f45220ceba78f2516a0619883d7dc4c397d546f9048bc8,443806,application/pdf,2026-10-02T17:46:42Z,upstream,https://github.com/sakthipriyan/financial-data/raw/fa278a509a956062c41aae859b9818bcba95779a/src/sbi-fx-card-rates/2024/2024-07-09.pdf
sbi/forex-card-rates/2024/2024-07-10.pdf,9c709bdb85edc43b89b3fbe8921ff2440fc8737648a2b637f6aac7f260b54f99,443848,application/pdf,2026-10-02T17:46:42Z,upstream,https://github.com/sakthipriyan/financial-data/raw/fa278a509a956062c41aae859b9818bcba95779a/src/sbi-fx-card-rates/2024/2024-07-10.pdf
sbi/forex-card-rates/2024/2024-07-11.pdf,08c4c1f090a7845c276befff285b90fc908de9491219e4cc92b9d4801fb5dc0d,443856,application/pdf,2026-10-02T17:46:42Z,upstream,https://github.com/sakthipriyan/financial-data/raw/fa278a509a956062c41aae859b9818bcba95779a/src/sbi-fx-card-rates/2024/2024-07-11.pdf
sbi/forex-card-rates/2024/2024-07-12.pdf,382adbcd54fa510ecfd88d6944ff7a32776d142172972fe0b46a640ae60b5337,443831,application/pdf,2026-10-02T17:46:42Z,upstream,https://github.com/sakthipriyan/financial-data/raw/fa278a509a956062c41aae859b9818bcba95779a/src/sbi-fx-card-rates/2024/2024-07-12.pdf
sbi/forex-card-rates/2024/2024-07-15.pdf,314c9361b30c9a45743d37ed2906877e8280b26ca799ecd64cbc3615dab59ffc,174190,application/pdf,2026-10-02T17:46:42Z,upstream,https://github.com/sakthipriyan/financial-data/raw/fa278a509a956062c41aae859b9818bcba95779a/src/sbi-fx-card-rates/2024/2024-07-15.pdf
sbi/forex-card-rates/2024/2024-07-16.pdf,1fc208b3aa35bd7394dbfd89437e6d5f956a3f4a8de998e5a2a916ac194ede7f,174192,application/pdf,2026-10-02T17:46:42Z,upstream,https://github.com/sakthipriyan/financial-data/raw/fa278a509a956062c41aae859b9818bcba95779a/src/sbi-fx-card-rates/2024/2024-07-16.pdf
sbi/forex-card-rates/2024/2024-07-18.pdf,d693452af1515244c42ba890c0e723498d91990733ba0acf8c47b3e8969244fe,174152,application/pdf,2026-10-02T17:46:42Z,upstream,https://github.com/sakthipriyan/financial-data/raw/fa278a509a956062c41aae859b9818bcba95779a/src/sbi-fx-card-rates/2024/2024-07-18.pdf
sbi/forex-card-rates/2024/2024-07-19.pdf,e771307034d0eed64294e47666c39d812631bfe0a74f2400f5ab6b3a15e54c98,174161,application/pdf,2026-10-02T17:46:42Z,upstream,https://github.com/sakthipriyan/financial-data/raw/fa278a509a956062c41aae859b9818bcba95779a/src/sbi-fx-card-rates/2024/2024-07-19.pdf
sbi/forex-card-rates/2024/2024-07-20.pdf,91db33a17a755fdf3ed137e1d19b402cc98a07a485f7141827958e53b14aade4,174174,application/pdf,2026-10-02T17:46:42Z,upstream,https://github.com/sakthipriyan/financial-data/raw/fa278a509a956062c41aae859b9818bcba95779a/src/sbi-fx-card-rates/2024/2024-07-20.pdf
sbi/forex-card-rates/2024/2024-07-22.pdf,06961b3357ba43b013c842a9bc233f734e518f1a1d86d843f99ab9be84f17c0f,174159,application/pdf,2026-10-02T17:46:42Z,upstream,https://github.com/sakthipriyan/financial-data/raw/fa278a509a956062c41aae859b9818bcba95779a/src/sbi-fx-card-rates/2024/2024-07-22.pdf
sbi/forex-card-rates/2024/2024-07-23.pdf,d9741f076518f61b1e7a9cb4466fdc6c78fe19aadc1eadedad999f8a35881183,174678,application/pdf,2026-10-02T17:46:42Z,upstream,https://github.com/sakthipriyan/financial-data/raw/fa278a509a956062c41aae859b9818bcba95779a/src/sbi-fx-card-rates/2024/2024-07-23.pdf
sbi/forex-card-rates/2024/2024-07-24.pdf,38e11329d7d54dc4ae5f9744c1c79fe5deeff2cd862b1791d8e453dd69bc1071,174635,application/pdf,2026-10-02T17:46:42Z,upstream,https://github.com/sakthipriyan/financial-data/raw/fa278a509a956062c41aae859b9818bcba95779a/src/sbi-fx-card-rates/2024/2024-07-24.pdf
sbi/forex-card-rates/2024/2024-07-25.pdf,181bbf00fbe1f267daa3cd5ad3eb88aef32821c88bb456a816b2ad8345ab785a,174641,application/pdf,2026-10-02T17:46:42Z,upstream,https://github.com/sakthipriyan/financial-data/raw/fa278a509a956062c41aae859b9818bcba95779a/src/sbi-fx-card-rates/2024/2024-07-25.pdf
sbi/forex-card-rates/2024/2024-07-26.pdf,b1a6844207aa8f2e724d7054f41acc8a07bcc4f3938e2706aedfc59f3ddcadc0,172973,application/pdf,2026-10-02T17:46:42Z,upstream,https://github.com/sakthipriyan/financial-data/raw/fa278a509a956062c41aae859b9818bcba95779a/src/sbi-fx-card-rates/2024/2024-07-26.pdf
sbi/forex-card-rates/2024/2024-07-29.pdf,b3d0d4219803dbb1c1951eedd54dfaf5df7530a3ad45b82228a1a14a5dd88754,174179,application/pdf,2026-10-02T17:46:42Z,upstream,https://github.com/sakthipriyan/financial-data/raw/fa278a509a956062c41aae859b9818bcba95779a/src/sbi-fx-card-rates/2024/2024-07-29.pdf
sbi/forex-card-rates/2024/2024-07-30.pdf,12cea3452a2e7024fd59fb0d6adf2c47da1d806921e1bbe31bd205e05f21d685,174161,application/pdf,2026-10-02T17:46:42Z,upstream,https://github.com/sakthipriyan/financial-data/raw/fa278a509a956062c41aae859b9818bcba95779a/src/sbi-fx-card-rates/2024/2024-07-30.pdf
sbi/forex-card-rates/2024/2024-07-31.pdf,c2ef2c75eed6cf083eda1a8ba4886ce85390b10e5289e614acd18f1112404f73,174153,application/pdf,2026-10-02T17:46:42Z,upstream,https://github.com/sakthipriyan/financial-data/raw/fa278a509a956062c41aae859b9818bcba95779a/src/sbi-fx-card-rates/2024/2024-07-31.pdf
sbi/forex-card-rates/2024/2024-08-01.pdf,a8934e71686a653e24bbca34a35131f18f08e9df5e9db40153857b392cec825f,174192,application/pdf,2026-10-02T17:46:42Z,upstream,https://github.com/sakthipriyan/financial-data/raw/fa278a509a956062c41aae859b9818bcba95779a/src/sbi-fx-card-rates/2024/2024-08-01.pdf
sbi/forex-card-rates/2024/2024-08-02.pdf,ff541a7c810f8ef4f3d61e84c8802979f161467f6cbba50c679fbf3a1c1b8385,172971,application/pdf,2026-10-02T17:46:42Z,upstream,https://github.com/sakthipriyan/financial-data/raw/fa278a509a956062c41aae859b9818bcba95779a/src/sbi-fx-card-rates/2024/2024-08-02.pdf
sbi/forex-card-rates/2024/2024-08-03.pdf,f9cee92b0cc23252ddaa715ddfc8c204e4b1951423f22999cb20e3b769ba9ea7,172971,application/pdf,2026-10-02T17:46:42Z,upstream,https://github.com/sakthipriyan/financial-data/raw/fa278a509a956062c41aae859b9818bcba95779a/src/sbi-fx-card-rates/2024/2024-08-03.pdf
sbi/forex-card-rates/2024/2024-08-05.pdf,c4b25e0b05cbe6ba8a62691acf3ae9e264ac2d7b36159ded66906c526d8541d1,172961,application/pdf,2026-10-02T17:46:42Z,upstream,https://github.com/sakthipriyan/financial-data/raw/fa278a509a956062c41aae859b9818bcba95779a/src/sbi-fx-card-rates/2024/2024-08-05.pdf
sbi/forex-card-rates/2024/2024-08-06.pdf,2a0d267d190ad41e2822256cc06bad3aae13b666a24d704b1bda756b38a5aa82,172981,application/pdf,2026-10-02T17:46:42Z,upstream,https://github.com/sakthipriyan/financial-data/raw/fa278a509a956062c41aae859b9818bcba95779a/src/sbi-fx-card-rates/2024/2024-08-06.pdf
sbi/forex-card-rates/2024/2024-08-07.pdf,d3591004fc914cf057aafc683ea40767878f9139b13748cbd60f10b0fac380ac,172963,application/pdf,2026-10-02T17:46:42Z,upstream,https://github.com/sakthipriyan/financial-data/raw/fa278a509a956062c41aae859b9818bcba95779a/src/sbi-fx-card-rates/2024/2024-08-07.pdf
sbi/forex-card-rates/2024/2024-08-08.pdf,03d5257d4586b8e868b80388c22d844eca6ed94331db3916ee013fb553f82d43,172981,application/pdf,2026-10-02T17:46:42Z,upstream,https://github.com/sakthipriyan/financial-data/raw/fa278a509a956062c41aae859b9818bcba95779a/src/sbi-fx-card-rates/2024/2024-08-08.pdf
sbi/forex-card-rates/2024/2024-08-09.pdf,65a29343725335e203dcc11639591513378b0e55369a1a434018c3d72602bbec,172981,application/pdf,2026-10-02T17:46:42Z,upstream,https://github.com/sakthipriyan/financial-data/raw/fa278a509a956062c41aae859b9818bcba95779a/src/sbi-fx-card-rates/2024/2024-08-09.pdf
sbi/forex-card-rates/2024/2024-08-12.pdf,ce01faf69436c93c2e6d017ad08682c67b4a4a07ecd9c6928919625619aa8886,172954,application/pdf,2026-10-02T17:46:42Z,upstream,https://github.com/sakthipriyan/financial-data/raw/fa278a509a956062c41aae859b9818bcba95779a/src/sbi-fx-card-rates/2024/2024-08-12.pdf
sbi/forex-card-rates/2024/2024-08-13.pdf,b356441f2cf41efbe10c1fb3c9f5e49fcf7ebfa79353849bb7df3725acb321a7,172957,application/pdf,2026-10-02T17:46:42Z,upstream,https://github.com/sakthipriyan/financial-data/raw/fa278a509a956062c41aae859b9818bcba95779a/src/sbi-fx-card-rates/2024/2024-08-13.pdf
sbi/forex-card-rates/2024/2024-08-14.pdf,0ec6ec89df7c72dd530dbdc6b392fc22cfb16a9116e7bb3d5b7fd0d8558c7210,172981,application/pdf,2026-10-02T17:46:42Z,upstream,https://github.com/sakthipriyan/financial-data/raw/fa278a509a956062c41aae859b9818bcba95779a/src/sbi-fx-card-rates/2024/2024-08-14.pdf
sbi/forex-card-rates/2024/2024-08-16.pdf,3c1f390b44b77583cf18d1a5b8a74c4bf341d3e9d7137a6c0f84b29a2a15c6a0,172957,application/pdf,2026-10-02T17:46:42Z,upstream,https://github.com/sakthipriyan/financial-data/raw/fa278a509a956062c41aae859b9818bcba95779a/src/sbi-fx-card-rates/2024/2024-08-16.pdf
sbi/forex-card-rates/2024/2024-08-17.pdf,6fe282482a4752413bb9a0f6a944f607a30145a564d6d509abb72e0070054fb9,172959,application/pdf,2026-10-02T17:46:42Z,upstream,https://github.com/sakthipriyan/financial-data/raw/fa278a509a956062c41aae859b9818bcba95779a/src/sbi-fx-card-rates/2024/2024-08-17.pdf
sbi/forex-card-rates/2024/2024-08-19.pdf,1ed1381cd7ff854fd0d02b1853a18697f512f77f652a9f26e60d465db8c6b600,172967,application/pdf,2026-10-02T17:46:42Z,upstream,https://github.com/sakthipriyan/financial-data/raw/fa278a509a956062c41aae859b9818bcba95779a/src/sbi-fx-card-rates/2024/2024-08-19.pdf
sbi/forex-card-rates/2024/2024-08-20.pdf,3a63065d31298a3451c9b0462a52d1f3de630a05d9b2aac0601fd4e26d9229d5,172969,application/pdf,2026-10-02T17:46:42Z,upstream,https://github.com/sakthipriyan/financial-data/raw/fa278a509a956062c41aae859b9818bcba95779a/src/sbi-fx-card-rates/2024/2024-08-20.pdf
sbi/forex-card-rates/2024/2024-08-21.pdf,787b9476e6901b2821d8d3b6a2eb55f24ab4452bd8d853b105bb1898edfa5418,172973,application/pdf,2026-10-02T17:46:42Z,upstream,https://github.com/sakthipriyan/financial-data/raw/fa278a509a956062c41aae859b9818bcba95779a/src/sbi-fx-card-rates/2024/2024-08-21.pdf
sbi/forex-card-rates/2024/2024-08-22.pdf,abfeee2f63839211f561a0c5d3e52bb74871bb78a2d021b600adeb3fbd2788f6,172975,application/pdf,2026-10-02T17:46:42Z,upstream,https://github.com/sakthipriyan/financial-data/raw/fa278a509a956062c41aae859b9818bcba95779a/src/sbi-fx-card-rates/2024/2024-08-22.pdf
sbi/forex-card-rates/2024/2024-08-23.pdf,15916f19a46a0c90a9f603fa39986e27bb5ec5144d833a984829a3c1eff789e7,172969,application/pdf,2026-10-02T17:46:42Z,upstream,https://github.com/sakthipriyan/financial-data/raw/fa278a509a956062c41aae859b9818bcba95779a/src/sbi-fx-card-rates/2024/2024-08-23.pdf
sbi/forex-card-rates/2024/2024-08-26.pdf,fadf255c945864b520008f4d9dd03807b489600538254943fba471ebd19a906d,174182,application/pdf,2026-10-02T17:46:42Z,upstream,https://github.com/sakthipriyan/financial-data/raw/fa278a509a956062c41aae859b9818bcba95779a/src/sbi-fx-card-rates/2024/2024-08-26.pdf
sbi/forex-card-rates/2024/2024-08-27.pdf,5ef18b3d869d027af5086eee02057deabbc838c5321ed13b2784e435dd026523,174464,application/pdf,2026-10-02T17:46:42Z,upstream,https://github.com/sakthipriyan/financial-data/raw/fa278a509a956062c41aae859b9818bcba95779a/src/sbi-fx-card-rates/2024/2024-08-27.pdf
sbi/forex-card-rates/2024/2024-08-28.pdf,fcfe77ecb85eb497ace1b9b536e7ba7cb628e2edcfd721b8c9adb9b8c320d655,173285,application/pdf,2026-10-02T17:46:42Z,upstream,https://github.com/sakthipriyan/financial-data/raw/fa278a509a956062c41aae859b9818bcba95779a/src/sbi-fx-card-rates/2024/2024-08-28.pdf
sbi/forex-card-rates/2024/2024-08-29.pdf,db0ad65048642f3173bf78b581fbfd690fd01647ff12d275d86d21eea738933d,173246,application/pdf,2026-10-02T17:46:42Z,upstream,https://github.com/sakthipriyan/financial-data/raw/fa278a509a956062c41aae859b9818bcba95779a/src/sbi-fx-card-rates/2024/2024-08-29.pdf
sbi/forex-card-rates/2024/2024-08-30.pdf,a9782020c56572bf7a3050119e0c1dfd693c2045c3b5ad5f85548f7ab357bef7,185314,application/pdf,2026-10-02T17:46:42Z,upstream,https://github.com/sakthipriyan/financial-data/raw/fa278a509a956062c41aae859b9818bcba95779a/src/sbi-fx-card-rates/2024/2024-08-30.pdf
sbi/forex-card-rates/2024/2024-08-31.pdf,a06c7d51ebd49054745e389518a923007a55b026fa8da28374fe509143cfad77,179713,application/pdf,2026-10-02T17:46:42Z,upstream,https://github.com/sakthipriyan/financial-data/raw/fa278a509a956062c41aae859b9818bcba95779a/src/sbi-fx-card-rates/2024/2024-08-31.pdf
sbi/forex-card-rates/2024/2024-09-02.pdf,26d19d1cd4fe5df7523474f9e24c1a44813d1ad05b2751359e56e25a3ce88942,179683,application/pdf,2026-10-02T17:46:42Z,upstream,https://github.com/sakthipriyan/financial-data/raw/fa278a509a956062c41aae859b9818bcba95779a/src/sbi-fx-card-rates/2024/2024-09-02.pdf
sbi/forex-card-rates/2024/2024-09-03.pdf,25588943e4c6e6cec9b84da5ddb8f3cc3dc66e5af3edb2eed8e22dda69a4335b,179641,application/pdf,2026-10-02T17:46:42Z,upstream,https://github.com/sakthipriyan/financial-data/raw/fa278a509a956062c41aae859b9818bcba95779a/src/sbi-fx-card-rates/2024/2024-09-03.pdf
sbi/forex-card-rates/2024/2024-09-04.pdf,60a191c613d5b1f4e62d7cd660bc87c55c9f97a7821153fe1c0983a8a6365100,179683,application/pdf,2026-10-02T17:46:42Z,upstream,https://github.com/sakthipriyan/financial-data/raw/fa278a509a956062c41aae859b9818bcba95779a/src/sbi-fx-card-rates/2024/2024-09-04.pdf
sbi/forex-card-rates/2024/2024-09-05.pdf,cdc5e38f1df6bee1f3640330e308b6d6288a9b73e08ad1bff58e7235743f7fe1,185299,application/pdf,2026-10-02T17:46:42Z,upstream,https://github.com/sakthipriyan/financial-data/raw/fa278a509a956062c41aae859b9818bcba95779a/src/sbi-fx-card-rates/2024/2024-09-05.pdf
sbi/forex-card-rates/2024/2024-09-06.pdf,d1acc012fa7fed5796c81c415946f5e3caf79bd57b62fcba5c413b0034158098,931183,application/pdf,2026-10-02T17:46:42Z,upstream,https://github.com/sakthipriyan/financial-data/raw/fa278a509a956062c41aae859b9818bcba95779a/src/sbi-fx-card-rates/2024/2024-09-06.pdf
sbi/forex-card-rates/2024/2024-09-09.pdf,34b82a00583f34e7100faea08d7ad8adf1b6e13297ea508b7590710637040908,174452,application/pdf,2026-10-02T17:46:42Z,upstream,https://github.com/sakthipriyan/financial-data/raw/fa278a509a956062c41aae859b9818bcba95779a/src/sbi-fx-card-rates/2024/2024-09-09.pdf
sbi/forex-card-rates/2024/2024-09-10.pdf,49f2874171668bba400f66c55b21fd8afd78ecb16a43814ea47d024a956a753b,173293,application/pdf,2026-10-02T17:46:42Z,upstream,https://github.com/sakthipriyan/financial-data/raw/fa278a509a956062c41aae859b9818bcba95779a/src/sbi-fx-card-rates/2024/2024-09-10.pdf
sbi/forex-card-rates/2024/2024-09-11.pdf,a0c5b72cb10244e3ca95735d8c2642245f216f7e44ef6921c0bbc9a9cf724a8a,173272,application/pdf,2026-10-02T17:46:42Z,upstream,https://github.com/sakthipriyan/financial-data/raw/fa278a509a956062c41aae859b9818bcba95779a/src/sbi-fx-card-rates/2024/2024-09-11.pdf
sbi/forex-card-rates/2024/2024-09-12.pdf,8e1c55f4f58e61c7e9c7c1d1aea3b641e32321a451efaf207cf1b743efea86de,173269,application/pdf,2026-10-02T17:46:42Z,upstream,https://github.com/sakthipriyan/financial-data/raw/fa278a509a956062c41aae859b9818bcba95779a/src/sbi-fx-card-rates/2024/2024-09-12.pdf
sbi/forex-card-rates/2024/2024-09-13.pdf,345c2d0cd98d799fe61f2fdfc0ce72f63e3a0f3853ab6966fd3147ece9cdc361,173259,application/pdf,2026-10-02T17:46:42Z,upstream,https://github.com/sakthipriyan/financial-data/raw/fa278a509a956062c41aae859b9818bcba95779a/src/sbi-fx-card-rates/2024/2024-09-13.pdf
sbi/forex-card-rates/2024/2024-09-16.pdf,a64d40e59d7932a005da11a5af43b05709ffb606b466f76165faa00d1a8295b7,173247,application/pdf,2026-10-02T17:46:42Z,upstream,https://github.com/sakthipriyan/financial-data/raw/fa278a509a956062c41aae859b9818bcba95779a/src/sbi-fx-card-rates/2024/2024-09-16.pdf
sbi/forex-card-rates/2024/2024-09-17.pdf,406c8cb19a5bbac617e5239dd0cce14aaf5755d8ec492ff0e17c5588894dc159,173255,application/pdf,2026-10-02T17:46:42Z,upstream,https://github.com/sakthipriyan/financial-data/raw/fa278a509a956062c41aae859b9818bcba95779a/src/sbi-fx-card-rates/2024/2024-09-17.pdf
sbi/forex-card-rates/2024/2024-09-19.pdf,4e39e97cde9c401ceaca0ce73a56faeb5b2fdf0ed08543afc8c2d866ce687834,173286,application/pdf,2026-10-02T17:46:42Z,upstream,https://github.com/sakthipriyan/financial-data/raw/fa278a509a956062c41aae859b9818bcba95779a/src/sbi-fx-card-rates/2024/2024-09-19.pdf
sbi/forex-card-rates/2024/2024-09-20.pdf,6038b12f24a2a039aba5acb86c05b4c1007fcba52b983f8f6cf4acc7bba7bf47,173268,application/pdf,2026-10-02T17:46:42Z,upstream,https://github.com/sakthipriyan/financial-data/raw/fa278a509a956062c41aae859b9818bcba95779a/src/sbi-fx-card-rates/2024/2024-09-20.pdf
sbi/forex-card-rates/2024/2024-09-21.pdf,f0a0b6a9b1f69d258f813dc706f585c23bd5bb228ba53549720e175d69ddc80e,173283,application/pdf,2026-10-02T17:46:42Z,upstream,https://github.com/sakthipriyan/financial-data/raw/fa278a509a956062c41aae859b9818bcba95779a/src/sbi-fx-card-rates/2024/2024-09-21.pdf
sbi/forex-card-rates/2024/2024-09-23.pdf,3f8a0dbde3cde39d53a9d95da99f81040d20920c93edef3bee36ef856a8aaec7,444227,application/pdf,2026-10-02T17:46:42Z,upstream,https://github.com/sakthipriyan/financial-data/raw/fa278a509a956062c41aae859b9818bcba95779a/src/sbi-fx-card-rates/2024/2024-09-23.pdf
sbi/forex-card-rates/2024/2024-09-24.pdf,45f0259f42cd0395ee8aba815622d7724eae7aa8e535370c75e24ecc23e3e07f,173280,application/pdf,2026-10-02T17:46:42Z,upstream,https://github.com/sakthipriyan/financial-data/raw/fa278a509a956062c41aae859b9818bcba95779a/src/sbi-fx-card-rates/2024/2024-09-24.pdf
sbi/forex-card-rates/2024/2024-09-25.pdf,48d7afae921a45a430f8641652603f7e68791b4086ab2cb6eaf0dafb461202a9,173244,application/pdf,2026-10-02T17:46:42Z,upstream,https://github.com/sakthipriyan/financial-data/raw/fa278a509a956062c41aae859b9818bcba95779a/src/sbi-fx-card-rates/2024/2024-09-25.pdf
sbi/forex-card-rates/2024/2024-09-26.pdf,2c99c1ca9fb86cc339024fa1f128e8c8b6b0eebbfb76f00df510c4c14d804ef0,173264,application/pdf,2026-10-02T17:46:42Z,upstream,https://github.com/sakthipriyan/financial-data/raw/fa278a509a956062c41aae859b9818bcba95779a/src/sbi-fx-card-rates/2024/2024-09-26.pdf
sbi/forex-card-rates/2024/2024-09-27.pdf,9f2c60dbdabd1fa1f251ecb6be0a1b734de0e1fc7a79eae312c69802738ba5f4,174460,application/pdf,2026-10-02T17:46:42Z,upstream,https://github.com/sakthipriyan/financial-data/raw/fa278a509a956062c41aae859b9818bcba95779a/src/sbi-fx-card-rates/2024/2024-09-27.pdf
sbi/forex-card-rates/2024/2024-09-30.pdf,13e06516ec30a88aa02a971fb45eba6e4152f55af6a5198d54e4c162492b660f,443846,application/pdf,2026-10-02T17:46:42Z,upstream,https://github.com/sakthipriyan/financial-data/raw/fa278a509a956062c41aae859b9818bcba95779a/src/sbi-fx-card-rates/2024/2024-09-30.pdf
sbi/forex-card-rates/2024/2024-10-01.pdf,a15e01a5c4a2fe39be9b14a96026d91611bd84c9b30e316025f6111ed2a2fc70,443817,application/pdf,2026-10-02T17:46:42Z,upstream,https://github.com/sakthipriyan/financial-data/raw/fa278a509a956062c41aae859b9818bcba95779a/src/sbi-fx-card-rates/2024/2024-10-01.pdf
sbi/forex-card-rates/2024/2024-10-03.pdf,df29b257bbd8a96d09af218b78a813563192dd28f3e5515835606005c0464a04,443810,application/pdf,2026-10-02T17:46:42Z,upstream,https://github.com/sakthipriyan/financial-data/raw/fa278a509a956062c41aae859b9818bcba95779a/src/sbi-fx-card-rates/2024/2024-10-03.pdf
sbi/forex-card-rates/2024/2024-10-04.pdf,fde916c88a237263bc7d09f0b12d51e2b84032992acba0a40b35c742be01ee6e,443803,application/pdf,2026-10-02T17:46:42Z,upstream,https://github.com/sakthipriyan/financial-data/raw/fa278a509a956062c41aae859b9818bcba95779a/src/sbi-fx-card-rates/2024/2024-10-04.pdf
sbi/forex-card-rates/2024/2024-10-05.pdf,6d70541c91d88c644a6aab132fe0bd895df1a7c157a42893cf25fbf4179abc4a,176137,application/pdf,2026-10-02T17:46:42Z,upstream,https://github.com/sakthipriyan/financial-data/raw/fa278a509a956062c41aae859b9818bcba95779a/src/sbi-fx-card-rates/2024/2024-10-05.pdf
sbi/forex-card-rates/2024/2024-10-07.pdf,06f4dd7e6dacf77179f801693f49ff2a1100c0fad57b4b0dc9f6602446001434,174432,application/pdf,2026-10-02T17:46:42Z,upstream,https://github.com/sakthipriyan/financial-data/raw/fa278a509a956062c41aae859b9818bcba95779a/src/sbi-fx-card-rates/2024/2024-10-07.pdf
sbi/forex-card-rates/2024/2024-10-08.pdf,7e3fda4b536eeab13131c24087b7766058026de7a8966389a79165309091b92f,174452,application/pdf,2026-10-02T17:46:42Z,upstream,https://github.com/sakthipriyan/financial-data/raw/fa278a509a956062c41aae859b9818bcba95779a/src/sbi-fx-card-rates/2024/2024-10-08.pdf
sbi/forex-card-rates/2024/2024-10-09.pdf,ac8ab8dd881f19f0a0bebcdf0e8e1603f2178d686c8bbfe9c60ad43184999d66,174470,application/pdf,2026-10-02T17:46:42Z,upstream,https://github.com/sakthipriyan/financial-data/raw/fa278a509a956062c41aae859b9818bcba95779a/src/sbi-fx-card-rates/2024/2024-10-09.pdf
sbi/forex-card-rates/2024/2024-10-10.pdf,e9735b85de2bab54b10160dfe20758e13ebdcad9b3b927ca6e056174a88a1682,174446,application/pdf,2026-10-02T17:46:42Z,upstream,https://github.com/sakthipriyan/financial-data/raw/fa278a509a956062c41aae859b9818bcba95779a/src/sbi-fx-card-rates/2024/2024-10-10.pdf
sbi/forex-card-rates/2024/2024-10-11.pdf,9d634fe0ac896d9874d7e3424a502a5310faa6e94884fdfd9db920b3189f07ac,174452,application/pdf,2026-10-02T17:46:42Z,upstream,https://github.com/sakthipriyan/financial-data/raw/fa278a509a956062c41aae859b9818bcba95779a/src/sbi-fx-card-rates/2024/2024-10-11.pdf
sbi/forex-card-rates/2024/2024-10-14.pdf,5bd7524be295058c04638449762f5257e7f508c37b23150678a3923ea77614be,174469,application/pdf,2026-10-02T17:46:42Z,upstream,https://github.com/sakthipriyan/financial-data/raw/fa278a509a956062c41aae859b9818bcba95779a/src/sbi-fx-card-rates/2024/2024-10-14.pdf
sbi/forex-card-rates/2024/2024-10-15.pdf,e92e1d48bf34fddc9814f16dfc5df356b20b9d2611c6bddf5a76592a2e1a84f6,174448,application/pdf,2026-10-02T17:46:42Z,upstream,https://github.com/sakthipriyan/financial-data/raw/fa278a509a956062c41aae859b9818bcba95779a/src/sbi-fx-card-rates/2024/2024-10-15.pdf
sbi/forex-card-rates/2024/2024-10-16.pdf,7734b2d567784ce1e87850b8049cbdd12b058abeb054fb28158d43f3556b5676,174454,application/pdf,2026-10-02T17:46:42Z,upstream,https://github.com/sakthipriyan/financial-data/raw/fa278a509a956062c41aae859b9818bcba95779a/src/sbi-fx-card-rates/2024/2024-10-16.pdf
sbi/forex-card-rates/2024/2024-10-17.pdf,fe7eacb81f4a94d30819243e041642108aed85f523434456fc76a5a64553a8bc,173096,application/pdf,2026-10-02T17:46:42Z,upstream,https://github.com/sakthipriyan/financial-data/raw/fa278a509a956062c41aae859b9818bcba95779a/src/sbi-fx-card-rates/2024/2024-10-17.pdf
sbi/forex-card-rates/2024/2024-10-18.pdf,3ab21f90fbe9e16f15769634531021df2ed3efe21d0c6b056e8cd2beacb89724,173142,application/pdf,2026-10-02T17:46:42Z,upstream,https://github.com/sakthipriyan/financial-data/raw/fa278a509a956062c41aae859b9818bcba95779a/src/sbi-fx-card-rates/2024/2024-10-18.pdf
sbi/forex-card-rates/2024/2024-10-19.pdf,842821014acf70b3f48175fa122790a92b5b73c7d8465961caa544050563361e,173137,application/pdf,2026-10-02T17:46:42Z,upstream,https://github.com/sakthipriyan/financial-data/raw/fa278a509a956062c41aae859b9818bcba95779a/src/sbi-fx-card-rates/2024/2024-10-19.pdf
sbi/forex-card-rates/2024/2024-10-21.pdf,3ab1418067996e67cc9b933b99f91a8ac507f26e304bdfd841cb58012d01d25f,173124,application/pdf,2026-10-02T17:46:42Z,upstream,https://github.com/sakthipriyan/financial-data/raw/fa278a509a956062c41aae859b9818bcba95779a/src/sbi-fx-card-rates/2024/2024-10-21.pdf
sbi/forex-card-rates/2024/2024-10-22.pdf,e82c01f72481495ef675377ad7f63b278d8c6215df75d1ea82df41c2f78d747d,173151,application/pdf,2026-10-02T17:46:42Z,upstream,https://github.com/sakthipriyan/financial-data/raw/fa278a509a956062c41aae859b9818bcba95779a/src/sbi-fx-card-rates/2024/2024-10-22.pdf
sbi/forex-card-rates/2024/2024-10-23.pdf,ba66065519d80e036dc4ff50315fb35909c7ca709a3337c85240a49905d5105b,173145,application/pdf,2026-10-02T17:46:42Z,upstream,https://github.com/sakthipriyan/financial-data/raw/fa278a509a956062c41aae859b9818bcba95779a/src/sbi-fx-card-rates/2024/2024-10-23.pdf
sbi/forex-card-rates/2024/2024-10-24.pdf,00cd9f4270e2bfc98873ad9a1028da1f68bd3b261b1c3af5274f19e6729d7daf,174681,application/pdf,2026-10-02T17:46:42Z,upstream,https://github.com/sakthipriyan/financial-data/raw/fa278a509a956062c41aae859b9818bcba95779a/src/sbi-fx-card-rates/2024/2024-10-24.pdf
sbi/forex-card-rates/2024/2024-10-25.pdf,2dac0e82a165a769f045dd546febbca1ee2d958d6754434744ce0ca73b8d0aef,174821,application/pdf,2026-10-02T17:46:42Z,upstream,https://github.com/sakthipriyan/financial-data/raw/fa278a509a956062c41aae859b9818bcba95779a/src/sbi-fx-card-rates/2024/2024-10-25.pdf
sbi/forex-card-rates/2024/2024-10-28.pdf,3f2a3ed602f3a55894ad327a9990941a581d21e18c120d7aff7d5b4da0a91185,173121,application/pdf,2026-10-02T17:46:42Z,upstream,https://github.com/sakthipriyan/financial-data/raw/fa278a509a956062c41aae859b9818bcba95779a/src/sbi-fx-card-rates/2024/2024-10-28.pdf
sbi/forex-card-rates/2024/2024-10-29.pdf,8a75d2ad47056ea75a1797561db64c897977321bbdced4f683c09c5e9f577857,173127,application/pdf,2026-10-02T17:46:42Z,upstream,https://github.com/sakthipriyan/financial-data/raw/fa278a509a956062c41aae859b9818bcba95779a/src/sbi-fx-card-rates/2024/2024-10-29.pdf
sbi/forex-card-rates/2024/2024-10-30.pdf,85c9417c76a5e483b6f8650f9c123343b88a76a647811c5850ef4c7ccebb2339,173126,application/pdf,2026-10-02T17:46:42Z,upstream,https://github.com/sakthipriyan/financial-data/raw/fa278a509a956062c41aae859b9818bcba95779a/src/sbi-fx-card-rates/2024/2024-10-30.pdf
sbi/forex-card-rates/2024/2024-10-31.pdf,75f737db5d881dc61a9b0db1399809b82a975c38743b2eedf65e0003e95a39a5,173138,application/pdf,2026-10-02T17:46:42Z,upstream,https://github.com/sakthipriyan/financial-data/raw/fa278a509a956062c41aae859b9818bcba95779a/src/sbi-fx-card-rates/2024/2024-10-31.pdf
sbi/forex-card-rates/2024/2024-11-04.pdf,5c547b05151ed2ce33f8bb5e1915365fb4235af7e1ab47a2c678f469223db08a,173132,application/pdf,2026-10-02T17:46:42Z,upstream,https://github.com/sakthipriyan/financial-data/raw/fa278a509a956062c41aae859b9818bcba95779a/src/sbi-fx-card-rates/2024/2024-11-04.pdf
sbi/forex-card-rates/2024/2024-11-05.pdf,2625e523b1b988db1de1e5c79d25c36421934766f712d5d8b4a81484928cb741,174700,application/pdf,2026-10-02T17:46:42Z,upstream,https://github.com/sakthipriyan/financial-data/raw/fa278a509a956062c41aae859b9818bcba95779a/src/sbi-fx-card-rates/2024/2024-11-05.pdf
sbi/forex-card-rates/2024/2024-11-06.pdf,36d632a63c01d1e61775733b39cde7960f1cb02ce02dd6d22630489173d45355,173120,application/pdf,2026-10-02T17:46:42Z,upstream,https://github.com/sakthipriyan/financial-data/raw/fa278a509a956062c41aae859b9818bcba95779a/src/sbi-fx-card-rates/2024/2024-11-06.pdf
sbi/forex-card-rates/2024/2024-11-07.pdf,a1e481a8f7c801f03cc0dec098025f17d848274e9bb1b10cf0337520a4a14b38,173115,application/pdf,2026-10-02T17:46:42Z,upstream,https://github.com/sakthipriyan/financial-data/raw/fa278a509a956062c41aae859b9818bcba95779a/src/sbi-fx-card-rates/2024/2024-11-07.pdf
sbi/forex-card-rates/2024/2024-11-08.pdf,3adb38e19f25de29fba20621b847bdda3e2e7f701f6cdc8075a268967e09304c,173129,application/pdf,2026-10-02T17:46:42Z,upstream,https://github.com/sakthipriyan/financial-data/raw/fa278a509a956062c41aae859b9818bcba95779a/src/sbi-fx-card-rates/2024/2024-11-08.pdf
sbi/forex-card-rates/2024/2024-11-11.pdf,8e6399d964c72da3743507d4c930b72c4ca214eeec45b7365547b1769288f673,173136,application/pdf,2026-10-02T17:46:42Z,upstream,https://github.com/sakthipriyan/financial-data/raw/fa278a509a956062c41aae859b9818bcba95779a/src/sbi-fx-card-rates/2024/2024-11-11.pdf
sbi/forex-card-rates/2024/2024-11-12.pdf,57d0a43612a829a1cd2fb9ba617e4eee64bd8a86bda859c3ec995de910f5aac9,173124,application/pdf,2026-10-02T17:46:42Z,upstream,https://github.com/sakthipriyan/financial-data/raw/fa278a509a956062c41aae859b9818bcba95779a/src/sbi-fx-card-rates/2024/2024-11-12.pdf
sbi/forex-card-rates/2024/2024-11-13.pdf,7b55a46e639f1cac5f0edf7a02baa60233edeffe008f47702c7a7eed5ae418c1,173123,application/pdf,2026-10-02T17:46:42Z,upstream,https://github.com/sakthipriyan/financial-data/raw/fa278a509a956062c41aae859b9818bcba95779a/src/sbi-fx-card-rates/2024/2024-11-13.pdf
sbi/forex-card-rates/2024/2024-11-14.pdf,6872af252ff2648db2de0552229b780422cb372d6fdbf2d2dcd2da3bfb6e293b,173131,application/pdf,2026-10-02T17:46:42Z,upstream,https://github.com/sakthipriyan/financial-data/raw/fa278a509a956062c41aae859b9818bcba95779a/src/sbi-fx-card-rates/2024/2024-11-14.pdf
sbi/forex-card-rates/2024/2024-11-18.pdf,bf226ddf56f26ce61804f08b35b59e519e9d00d7cca61b293d3f95f66f2dbbd5,173135,application/pdf,2026-10-02T17:46:42Z,upstream,https://github.com/sakthipriyan/financial-data/raw/fa278a509a956062c41aae859b9818bcba95779a/src/sbi-fx-card-rates/2024/2024-11-18.pdf
sbi/forex-card-rates/2024/2024-11-19.pdf,d1d113697fee84bac03d83417427ff3106855d2e4e0f800aa11253d29075b1fb,173873,application/pdf,2026-10-02T17:46:42Z,upstream,https://github.com/sakthipriyan/financial-data/raw/fa278a509a956062c41aae859b9818bcba95779a/src/sbi-fx-card-rates/2024/2024-11-19.pdf
sbi/forex-card-rates/2024/2024-11-21.pdf,de073627895a12031d516c152eb4542dbad787fb12e3ee9395d034cc86769d04,173133,application/pdf,2026-10-02T17:46:42Z,upstream,https://github.com/sakthipriyan/financial-data/raw/fa278a509a956062c41aae859b9818bcba95779a/src/sbi-fx-card-rates/2024/2024-11-21.pdf
sbi/forex-card-rates/2024/2024-11-22.pdf,6e7e935ab4ed85507402ea523bf21f0b4144c2729235a512730d8a66b2316158,173128,application/pdf,2026-10-02T17:46:42Z,upstream,https://github.com/sakthipriyan/financial-data/raw/fa278a509a956062c41aae859b9818bcba95779a/src/sbi-fx-card-rates/2024/2024-11-22.pdf
sbi/forex-card-rates/2024/2024-11-25.pdf,fb22d7a654f36ee153abed36b9df28960fb69b68178fd6f4eef62cd3bda18040,173165,application/pdf,2026-10-02T17:46:42Z,upstream,https://github.com/sakthipriyan/financial-data/raw/fa278a509a956062c41aae859b9818bcba95779a/src/sbi-fx-card-rates/2024/2024-11-25.pdf
sbi/forex-card-rates/2024/2024-11-26.pdf,6f1ab3fc3958b46e9d64e1743e5cd98e1cbdddc98d8931ef961a8d88738e31ea,173123,application/pdf,2026-10-02T17:46:42Z,upstream,https://github.com/sakthipriyan/financial-data/raw/fa278a509a956062c41aae859b9818bcba95779a/src/sbi-fx-card-rates/2024/2024-11-26.pdf
sbi/forex-card-rates/2024/2024-11-27.pdf,b460585c4dcb577eb70953e0fac2cced8dfa3c3258f33c6d6fd84ba3469043db,173162,application/pdf,2026-10-02T17:46:42Z,upstream,https://github.com/sakthipriyan/financial-data/raw/fa278a509a956062c41aae859b9818bcba95779a/src/sbi-fx-card-rates/2024/2024-11-27.pdf
sbi/forex-card-rates/2024/2024-11-28.pdf,aaa2715e69a434f0c93729ed25d2c3d33c77cfdb79ab45a824b41e3afa225e25,173139,application/pdf,2026-10-02T17:46:42Z,upstream,https://github.com/sakthipriyan/financial-data/raw/fa278a509a956062c41aae859b9818bcba95779a/src/sbi-fx-card-rates/2024/2024-11-28.pdf
sbi/forex-card-rates/2024/2024-11-29.pdf,e927e70b2e3773c11ca03137069f765717b5e5ec2d48a3d1665cb3ec86f27298,173113,application/pdf,2026-10-02T17:46:42Z,upstream,https://github.com/sakthipriyan/financial-data/raw/fa278a509a956062c41aae859b9818bcba95779a/src/sbi-fx-card-rates/2024/2024-11-29.pdf
sbi/forex-card-rates/2024/2024-11-30.pdf,632b01b4d4950f9a53628c631821422c5cf95648327fbfa279d44ffc3e9c2a63,173131,application/pdf,2026-10-02T17:46:42Z,upstream,https://github.com/sakthipriyan/financial-data/raw/fa278a509a956062c41aae859b9818bcba95779a/src/sbi-fx-card-rates/2024/2024-11-30.pdf
sbi/forex-card-rates/2024/2024-12-02.pdf,702ded5a7915220240c9a3a1d78f8c2fd1d3f4f9803f41d4d2fec068554e73e3,173119,application/pdf,2026-10-02T17:46:42Z,upstream,https://github.com/sakthipriyan/financial-data/raw/fa278a509a956062c41aae859b9818bcba95779a/src/sbi-fx-card-rates/2024/2024-12-02.pdf
sbi/forex-card-rates/2024/2024-12-03.pdf,ab68ac874c44d1d2ee19a66d2a213ebc5fd2048dfc1f2e8465145815a4b142a4,173114,application/pdf,2026-10-02T17:46:42Z,upstream,https://github.com/sakthipriyan/financial-data/raw/fa278a509a956062c41aae859b9818bcba95779a/src/sbi-fx-card-rates/2024/2024-12-03.pdf
sbi/forex-card-rates/2024/2024-12-04.pdf,7a48de03eff6d8ad3dccf2e2b6b67eb7b70068a76fa609de547908a83207159f,173117,application/pdf,2026-10-02T17:46:42Z,upstream,https://github.com/sakthipriyan/financial-data/raw/fa278a509a956062c41aae859b9818bcba95779a/src/sbi-fx-card-rates/2024/2024-12-04.pdf
sbi/forex-card-rates/2024/2024-12-05.pdf,5af770ca25b9218161d8cde145bb51e07b53e9e2a60bcffcfd80283bec3f396a,173136,application/pdf,2026-10-02T17:46:42Z,upstream,https://github.com/sakthipriyan/financial-data/raw/fa278a509a956062c41aae859b9818bcba95779a/src/sbi-fx-card-rates/2024/2024-12-05.pdf
sbi/forex-card-rates/2024/2024-12-06.pdf,7bb63ebe339effd447f5e5b097cc6b28754f124f93a0d53869e0c8f9fba7d888,173110,application/pdf,2026-10-02T17:46:42Z,upstream,https://github.com/sakthipriyan/financial-data/raw/fa278a509a956062c41aae859b9818bcba95779a/src/sbi-fx-card-rates/2024/2024-12-06.pdf
sbi/forex-card-rates/2024/2024-12-07.pdf,6df2ff8b497258b3c6e3d29eaffb086d96a06a9286fc4220ddd517d7e006d683,173119,application/pdf,2026-10-02T17:46:42Z,upstream,https://github.com/sakthipriyan/financial-data/raw/fa278a509a956062c41aae859b9818bcba95779a/src/sbi-fx-card-rates/2024/2024-12-07.pdf
sbi/forex-card-rates/2024/2024-12-09.pdf,9d866f44468e0719d0bad415d97545681b27c2cd71610b2711e6554c948e5e37,173116,application/pdf,2026-10-02T17:46:42Z,upstream,https://github.com/sakthipriyan/financial-data/raw/fa278a509a956062c41aae859b9818bcba95779a/src/sbi-fx-card-rates/2024/2024-12-09.pdf
sbi/forex-card-rates/2024/2024-12-10.pdf,81b7f1400b07dd285017221c075a172bba5a237493fc09dcb3f78c954134ee9a,173122,application/pdf,2026-10-02T17:46:42Z,upstream,https://github.com/sakthipriyan/financial-data/raw/fa278a509a956062c41aae859b9818bcba95779a/src/sbi-fx-card-rates/2024/2024-12-10.pdf
sbi/forex-card-rates/2024/2024-12-11.pdf,3a355dbf755dae31a8854bddea0d46fcf655fa742f725418fa7e52681be3e32e,173111,application/pdf,2026-10-02T17:46:42Z,upstream,https://github.com/sakthipriyan/financial-data/raw/fa278a509a956062c41aae859b9818bcba95779a/src/sbi-fx-card-rates/2024/2024-12-11.pdf
sbi/forex-card-rates/2024/2024-12-12.pdf,06e5778fb64a414c7545dbd5d4ce9ddbcd7f5fbfcfbf96cf50fd44ebfac8bcb2,173124,application/pdf,2026-10-02T17:46:42Z,upstream,https://github.com/sakthipriyan/financial-data/raw/fa278a509a956062c41aae859b9818bcba95779a/src/sbi-fx-card-rates/2024/2024-12-12.pdf
sbi/forex-card-rates/2024/2024-12-13.pdf,b1fd9d86a45015fb82eaca60c301aca68a3798d5f1bc808c16eadd3087b2b51b,173125,application/pdf,2026-10-02T17:46:42Z,upstream,https://github.com/sakthipriyan/financial-data/raw/fa278a509a956062c41aae859b9818bcba95779a/src/sbi-fx-card-rates/2024/2024-12-13.pdf
sbi/forex-card-rates/2024/2024-12-16.pdf,0ba0c876beb9b850cae0361223d1d1fb6f8363459fc4f659202731c418f53ab6,173116,application/pdf,2026-10-02T17:46:42Z,upstream,https://github.com/sakthipriyan/financial-data/raw/fa278a509a956062c41aae859b9818bcba95779a/src/sbi-fx-card-rates/2024/2024-12-16.pdf
sbi/forex-card-rates/2024/2024-12-17.pdf,e4d1f8f37585cbdde541f01be1c73be0def31c0929948ad780797c3ab4fe84f7,173146,application/pdf,2026-10-02T17:46:42Z,upstream,https://github.com/sakthipriyan/financial-data/raw/fa278a509a956062c41aae859b9818bcba95779a/src/sbi-fx-card-rates/2024/2024-12-17.pdf
sbi/forex-card-rates/2024/2024-12-18.pdf,cd41db0f9a4f0ece4988b969dc9af1d842ddde507fd57a5c38722eaf1258c615,173143,application/pdf,2026-10-02T17:46:42Z,upstream,https://github.com/sakthipriyan/financial-data/raw/fa278a509a956062c41aae859b9818bcba95779a/src/sbi-fx-card-rates/2024/2024-12-18.pdf
sbi/forex-card-rates/2024/2024-12-19.pdf,708487d0664298a1f5a2124a575f5f8e4104bb0d9802fed66b3ba8fe8ef43713,173114,application/pdf,2026-10-02T17:46:42Z,upstream,https://github.com/sakthipriyan/financial-data/raw/fa278a509a956062c41aae859b9818bcba95779a/src/sbi-fx-card-rates/2024/2024-12-19.pdf
sbi/forex-card-rates/2024/2024-12-20.pdf,e555434ee020293c02995e77e92a97dccd09881bddb46852f08d348087334a11,173116,application/pdf,2026-10-02T17:46:42Z,upstream,https://github.com/sakthipriyan/financial-data/raw/fa278a509a956062c41aae859b9818bcba95779a/src/sbi-fx-card-rates/2024/2024-12-20.pdf
sbi/forex-card-rates/2024/2024-12-21.pdf,86d7fa378366330d64294b7c8b8dcccd23a9516e0c8dd8b1790545f4adb91e06,173129,application/pdf,2026-10-02T17:46:42Z,upstream,https://github.com/sakthipriyan/financial-data/raw/fa278a509a956062c41aae859b9818bcba95779a/src/sbi-fx-card-rates/2024/2024-12-21.pdf
sbi/forex-card-rates/2024/2024-12-23.pdf,628907737f69934612c9cc31ae7f95c133b4b1ace96410c15d90680a1f87e689,173292,application/pdf,2026-10-02T17:46:42Z,upstream,https://github.com/sakthipriyan/financial-data/raw/fa278a509a956062c41aae859b9818bcba95779a/src/sbi-fx-card-rates/2024/2024-12-23.pdf
sbi/forex-card-rates/2024/2024-12-24.pdf,c28c6242dac09708ed5cddf117e562a607f032cb9b15d599f73cf94513661e64,173317,application/pdf,2026-10-02T17:46:42Z,upstream,https://github.com/sakthipriyan/financial-data/raw/fa278a509a956062c41aae859b9818bcba95779a/src/sbi-fx-card-rates/2024/2024-12-24.pdf
sbi/forex-card-rates/2024/2024-12-26.pdf,f441418d5cab3c5b0f9a1e4f0ae4d21f782e3730b15ff452a8545ea2f3f4f746,173284,application/pdf,2026-10-02T17:46:42Z,upstream,https://github.com/sakthipriyan/financial-data/raw/fa278a509a956062c41aae859b9818bcba95779a/src/sbi-fx-card-rates/2024/2024-12-26.pdf
sbi/forex-card-rates/2024/2024-12-27.pdf,ae018096420e1d53566011216d5dc585903b79e057a86e66417466c378b617dc,173318,application/pdf,2026-10-02T17:46:42Z,upstream,https://github.com/sakthipriyan/financial-data/raw/fa278a509a956062c41aae859b9818bcba95779a/src/sbi-fx-card-rates/2024/2024-12-27.pdf
sbi/forex-card-rates/2024/2024-12-30.pdf,53f8af652d4030c9071b9a39f8580a640fa644811cc737d79aac97b2924bc819,173299,application/pdf,2026-10-02T17:46:42Z,upstream,https://github.com/sakthipriyan/financial-data/raw/fa278a509a956062c41aae859b9818bcba95779a/src/sbi-fx-card-rates/2024/2024-12-30.pdf
sbi/forex-card-rates/2024/2024-12-31.pdf,ee8cb2fb9879dd59cde9f585fe439651c3bd1c14a2b300fa4744ea9cbe4ede6b,173292,application/pdf,2026-10-02T17:46:42Z,upstream,https://github.com/sakthipriyan/financial-data/raw/fa278a509a956062c41aae859b9818bcba95779a/src/sbi-fx-card-rates/2024/2024-12-31.pdf
sbi/forex-card-rates/2025/2025-01-01.pdf,1ee3dbf79dc294e61892d7329aa4b1cf7ca320201ab2da6c21ae6c321a3ad66d,173282,application/pdf,2026-10-02T17:46:42Z,upstream,https://github.com/sakthipriyan/financial-data/raw/fa278a509a956062c41aae859b9818bcba95779a/src/sbi-fx-card-rates/2025/2025-01-01.pdf
sbi/forex-card-rates/2025/2025-01-02.pdf,938e8af83dff753fddc61635e306a31bc9877fc5e121c7209eaa000c81b5840f,175709,application/pdf,2026-10-02T17:46:42Z,upstream,https://github.com/sakthipriyan/financial-data/raw/fa278a509a956062c41aae859b9818bcba95779a/src/sbi-fx-card-rates/2025/2025-01-02.pdf
sbi/forex-card-rates/2025/2025-01-03.pdf,3a74ba8cbe1144e60f528318a92b8313bfdcf559576fd0ecc97504ebac1511cf,173068,application/pdf,2026-10-02T17:46:42Z,upstream,https://github.com/sakthipriyan/financial-data/raw/fa278a509a956062c41aae859b9818bcba95779a/src/sbi-fx-card-rates/2025/2025-01-03.pdf
sbi/forex-card-rates/2025/2025-01-04.pdf,3674990f73cce139e0f5857414b5f9c80b86f91d18dc8e8f310f005004eb2043,173082,application/pdf,2026-10-02T17:46:42Z,upstream,https://github.com/sakthipriyan/financial-data/raw/fa278a509a956062c41aae859b9818bcba95779a/src/sbi-fx-card-rates/2025/2025-01-04.pdf
sbi/forex-card-rates/2025/2025-01-06.pdf,739261c492879558f21dcd695c66df5f511087ef47645ac6be0d01f8bed0914f,173094,application/pdf,2026-10-02T17:46:42Z,upstream,https://github.com/sakthipriyan/financial-data/raw/fa278a509a956062c41aae859b9818bcba95779a/src/sbi-fx-card-rates/2025/2025-01-06.pdf
sbi/forex-card-rates/2025/2025-01-07.pdf,3d84681780a6500e762917e1c3f8e09eb0d8663efec869c539873b25ad64745c,173072,application/pdf,2026-10-02T17:46:42Z,upstream,https://github.com/sakthipriyan/financial-data/raw/fa278a509a956062c41aae859b9818bcba95779a/src/sbi-fx-card-rates/2025/2025-01-07.pdf
sbi/forex-card-rates/2025/2025-01-08.pdf,aab8789bbb6bf096a2ac1496d91a662628ccbbee570d26f3cfca0a0b796d4e0a,173072,application/pdf,2026-10-02T17:46:42Z,upstream,https://github.com/sakthipriyan/financial-data/raw/fa278a509a956062c41aae859b9818bcba95779a/src/sbi-fx-card-rates/2025/2025-01-08.pdf
sbi/forex-card-rates/2025/2025-01-09.pdf,9a33b1133830622cfd65cf79c727429ae8a0b6f48cc333998341ba0060fa5992,173106,application/pdf,2026-10-02T17:46:42Z,upstream,https://github.com/sakthipriyan/financial-data/raw/fa278a509a956062c41aae859b9818bcba95779a/src/sbi-fx-card-rates/2025/2025-01-09.pdf
sbi/forex-card-rates/2025/2025-01-10.pdf,fc67a621f4a4937fb7a0f05a6db841101ab8bf36930b46d0cfeccc1106c9eb33,173117,application/pdf,2026-10-02T17:46:42Z,upstream,https://github.com/sakthipriyan/financial-data/raw/fa278a509a956062c41aae859b9818bcba95779a/src/sbi-fx-card-rates/2025/2025-01-10.pdf
sbi/forex-card-rates/2025/2025-01-13.pdf,25393529b6100942ac4850119b9258f7f72d8af03637ecfd0f01f4e52a726dd2,174314,application/pdf,2026-10-02T17:46:42Z,upstream,https://github.com/sakthipriyan/financial-data/raw/fa278a509a956062c41aae859b9818bcba95779a/src/sbi-fx-card-rates/2025/2025-01-13.pdf
sbi/forex-card-rates/2025/2025-01-14.pdf,b6801f92be83ac2f8919b235c1a8a8998105e97107943c7e9a4e9cfb17410bf8,174363,application/pdf,2026-10-02T17:46:42Z,upstream,https://github.com/sakthipriyan/financial-data/raw/fa278a509a956062c41aae859b9818bcba95779a/src/sbi-fx-card-rates/2025/2025-01-14.pdf
sbi/forex-card-rates/2025/2025-01-15.pdf,f1e346633b4b2c033e4929574d1f1a168701cfd8cf7d4294f0981fe2af40c708,174349,application/pdf,2026-10-02T17:46:42Z,upstream,https://github.com/sakthipriyan/financial-data/raw/fa278a509a956062c41aae859b9818bcba95779a/src/sbi-fx-card-rates/2025/2025-01-15.pdf
sbi/forex-card-rates/2025/2025-01-16.pdf,63f5305fb4b36b48eafcb3ea35aeb9cab864ec49e9017e5994cc706d80199490,174346,application/pdf,2026-10-02T17:46:42Z,upstream,https://github.com/sakthipriyan/financial-data/raw/fa278a509a956062c41aae859b9818bcba95779a/src/sbi-fx-card-rates/2025/2025-01-16.pdf
sbi/forex-card-rates/2025/2025-01-17.pdf,6a27c08b4cc17e9323cc3b0b789793c49ccfbda2790c757d1a0c9436ab771c3d,174331,application/pdf,2026-10-02T17:46:42Z,upstream,https://github.com/sakthipriyan/financial-data/raw/fa278a509a956062c41aae859b9818bcba95779a/src/sbi-fx-card-rates/2025/2025-01-17.pdf
sbi/forex-card-rates/2025/2025-01-18.pdf,610053718bec2d0d9034f3b3639a6e06acd02283065edb629e89e14ba833c342,174325,application/pdf,2026-10-02T17:46:42Z,upstream,https://github.com/sakthipriyan/financial-data/raw/fa278a509a956062c41aae859b9818bcba95779a/src/sbi-fx-card-rates/2025/2025-01-18.pdf
sbi/forex-card-rates/2025/2025-01-20.pdf,809c3248862c452922fbed3bb4cb7e6a395d2413b20305bd8c44c172816e54b3,147461,application/pdf,2026-10-02T17:46:42Z,upstream,https://github.com/sakthipriyan/financial-data/raw/fa278a509a956062c41aae859b9818bcba95779a/src/sbi-fx-card-rates/2025/2025-01-20.pdf
sbi/forex-card-rates/2025/2025-01-21.pdf,ce4e54bcd71e76b0128df2720b96d656fa359e89823099587347a6fbf9681e7f,148617,application/pdf,2026-10-02T17:46:42Z,upstream,https://github.com/sakthipriyan/financial-data/raw/fa278a509a956062c41aae859b9818bcba95779a/src/sbi-fx-card-rates/2025/2025-01-21.pdf
sbi/forex-card-rates/2025/2025-01-22.pdf,d5a49f5de6b39c0e0f5527dd67788f410dfeb9ae27e9aeecdc5a7b06c8898cfe,148629,application/pdf,2026-10-02T17:46:42Z,upstream,https://github.com/sakthipriyan/financial-data/raw/fa278a509a956062c41aae859b9818bcba95779a/src/sbi-fx-card-rates/2025/2025-01-22.pdf
sbi/forex-card-rates/2025/2025-01-23.pdf,860642c16470a27d81a34eab1ade1767d2fb4229b4e76d7fd944996fb1d7fa3f,148644,application/pdf,2026-10-02T17:46:42Z,upstream,https://github.com/sakthipriyan/financial-data/raw/fa278a509a956062c41aae859b9818bcba95779a/src/sbi-fx-card-rates/2025/2025-01-23.pdf
sbi/forex-card-rates/2025/2025-01-24.pdf,8e8c1fe98f10945745d6410bde4588d2f526a25d75b863242b7c7e54ea7a5d76,148631,application/pdf,2026-10-02T17:46:42Z,upstream,https://github.com/sakthipriyan/financial-data/raw/fa278a509a956062c41aae859b9818bcba95779a/src/sbi-fx-card-rates/2025/2025-01-24.pdf
sbi/forex-card-rates/2025/2025-01-27.pdf,f21b93e33a08fa7c1b079b6c9595d1392ae5cd0a40c6796c9419c1d2ae50722b,148624,application/pdf,2026-10-02T17:46:42Z,upstream,https://github.com/sakthipriyan/financial-data/raw/fa278a509a956062c41aae859b9818bcba95779a/src/sbi-fx-card-rates/2025/2025-01-27.pdf
sbi/forex-card-rates/2025/2025-01-28.pdf,992c1c70423e9a02aa7c9c50a83bb54624d8bbabec8d160a2692316b427a00a0,148620,application/pdf,2026-10-02T17:46:42Z,upstream,https://github.com/sakthipriyan/financial-data/raw/fa278a509a956062c41aae859b9818bcba95779a/src/sbi-fx-card-rates/2025/2025-01-28.pdf
sbi/forex-card-rates/2025/2025-01-29.pdf,e7ef1306b05ef1c4db273556192469d5db06826b076672dc9c77bd34196fbf81,148623,application/pdf,2026-10-02T17:46:42Z,upstream,https://github.com/sakthipriyan/financial-data/raw/fa278a509a956062c41aae859b9818bcba95779a/src/sbi-fx-card-rates/2025/2025-01-29.pdf
sbi/forex-card-rates/2025/2025-01-30.pdf,fb456eb95539e2715175b4107c5c7d83327f93abc352746b8d14a7a4505cb68d,148607,application/pdf,2026-10-02T17:46:42Z,upstream,https://github.com/sakthipriyan/financial-data/raw/fa278a509a956062c41aae859b9818bcba95779a/src/sbi-fx-card-rates/2025/2025-01-30.pdf
sbi/forex-card-rates/2025/2025-01-31.pdf,df47b0266c3b2c8c36b5ab3a7a89611026eb5da67992811e051861441c7d26e2,148624,application/pdf,2026-10-02T17:46:42Z,upstream,https://github.com/sakthipriyan/financial-data/raw/fa278a509a956062c41aae859b9818bcba95779a/src/sbi-fx-card-rates/2025/2025-01-31.pdf
sbi/forex-card-rates/2025/2025-02-01.pdf,b5a99a627524ecb8073175b7bda9b9fba63b76198ddd0aab7a21b79e3ac4aaa8,148772,application/pdf,2026-10-02T17:46:42Z,upstream,https://github.com/sakthipriyan/financial-data/raw/fa278a509a956062c41aae859b9818bcba95779a/src/sbi-fx-card-rates/2025/2025-02-01.pdf
sbi/forex-card-rates/2025/2025-02-03.pdf,8fa3b3b2f510fe8f3bbd28b47234b22a4df93bbb789676b0107fe3ae75f4334f,148730,application/pdf,2026-10-02T17:46:42Z,upstream,https://github.com/sakthipriyan/financial-data/raw/fa278a509a956062c41aae859b9818bcba95779a/src/sbi-fx-card-rates/2025/2025-02-03.pdf
sbi/forex-card-rates/2025/2025-02-04.pdf,223629441f37ef3301b870ce026ff5efdec8c9670bc7c179b77a9fbdd6eb76ba,148771,application/pdf,2026-10-02T17:46:42Z,upstream,https://github.com/sakthipriyan/financial-data/raw/fa278a509a956062c41aae859b9818bcba95779a/src/sbi-fx-card-rates/2025/2025-02-04.pdf
sbi/forex-card-rates/2025/2025-02-05.pdf,e53f580034614fa71b12c8932e1b4b5f7c4a1f87b031ba3cc23c56ad5ff9b6bd,148794,application/pdf,2026-10-02T17:46:42Z,upstream,https://github.com/sakthipriyan/financial-data/raw/fa278a509a956062c41aae859b9818bcba95779a/src/sbi-fx-card-rates/2025/2025-02-05.pdf
sbi/forex-card-rates/2025/2025-02-06.pdf,3c70f74627cc49f4a9087cc99c83449b2e3ad19be50dd2b9f5945d7333fe8e13,148802,application/pdf,2026-10-02T17:46:42Z,upstream,https://github.com/sakthipriyan/financial-data/raw/fa278a509a956062c41aae859b9818bcba95779a/src/sbi-fx-card-rates/2025/2025-02-06.pdf
sbi/forex-card-rates/2025/2025-02-07.pdf,7a5af95312110ecd299b09c7be4b24c65144fe7bcd6f9cd1d135fd5f9a796f9b,148781,application/pdf,2026-10-02T17:46:42Z,upstream,https://github.com/sakthipriyan/financial-data/raw/fa278a509a956062c41aae859b9818bcba95779a/src/sbi-fx-card-rates/2025/2025-02-07.pdf
sbi/forex-card-rates/2025/2025-02-10.pdf,bd1ece8dad9e2cd897c8df458ea856658eb1f65cae802a184fcc23dcb43dd26a,148776,application/pdf,2026-10-02T17:46:42Z,upstream,https://github.com/sakthipriyan/financial-data/raw/fa278a509a956062c41aae859b9818bcba95779a/src/sbi-fx-card-rates/2025/2025-02-10.pdf
sbi/forex-card-rates/2025/2025-02-11.pdf,b73b02220cdec7794db77fa896990520b6e9dead7767c9c552aa6ef954886015,148777,application/pdf,2026-10-02T17:46:42Z,upstream,https://github.com/sakthipriyan/financial-data/raw/fa278a509a956062c41aae859b9818bcba95779a/src/sbi-fx-card-rates/2025/2025-02-11.pdf
sbi/forex-card-rates/2025/2025-02-12.pdf,6005c3006451b06cf6f96a758b4e50374bc6835c1577516d2d395ddb0fa61be7,148772,application/pdf,2026-10-02T17:46:42Z,upstream,https://github.com/sakthipriyan/financial-data/raw/fa278a509a956062c41aae859b9818bcba95779a/src/sbi-fx-card-rates/2025/2025-02-12.pdf
sbi/forex-card-rates/2025/2025-02-13.pdf,e3b386f73249883a14a3593b1d1c6a80269520158a3ca850db35dda1666a5a89,148787,application/pdf,2026-10-02T17:46:42Z,upstream,https://github.com/sakthipriyan/financial-data/raw/fa278a509a956062c41aae859b9818bcba95779a/src/sbi-fx-card-rates/2025/2025-02-13.pdf
sbi/forex-card-rates/2025/2025-02-14.pdf,fdb909bf2d5de68bdaf07874e453c5c5d987adb5745d2e55a556bdb6cd3f28c5,148777,application/pdf,2026-10-02T17:46:42Z,upstream,https://github.com/sakthipriyan/financial-data/raw/fa278a509a956062c41aae859b9818bcba95779a/src/sbi-fx-card-rates/2025/2025-02-14.pdf
sbi/forex-card-rates/2025/2025-02-15.pdf,2fe80b1ee1645d06db03170080ca930946c722d9ece3fffd60ebce0ffe4d5d5b,148787,application/pdf,2026-10-02T17:46:42Z,upstream,https://github.com/sakthipriyan/financial-data/raw/fa278a509a956062c41aae859b9818bcba95779a/src/sbi-fx-card-rates/2025/2025-02-15.pdf
sbi/forex-card-rates/2025/2025-02-17.pdf,315e7c1436ccc30e024b4645f2edb367ff8277fd4a93b6cb75908d05ec24d22e,148771,application/pdf,2026-10-02T17:46:42Z,upstream,https://github.com/sakthipriyan/financial-data/raw/fa278a509a956062c41aae859b9818bcba95779a/src/sbi-fx-card-rates/2025/2025-02-17.pdf
sbi/forex-card-rates/2025/2025-02-18.pdf,403953305100a1a56d2e74f96132f9d44eaf67d5038d196fbfd1805ebd7d79ab,148772,application/pdf,2026-10-02T17:46:42Z,upstream,https://github.com/sakthipriyan/financial-data/raw/fa278a509a956062c41aae859b9818bcba95779a/src/sbi-fx-card-rates/2025/2025-02-18.pdf
sbi/forex-card-rates/2025/2025-02-20.pdf,8587e8ba956d390476a647d4ac35737bcb354a63817ec5877a462e5211ab6269,148766,application/pdf,2026-10-02T17:46:42Z,upstream,https://github.com/sakthipriyan/financial-data/raw/fa278a509a956062c41aae859b9818bcba95779a/src/sbi-fx-card-rates/2025/2025-02-20.pdf
sbi/forex-card-rates/2025/2025-02-21.pdf,e983730872ec96d0ab4e80edd7790c10202320991d29c67649c2ebb5c8f7dbd4,148780,application/pdf,2026-10-02T17:46:42Z,upstream,https://github.com/sakthipriyan/financial-data/raw/fa278a509a956062c41aae859b9818bcba95779a/src/sbi-fx-card-rates/2025/2025-02-21.pdf
sbi/forex-card-rates/2025/2025-02-24.pdf,17d0f22f0781a1da6b9e941bdf78c37600b740b85ca0e700807586721fafc121,148766,application/pdf,2026-10-02T17:46:42Z,upstream,https://github.com/sakthipriyan/financial-data/raw/fa278a509a956062c41aae859b9818bcba95779a/src/sbi-fx-card-rates/2025/2025-02-24.pdf
sbi/forex-card-rates/2025/2025-02-25.pdf,b5b0f655eba8503742812069a10ddf3692b7309c6e54f6ae449749a613c3bee8,150864,application/pdf,2026-10-02T17:46:42Z,upstream,https://github.com/sakthipriyan/financial-data/raw/fa278a509a956062c41aae859b9818bcba95779a/src/sbi-fx-card-rates/2025/2025-02-25.pdf
sbi/forex-card-rates/2025/2025-02-27.pdf,73ebd6ecb085fcd70bc3ceeaadda3901cbc9c69503bb2cd9198f3b27dc4ffa89,150853,application/pdf,2026-10-02T17:46:42Z,upstream,https://github.com/sakthipriyan/financial-data/raw/fa278a509a956062c41aae859b9818bcba95779a/src/sbi-fx-card-rates/2025/2025-02-27.pdf
sbi/forex-card-rates/2025/2025-02-28.pdf,3fc1c8801fbd41f2945056b75d391eda0f0172435ead0dd141ee6b334c5357da,150867,application/pdf,2026-10-02T17:46:42Z,upstream,https://github.com/sakthipriyan/financial-data/raw/fa278a509a956062c41aae859b9818bcba95779a/src/sbi-fx-card-rates/2025/2025-02-28.pdf
sbi/forex-card-rates/2025/2025-03-01.pdf,edb3f64b0fb3e184904279d040a51738d8086e0853232dc449d3012a93ae5ef8,150859,application/pdf,2026-10-02T17:46:42Z,upstream,https://github.com/sakthipriyan/financial-data/raw/fa278a509a956062c41aae859b9818bcba95779a/src/sbi-fx-card-rates/2025/2025-03-01.pdf
sbi/forex-card-rates/2025/2025-03-03.pdf,6b8d9c54991d94cb2ba1f36a099b72990404bbc592f8f775d443b65de3c9d3e5,150855,application/pdf,2026-10-02T17:46:42Z,upstream,https://github.com/sakthipriyan/financial-data/raw/fa278a509a956062c41aae859b9818bcba95779a/src/sbi-fx-card-rates/2025/2025-03-03.pdf
sbi/forex-card-rates/2025/2025-03-04.pdf,87f5eb83a2af9b0dadb8c562cc41dbeb0c39998c12e515da72676bedc1092d1b,150872,application/pdf,2026-10-02T17:46:42Z,upstream,https://github.com/sakthipriyan/financial-data/raw/fa278a509a956062c41aae859b9818bcba95779a/src/sbi-fx-card-rates/2025/2025-03-04.pdf
sbi/forex-card-rates/2025/2025-03-05.pdf,02dcf12549abc7fc5b43a27a497da892d7e07b7dd8e7d30f948257b3312b0f67,150860,application/pdf,2026-10-02T17:46:42Z,upstream,https://github.com/sakthipriyan/financial-data/raw/fa278a509a956062c41aae859b9818bcba95779a/src/sbi-fx-card-rates/2025/2025-03-05.pdf
sbi/forex-card-rates/2025/2025-03-06.pdf,504575e42d3cab14ec0ed9fa28227196230f5fceac60da7485c20e8acae5bc3e,150855,application/pdf,2026-10-02T17:46:42Z,upstream,https://github.com/sakthipriyan/financial-data/raw/fa278a509a956062c41aae859b9818bcba95779a/src/sbi-fx-card-rates/2025/2025-03-06.pdf
sbi/forex-card-rates/2025/2025-03-07.pdf,ca2cef610de19ff788bc70b4bf585c302f1c5dbdecbd5100271af568ac6744fa,150855,application/pdf,2026-10-02T17:46:42Z,upstream,https://github.com/sakthipriyan/financial-data/raw/fa278a509a956062c41aae859b9818bcba95779a/src/sbi-fx-card-rates/2025/2025-03-07.pdf
sbi/forex-card-rates/2025/2025-03-10.pdf,6d3fca2ea826d2be39f80869beb20d43e03ccc0c0a01dd9548ec2fc57060c761,150874,application/pdf,2026-10-02T17:46:42Z,upstream,https://github.com/sakthipriyan/financial-data/raw/fa278a509a956062c41aae859b9818bcba95779a/src/sbi-fx-card-rates/2025/2025-03-10.pdf
sbi/forex-card-rates/2025/2025-03-11.pdf,c73e8fb515e3b57dbee5b537273f6fafc889068ce87b12cc42afb856b06aae8b,150958,application/pdf,2026-10-02T17:46:42Z,upstream,https://github.com/sakthipriyan/financial-data/raw/fa278a509a956062c41aae859b9818bcba95779a/src/sbi-fx-card-rates/2025/2025-03-11.pdf
sbi/forex-card-rates/2025/2025-03-12.pdf,0980b33c17773ba5e8b2d080e30954a4953644d5a962d70832440909bbf32af5,150951,application/pdf,2026-10-02T17:46:42Z,upstream,https://github.com/sakthipriyan/financial-data/raw/fa278a509a956062c41aae859b9818bcba95779a/src/sbi-fx-card-rates/2025/2025-03-12.pdf
sbi/forex-card-rates/2025/2025-03-13.pdf,f2607cd6b5d9eab142ed1b37a82da35d62b2974d8f0a406252f669caee8cf950,150950,application/pdf,2026-10-02T17:46:42Z,upstream,https://github.com/sakthipriyan/financial-data/raw/fa278a509a956062c41aae859b9818bcba95779a/src/sbi-fx-card-rates/2025/2025-03-13.pdf
sbi/forex-card-rates/2025/2025-03-15.pdf,ee75cf6359cb5670d4ae3dde0e276972d1001051f646bd58bebeebb732cd12d2,150872,application/pdf,2026-10-02T17:46:42Z,upstream,https://github.com/sakthipriyan/financial-data/raw/fa278a509a956062c41aae859b9818bcba95779a/src/sbi-fx-card-rates/2025/2025-03-15.pdf
sbi/forex-card-rates/2025/2025-03-17.pdf,9d406c5785132933d149be6911ea3759832ccda02aac3879d042a373e838429d,150855,application/pdf,2026-10-02T17:46:42Z,upstream,https://github.com/sakthipriyan/financial-data/raw/fa278a509a956062c41aae859b9818bcba95779a/src/sbi-fx-card-rates/2025/2025-03-17.pdf
sbi/forex-card-rates/2025/2025-03-18.pdf,3b49ccb2ec2f6b97ba0c6fac81fbe038c09b288eaea9aa51b20d9baa060355af,150867,application/pdf,2026-10-02T17:46:42Z,upstream,https://github.com/sakthipriyan/financial-data/raw/fa278a509a956062c41aae859b9818bcba95779a/src/sbi-fx-card-rates/2025/2025-03-18.pdf
sbi/forex-card-rates/2025/2025-03-19.pdf,5770166eaf0c2a5fd04baf0dcac9c212caefb132860e29b548910d4fca7cbaf8,150864,application/pdf,2026-10-02T17:46:42Z,upstream,https://github.com/sakthipriyan/financial-data/raw/fa278a509a956062c41aae859b9818bcba95779a/src/sbi-fx-card-rates/2025/2025-03-19.pdf
sbi/forex-card-rates/2025/2025-03-20.pdf,6ff8ba89f0fc2485ba691a9f062b078c8fd2bb9481702b18ab8e0d218d3a2470,150859,application/pdf,2026-10-02T17:46:42Z,upstream,https://github.com/sakthipriyan/financial-data/raw/fa278a509a956062c41aae859b9818bcba95779a/src/sbi-fx-card-rates/2025/2025-03-20.pdf
sbi/forex-card-rates/2025/2025-03-21.pdf,6d38efbc48371590ab216292ff86530d63bd4e1ea98c0264adde4450d4a55a10,150867,application/pdf,2026-10-02T17:46:42Z,upstream,https://github.com/sakthipriyan/financial-data/raw/fa278a509a956062c41aae859b9818bcba95779a/src/sbi-fx-card-rates/2025/2025-03-21.pdf
sbi/forex-card-rates/2025/2025-03-24.pdf,16475c9952c871544339c98a140a52a9b061cc41b833ed5a4d82f4029aed28bc,150958,application/pdf,2026-10-02T17:46:42Z,upstream,https://github.com/sakthipriyan/financial-data/raw/fa278a509a956062c41aae859b9818bcba95779a/src/sbi-fx-card-rates/2025/2025-03-24.pdf
sbi/forex-card-rates/2025/2025-03-25.pdf,acca61d856973ff4622385829c75ee80dde87cda9c2baad624e49cab548778eb,150956,application/pdf,2026-10-02T17:46:42Z,upstream,https://github.com/sakthipriyan/financial-data/raw/fa278a509a956062c41aae859b9818bcba95779a/src/sbi-fx-card-rates/2025/2025-03-25.pdf
sbi/forex-card-rates/2025/2025-03-26.pdf,db3e7dcabe05e858268ddb08b0f17dd0b9d194e954c23d922921b14f2ebec830,150964,application/pdf,2026-10-02T17:46:42Z,upstream,https://github.com/sakthipriyan/financial-data/raw/fa278a509a956062c41aae859b9818bcba95779a/src/sbi-fx-card-rates/2025/2025-03-26.pdf
sbi/forex-card-rates/2025/2025-03-27.pdf,e73b58447b5744e8a85ac651c6f155373e028fd143f8851081098f616f058556,150976,application/pdf,2026-10-02T17:46:42Z,upstream,https://github.com/sakthipriyan/financial-data/raw/fa278a509a956062c41aae859b9818bcba95779a/src/sbi-fx-card-rates/2025/2025-03-27.pdf
sbi/forex-card-rates/2025/2025-03-28.pdf,6fe275f5c60fb62431361756f470e49ceb463e86fa9c997bc4c4212bb376b906,150971,application/pdf,2026-10-02T17:46:42Z,upstream,https://github.com/sakthipriyan/financial-data/raw/fa278a509a956062c41aae859b9818bcba95779a/src/sbi-fx-card-rates/2025/2025-03-28.pdf
sbi/forex-card-rates/2025/2025-03-29.pdf,5a6995192b7cc0c59733377c08b0fdccd654efbbd91897d4f70048257f0f9a13,150883,application/pdf,2026-10-02T17:46:42Z,upstream,https://github.com/sakthipriyan/financial-data/raw/fa278a509a956062c41aae859b9818bcba95779a/src/sbi-fx-card-rates/2025/2025-03-29.pdf
sbi/forex-card-rates/2025/2025-04-02.pdf,7dcb3844204876f6d4c108d45de488228adfa2bc2271d4ce32403bcfa79f8b26,150967,application/pdf,2026-10-02T17:46:42Z,upstream,https://github.com/sakthipriyan/financial-data/raw/fa278a509a956062c41aae859b9818bcba95779a/src/sbi-fx-card-rates/2025/2025-04-02.pdf
sbi/forex-card-rates/2025/2025-04-03.pdf,e152f4641061caa771a408f0045d469bd0b54f23a5d239b1706fc6639bddede6,150966,application/pdf,2026-10-02T17:46:42Z,upstream,https://github.com/sakthipriyan/financial-data/raw/fa278a509a956062c41aae859b9818bcba95779a/src/sbi-fx-card-rates/2025/2025-04-03.pdf
sbi/forex-card-rates/2025/2025-04-04.pdf,bc07d42366bd2467b7ca4ebddf34097d5a7d908ee97716c72ec80322445ce82f,150972,application/pdf,2026-10-02T17:46:42Z,upstream,https://github.com/sakthipriyan/financial-data/raw/fa278a509a956062c41aae859b9818bcba95779a/src/sbi-fx-card-rates/2025/2025-04-04.pdf
sbi/forex-card-rates/2025/2025-04-05.pdf,55e2543da7e593ad96c42385692edede48f185be358f422bb364742afbbe711d,150877,application/pdf,2026-10-02T17:46:42Z,upstream,https://github.com/sakthipriyan/financial-data/raw/fa278a509a956062c41aae859b9818bcba95779a/src/sbi-fx-card-rates/2025/2025-04-05.pdf
sbi/forex-card-rates/2025/2025-04-07.pdf,fbf5e3efa2f21e8c3f03ee4d59ff2cd0324f3d6f0da2cda137d34a5cf596e5e8,150847,application/pdf,2026-10-02T17:46:42Z,upstream,https://github.com/sakthipriyan/financial-data/raw/fa278a509a956062c41aae859b9818bcba95779a/src/sbi-fx-card-rates/2025/2025-04-07.pdf
sbi/forex-card-rates/2025/2025-04-08.pdf,56770112d3c2defa76f9bbc4e8329439239751134a97439af5d002f96112dd7a,150958,application/pdf,2026-10-02T17:46:42Z,upstream,https://github.com/sakthipriyan/financial-data/raw/fa278a509a956062c41aae859b9818bcba95779a/src/sbi-fx-card-rates/2025/2025-04-08.pdf
sbi/forex-card-rates/2025/2025-04-09.pdf,150c5dc23f5c292e0848c5ef61071fce7b09210af5080872df1b264741b3ae2f,150969,application/pdf,2026-10-02T17:46:42Z,upstream,https://github.com/sakthipriyan/financial-data/raw/fa278a509a956062c41aae859b9818bcba95779a/src/sbi-fx-card-rates/2025/2025-04-09.pdf
sbi/forex-card-rates/2025/2025-04-11.pdf,ecc643b167744697f083ca2c27a0c9ee251b2795c44d0d7cff581d0c38a15142,150961,application/pdf,2026-10-02T17:46:42Z,upstream,https://github.com/sakthipriyan/financial-data/raw/fa278a509a956062c41aae859b9818bcba95779a/src/sbi-fx-card-rates/2025/2025-04-11.pdf
sbi/forex-card-rates/2025/2025-04-15.pdf,8090f828c66550da7dc9abf7bc0f07e3c4da8e700e3639c83cc4b3c044aa5b1a,150980,application/pdf,2026-10-02T17:46:42Z,upstream,https://github.com/sakthipriyan/financial-data/raw/fa278a509a956062c41aae859b9818bcba95779a/src/sbi-fx-card-rates/2025/2025-04-15.pdf
sbi/forex-card-rates/2025/2025-04-16.pdf,91077dfd3f0db1a75fbab6acc314a03b9d471f43f935674b2190e0dabafb0b9f,150964,application/pdf,2026-10-02T17:46:42Z,upstream,https://github.com/sakthipriyan/financial-data/raw/fa278a509a956062c41aae859b9818bcba95779a/src/sbi-fx-card-rates/2025/2025-04-16.pdf
sbi/forex-card-rates/2025/2025-04-17.pdf,0a914e154a8f23eb0055fe41af74caf9231f2820d51c069fabc4d02a4b412722,150987,application/pdf,2026-10-02T17:46:42Z,upstream,https://github.com/sakthipriyan/financial-data/raw/fa278a509a956062c41aae859b9818bcba95779a/src/sbi-fx-card-rates/2025/2025-04-17.pdf
sbi/forex-card-rates/2025/2025-04-19.pdf,fc819ccee55050d32316e8e853529aec23e19bb88aae6f3a0ae3b71dbc1782ee,150975,application/pdf,2026-10-02T17:46:42Z,upstream,https://github.com/sakthipriyan/financial-data/raw/fa278a509a956062c41aae859b9818bcba95779a/src/sbi-fx-card-rates/2025/2025-04-19.pdf
sbi/forex-card-rates/2025/2025-04-21.pdf,02bf81541a03fc8ac196d25f8ad85a4715771d493843e0b2c8895a7980f8c4b8,150972,application/pdf,2026-10-02T17:46:42Z,upstream,https://github.com/sakthipriyan/financial-data/raw/fa278a509a956062c41aae859b9818bcba95779a/src/sbi-fx-card-rates/2025/2025-04-21.pdf
sbi/forex-card-rates/2025/2025-04-22.pdf,6438aec3e514a0376c35385f2f451e63492d3a4c2eaf123db8a304f78f4b3909,150975,application/pdf,2026-10-02T17:46:42Z,upstream,https://github.com/sakthipriyan/financial-data/raw/fa278a509a956062c41aae859b9818bcba95779a/src/sbi-fx-card-rates/2025/2025-04-22.pdf
sbi/forex-card-rates/2025/2025-04-23.pdf,94dfa7ed053429d27bd9fee577bbf9b9dbe6f08a186b31e237aa51ebb92d58d3,150955,application/pdf,2026-10-02T17:46:42Z,upstream,https://github.com/sakthipriyan/financial-data/raw/fa278a509a956062c41aae859b9818bcba95779a/src/sbi-fx-card-rates/2025/2025-04-23.pdf
sbi/forex-card-rates/2025/2025-04-24.pdf,8173573f05028a0851ddbe62d51b66b6e6faea3e91a2382cfd0484ed71597656,150964,application/pdf,2026-10-02T17:46:42Z,upstream,https://github.com/sakthipriyan/financial-data/raw/fa278a509a956062c41aae859b9818bcba95779a/src/sbi-fx-card-rates/2025/2025-04-24.pdf
sbi/forex-card-rates/2025/2025-04-25.pdf,622d2638c59796775cea0cd6b1ee173b13b1e8c0decb399fe0fce7cdfd8b9c6b,150962,application/pdf,2026-10-02T17:46:42Z,upstream,https://github.com/sakthipriyan/financial-data/raw/fa278a509a956062c41aae859b9818bcba95779a/src/sbi-fx-card-rates/2025/2025-04-25.pdf
sbi/forex-card-rates/2025/2025-04-28.pdf,475f807b06781b03046dd22f753170bed5c454dc0d78d2cc7db17aa06e3deeb1,150967,application/pdf,2026-10-02T17:46:42Z,upstream,https://github.com/sakthipriyan/financial-data/raw/fa278a509a956062c41aae859b9818bcba95779a/src/sbi-fx-card-rates/2025/2025-04-28.pdf
sbi/forex-card-rates/2025/2025-04-29.pdf,2288af5da49d63235a5f847383b0d546dc587b0bfea3d3f1bd70f238e783a006,150967,application/pdf,2026-10-02T17:46:42Z,upstream,https://github.com/sakthipriyan/financial-data/raw/fa278a509a956062c41aae859b9818bcba95779a/src/sbi-fx-card-rates/2025/2025-04-29.pdf
sbi/forex-card-rates/2025/2025-04-30.pdf,f89df07908c3cd17604e1f866fba6b058723ef24456d9bedf6ffecffe641325c,150967,application/pdf,2026-10-02T17:46:42Z,upstream,https://github.com/sakthipriyan/financial-data/raw/fa278a509a956062c41aae859b9818bcba95779a/src/sbi-fx-card-rates/2025/2025-04-30.pdf
sbi/forex-card-rates/2025/2025-05-02.pdf,22107646c48637465d26300b8f37bd52f72a32c1dccd408c057517aed337287f,150962,application/pdf,2026-10-02T17:46:42Z,upstream,https://github.com/sakthipriyan/financial-data/raw/fa278a509a956062c41aae859b9818bcba95779a/src/sbi-fx-card-rates/2025/2025-05-02.pdf
sbi/forex-card-rates/2025/2025-05-03.pdf,d70bc432eae84f40aaa450aee0261ecb1cae4837c5d24bf2c8b9d9e244ff05cf,150961,application/pdf,2026-10-02T17:46:42Z,upstream,https://github.com/sakthipriyan/financial-data/raw/fa278a509a956062c41aae859b9818bcba95779a/src/sbi-fx-card-rates/2025/2025-05-03.pdf
sbi/forex-card-rates/2025/2025-05-05.pdf,06da83419c85872e1501e3007aee7eb3687d652edf95840a25e26dff8e821072,150851,application/pdf,2026-10-02T17:46:42Z,upstream,https://github.com/sakthipriyan/financial-data/raw/fa278a509a956062c41aae859b9818bcba95779a/src/sbi-fx-card-rates/2025/2025-05-05.pdf
sbi/forex-card-rates/2025/2025-05-06.pdf,4f3948f0e6a17ac8e3e697e629d4bbb1b6fa2cbec23f8cbe83228a117b365c5e,150850,application/pdf,2026-10-02T17:46:42Z,upstream,https://github.com/sakthipriyan/financial-data/raw/fa278a509a956062c41aae859b9818bcba95779a/src/sbi-fx-card-rates/2025/2025-05-06.pdf
sbi/forex-card-rates/2025/2025-05-07.pdf,0f6fc7ad182b4d82d74ed6bf0489c34a94ae371bc71d0be0fdb92ae643bfdd5a,150885,application/pdf,2026-10-02T17:46:42Z,upstream,https://github.com/sakthipriyan/financial-data/raw/fa278a509a956062c41aae859b9818bcba95779a/src/sbi-fx-card-rates/2025/2025-05-07.pdf
sbi/forex-card-rates/2025/2025-05-08.pdf,2205bd715a1cfb8252720f61556da4f5ce5aa06caa085cd0fcc3a1ca12eca5d5,150872,application/pdf,2026-10-02T17:46:42Z,upstream,https://github.com/sakthipriyan/financial-data/raw/fa278a509a956062c41aae859b9818bcba95779a/src/sbi-fx-card-rates/2025/2025-05-08.pdf
sbi/forex-card-rates/2025/2025-05-09.pdf,08bbec68aa3080d930affe3ab809d6e2d714aba487d00f5ecefeef46e63f44e3,150867,application/pdf,2026-10-02T17:46:42Z,upstream,https://github.com/sakthipriyan/financial-data/raw/fa278a509a956062c41aae859b9818bcba95779a/src/sbi-fx-card-rates/2025/2025-05-09.pdf
sbi/forex-card-rates/2025/2025-05-13.pdf,b9950cd082572022291128d739d637c165cd7f682af87ef47feb7ca543a44290,150855,application/pdf,2026-10-02T17:46:42Z,upstream,https://github.com/sakthipriyan/financial-data/raw/fa278a509a956062c41aae859b9818bcba95779a/src/sbi-fx-card-rates/2025/2025-05-13.pdf
sbi/forex-card-rates/2025/2025-05-14.pdf,eed253615dbb0b0ca3b66fff263bedcd1fcdcbec6f7209e82348e17a5a0cff9a,150859,application/pdf,2026-10-02T17:46:42Z,upstream,https://github.com/sakthipriyan/financial-data/raw/fa278a509a956062c41aae859b9818bcba95779a/src/sbi-fx-card-rates/2025/2025-05-14.pdf
sbi/forex-card-rates/2025/2025-05-15.pdf,5f68e6253bacb3147d6e3dfaf4603a7f3c1d1b8772cd81c5c45f2dae29ffec04,150864,application/pdf,2026-10-02T17:46:42Z,upstream,https://github.com/sakthipriyan/financial-data/raw/fa278a509a956062c41aae859b9818bcba95779a/src/sbi-fx-card-rates/2025/2025-05-15.pdf
sbi/forex-card-rates/2025/2025-05-16.pdf,ea8a62a5c6c170a3db94b14412c705c8072c8e508086068d7fcee34f42a18337,150868,application/pdf,2026-10-02T17:46:42Z,upstream,https://github.com/sakthipriyan/financial-data/raw/fa278a509a956062c41aae859b9818bcba95779a/src/sbi-fx-card-rates/2025/2025-05-16.pdf
sbi/forex-card-rates/2025/2025-05-17.pdf,84b7067064d2a8139869ca8fa07fddad1c2856ca9dd4e8a06ef7e4f92bf3c570,150853,application/pdf,2026-10-02T17:46:42Z,upstream,https://github.com/sakthipriyan/financial-data/raw/fa278a509a956062c41aae859b9818bcba95779a/src/sbi-fx-card-rates/2025/2025-05-17.pdf
sbi/forex-card-rates/2025/2025-05-19.pdf,8c18ff08fb6daabe8a4b9fcbbac314d5b24eec29228e9477c87528ed0cf6844f,150854,application/pdf,2026-10-02T17:46:42Z,upstream,https://github.com/sakthipriyan/financial-data/raw/fa278a509a956062c41aae859b9818bcba95779a/src/sbi-fx-card-rates/2025/2025-05-19.pdf
sbi/forex-card-rates/2025/2025-05-20.pdf,d7c0974b93559afb4a97c9a7f5771c4685dd16b8ccc36367141e932b668b82fa,150864,application/pdf,2026-10-02T17:46:42Z,upstream,https://github.com/sakthipriyan/financial-data/raw/fa278a509a956062c41aae859b9818bcba95779a/src/sbi-fx-card-rates/2025/2025-05-20.pdf
sbi/forex-card-rates/2025/2025-05-21.pdf,10697d5ab33eeab1d8332fbce5f2bc4dde130cb79ef821108952ec2b9ad96fcc,150867,application/pdf,2026-10-02T17:46:42Z,upstream,https://github.com/sakthipriyan/financial-data/raw/fa278a509a956062c41aae859b9818bcba95779a/src/sbi-fx-card-rates/2025/2025-05-21.pdf
sbi/forex-card-rates/2025/2025-05-22.pdf,e5abb63fb325a515c15354a9efce2528b247531d104c2ab2bf062dbed50228ac,175650,application/pdf,2026-10-02T17:46:42Z,upstream,https://github.com/sakthipriyan/financial-data/raw/fa278a509a956062c41aae859b9818bcba95779a/src/sbi-fx-card-rates/2025/2025-05-22.pdf
sbi/forex-card-rates/2025/2025-05-23.pdf,d0ef556c603f0d351c0e76fa0a5f5c83a1e44692b5c167bdf219cfae416f5e9d,150829,application/pdf,2026-10-02T17:46:42Z,upstream,https://github.com/sakthipriyan/financial-data/raw/fa278a509a956062c41aae859b9818bcba95779a/src/sbi-fx-card-rates/2025/2025-05-23.pdf
sbi/forex-card-rates/2025/2025-05-26.pdf,1ed85807abb2dc82b8ed77539dfebd89b34b94eed96c7ede4b3fcb6ba0cdf9e8,150857,application/pdf,2026-10-02T17:46:42Z,upstream,https://github.com/sakthipriyan/financial-data/raw/fa278a509a956062c41aae859b9818bcba95779a/src/sbi-fx-card-rates/2025/2025-05-26.pdf
sbi/forex-card-rates/2025/2025-05-27.pdf,1a904706a610d5f0765762deb02d27dbf46fdba382ea89b074c1bdad5b5dcda5,150868,application/pdf,2026-10-02T17:46:42Z,upstream,https://github.com/sakthipriyan/financial-data/raw/fa278a509a956062c41aae859b9818bcba95779a/src/sbi-fx-card-rates/2025/2025-05-27.pdf
sbi/forex-card-rates/2025/2025-05-28.pdf,4ded5bd2bfe8ee6f23f2211558eaecb434cdf847005598d248ec3e37377ca54f,150854,application/pdf,2026-10-02T17:46:42Z,upstream,https://github.com/sakthipriyan/financial-data/raw/fa278a509a956062c41aae859b9818bcba95779a/src/sbi-fx-card-rates/2025/2025-05-28.pdf
sbi/forex-card-rates/2025/2025-05-29.pdf,681e3c210dc9a735a9bc983a371728b3891238a730b56f2d2454b3f5b0357463,150843,application/pdf,2026-10-02T17:46:42Z,upstream,https://github.com/sakthipriyan/financial-data/raw/fa278a509a956062c41aae859b9818bcba95779a/src/sbi-fx-card-rates/2025/2025-05-29.pdf
sbi/forex-card-rates/2025/2025-05-30.pdf,c3684fedd787d4d3f3d1e6737395049186af65eac6155daf32c7acdc0dbb0a56,150872,application/pdf,2026-10-02T17:46:42Z,upstream,https://github.com/sakthipriyan/financial-data/raw/fa278a509a956062c41aae859b9818bcba95779a/src/sbi-fx-card-rates/2025/2025-05-30.pdf
sbi/forex-card-rates/2025/2025-05-31.pdf,200a99883ded9ddd48a638019b0713dff1fa34ea499828630d69efa51f930682,150874,application/pdf,2026-10-02T17:46:42Z,upstream,https://github.com/sakthipriyan/financial-data/raw/fa278a509a956062c41aae859b9818bcba95779a/src/sbi-fx-card-rates/2025/2025-05-31.pdf
sbi/forex-card-rates/2025/2025-06-02.pdf,c4dc863a12099266bd5ab113f726e5c053502d88689f64e1a763c0c751226a35,150864,application/pdf,2026-10-02T17:46:42Z,upstream,https://github.com/sakthipriyan/financial-data/raw/fa278a509a956062c41aae859b9818bcba95779a/src/sbi-fx-card-rates/2025/2025-06-02.pdf
sbi/forex-card-rates/2025/2025-06-03.pdf,d9e88c62b4e7e8d26c0956f26e175776d724223523c32c1ea3326c0b6f330fc0,150872,application/pdf,2026-10-02T17:46:42Z,upstream,https://github.com/sakthipriyan/financial-data/raw/fa278a509a956062c41aae859b9818bcba95779a/src/sbi-fx-card-rates/2025/2025-06-03.pdf
sbi/forex-card-rates/2025/2025-06-04.pdf,c32967c810567b9be5be53892a1b544bc10af2eaaf9eb5b35dc632bbb090bf54,150864,application/pdf,2026-10-02T17:46:42Z,upstream,https://github.com/sakthipriyan/financial-data/raw/fa278a509a956062c41aae859b9818bcba95779a/src/sbi-fx-card-rates/2025/2025-06-04.pdf
sbi/forex-card-rates/2025/2025-06-05.pdf,d0a3d1ba35d785e7e4822aa48f94d2cda0679a966fe73b58202c4a2f1629270d,150877,application/pdf,2026-10-02T17:46:42Z,upstream,https://github.com/sakthipriyan/financial-data/raw/fa278a509a956062c41aae859b9818bcba95779a/src/sbi-fx-card-rates/2025/2025-06-05.pdf
sbi/forex-card-rates/2025/2025-06-06.pdf,41a2d9a863316399d8b6bd52b264ce65a765f99ab79e9de5e7aeeffef7f97f4d,150895,application/pdf,2026-10-02T17:46:42Z,upstream,https://github.com/sakthipriyan/financial-data/raw/fa278a509a956062c41aae859b9818bcba95779a/src/sbi-fx-card-rates/2025/2025-06-06.pdf
sbi/forex-card-rates/2025/2025-06-09.pdf,1a6ebeb1a16a7c4320b4431a73076444e0daa1bc4424b48d60d23dbd5978045b,150869,application/pdf,2026-10-02T17:46:42Z,upstream,https://github.com/sakthipriyan/financial-data/raw/fa278a509a956062c41aae859b9818bcba95779a/src/sbi-fx-card-rates/2025/2025-06-09.pdf
sbi/forex-card-rates/2025/2025-06-10.pdf,a2f95c54f247959c3a502e9b05f996fffad152e6efe415babb26d709e602d19f,150877,application/pdf,2026-10-02T17:46:42Z,upstream,https://github.com/sakthipriyan/financial-data/raw/fa278a509a956062c41aae859b9818bcba95779a/src/sbi-fx-card-rates/2025/2025-06-10.pdf
sbi/forex-card-rates/2025/2025-06-11.pdf,b377a96d5eb8d2bd41251619aa95f05c62b7a60ca424b133ce359ae1d66e6ff1,150855,application/pdf,2026-10-02T17:46:42Z,upstream,https://github.com/sakthipriyan/financial-data/raw/fa278a509a956062c41aae859b9818bcba95779a/src/sbi-fx-card-rates/2025/2025-06-11.pdf
sbi/forex-card-rates/2025/2025-06-12.pdf,8caf1788c54bb3306aea53200085a746e7bd44348cd68ef0131736904f4e8ec4,150872,application/pdf,2026-10-02T17:46:42Z,upstream,https://github.com/sakthipriyan/financial-data/raw/fa278a509a956062c41aae859b9818bcba95779a/src/sbi-fx-card-rates/2025/2025-06-12.pdf
sbi/forex-card-rates/2025/2025-06-13.pdf,52f77fe5dd729082dabcdb12c8d35a12d9c27eee8470bc8c3d5c1d027e8ec42d,150874,application/pdf,2026-10-02T17:46:42Z,upstream,https://github.com/sakthipriyan/financial-data/raw/fa278a509a956062c41aae859b9818bcba95779a/src/sbi-fx-card-rates/2025/2025-06-13.pdf
sbi/forex-card-rates/2025/2025-06-16.pdf,a5f85da5c0e7840b0497402277b93c55fba794286895ac371197ca09d0e6923b,150877,application/pdf,2026-10-02T17:46:42Z,upstream,https://github.com/sakthipriyan/financial-data/raw/fa278a509a956062c41aae859b9818bcba95779a/src/sbi-fx-card-rates/2025/2025-06-16.pdf
sbi/forex-card-rates/2025/2025-06-17.pdf,e356f940116bf68fe0bcf17508d2a890dd5fda65b67a5bc0865623801c96e30a,150907,application/pdf,2026-10-02T17:46:42Z,upstream,https://github.com/sakthipriyan/financial-data/raw/fa278a509a956062c41aae859b9818bcba95779a/src/sbi-fx-card-rates/2025/2025-06-17.pdf
sbi/forex-card-rates/2025/2025-06-18.pdf,634079ce4cff46541ea1f4a0665995477f774916a005462736e995858c18f9c8,150919,application/pdf,2026-10-02T17:46:42Z,upstream,https://github.com/sakthipriyan/financial-data/raw/fa278a509a956062c41aae859b9818bcba95779a/src/sbi-fx-card-rates/2025/2025-06-18.pdf
sbi/forex-card-rates/2025/2025-06-19.pdf,c472f6162505ec6096eb4029447cc8a3ee0db4eefe580e4ebee7430e50d2702a,150919,application/pdf,2026-10-02T17:46:42Z,upstream,https://github.com/sakthipriyan/financial-data/raw/fa278a509a956062c41aae859b9818bcba95779a/src/sbi-fx-card-rates/2025/2025-06-19.pdf
sbi/forex-card-rates/2025/2025-06-20.pdf,5c25de457c6b0638e6f31e46cef78744c437339780e90d6eac3d6f8c5a48e1c5,150907,application/pdf,2026-10-02T17:46:42Z,upstream,https://github.com/sakthipriyan/financial-data/raw/fa278a509a956062c41aae859b9818bcba95779a/src/sbi-fx-card-rates/2025/2025-06-20.pdf
sbi/forex-card-rates/2025/2025-06-21.pdf,e8dfce468418e2c449a985d9a6c85abdc5129e854016e7775c31c012a1aefffc,150912,application/pdf,2026-10-02T17:46:42Z,upstream,https://github.com/sakthipriyan/financial-data/raw/fa278a509a956062c41aae859b9818bcba95779a/src/sbi-fx-card-rates/2025/2025-06-21.pdf
sbi/forex-card-rates/2025/2025-06-23.pdf,7f786e252c30be4d027ad6264af96c7c50f8f9afcbdf74a10be6c145743bc15b,150900,application/pdf,2026-10-02T17:46:42Z,upstream,https://github.com/sakthipriyan/financial-data/raw/fa278a509a956062c41aae859b9818bcba95779a/src/sbi-fx-card-rates/2025/2025-06-23.pdf
sbi/forex-card-rates/2025/2025-06-24.pdf,d16189ac4ebdafff5c4e1acfc45540632b1c043ed05222e64c8e7a0984c732e4,150918,application/pdf,2026-10-02T17:46:42Z,upstream,https://github.com/sakthipriyan/financial-data/raw/fa278a509a956062c41aae859b9818bcba95779a/src/sbi-fx-card-rates/2025/2025-06-24.pdf
sbi/forex-card-rates/2025/2025-06-25.pdf,415d7c3c15f4b53571a6cecd815089504df96e8657324d8990c23d7c0ce3419a,150907,application/pdf,2026-10-02T17:46:42Z,upstream,https://github.com/sakthipriyan/financial-data/raw/fa278a509a956062c41aae859b9818bcba95779a/src/sbi-fx-card-rates/2025/2025-06-25.pdf
sbi/forex-card-rates/2025/2025-06-26.pdf,8af751578f842b9bf5f619d9ac38842e73e382231db2c2538adcf4cd87aaf1ff,150995,application/pdf,2026-10-02T17:46:42Z,upstream,https://github.com/sakthipriyan/financial-data/raw/fa278a509a956062c41aae859b9818bcba95779a/src/sbi-fx-card-rates/2025/2025-06-26.pdf
sbi/forex-card-rates/2025/2025-06-27.pdf,0c4616658f2e08efadcb158d0ddaefa3051e49a673666660fbc1a754c8425cbb,150907,application/pdf,2026-10-02T17:46:42Z,upstream,https://github.com/sakthipriyan/financial-data/raw/fa278a509a956062c41aae859b9818bcba95779a/src/sbi-fx-card-rates/2025/2025-06-27.pdf
sbi/forex-card-rates/2025/2025-06-30.pdf,210e7be30a3b2710195b5d7c02d9c5873c8b9f7c9d09b33914d17bfb03d439c5,150912,application/pdf,2026-10-02T17:46:42Z,upstream,https://github.com/sakthipriyan/financial-data/raw/fa278a509a956062c41aae859b9818bcba95779a/src/sbi-fx-card-rates/2025/2025-06-30.pdf
sbi/forex-card-rates/2025/2025-07-01.pdf,4118db7b0ef57065a59597949d4e4564d76cbd66b9c0e364fd1bae659da1b968,150907,application/pdf,2026-10-02T17:46:42Z,upstream,https://github.com/sakthipriyan/financial-data/raw/fa278a509a956062c41aae859b9818bcba95779a/src/sbi-fx-card-rates/2025/2025-07-01.pdf
sbi/forex-card-rates/2025/2025-07-02.pdf,740f2e55cc9898c1039edd340f24a0cdaea9801f44b31d52e328d4e3347be16f,150910,application/pdf,2026-10-02T17:46:42Z,upstream,https://github.com/sakthipriyan/financial-data/raw/fa278a509a956062c41aae859b9818bcba95779a/src/sbi-fx-card-rates/2025/2025-07-02.pdf
sbi/forex-card-rates/2025/2025-07-03.pdf,7dbba1ade7033fc06d229993f8a17af45c416406988b67d05fd97ff8f2ed9d2b,150892,application/pdf,2026-10-02T17:46:42Z,upstream,https://github.com/sakthipriyan/financial-data/raw/fa278a509a956062c41aae859b9818bcba95779a/src/sbi-fx-card-rates/2025/2025-07-03.pdf
sbi/forex-card-rates/2025/2025-07-04.pdf,2b56a31e2f682da16d258af882674035b56fb57e367c0fc49f3cb5e4ce1a5a41,150906,application/pdf,2026-10-02T17:46:42Z,upstream,https://github.com/sakthipriyan/financial-data/raw/fa278a509a956062c41aae859b9818bcba95779a/src/sbi-fx-card-rates/2025/2025-07-04.pdf
sbi/forex-card-rates/2025/2025-07-05.pdf,29f55ddc5ad39d28f5ecedb9aad7ad748c9e51a61bd5645bd6c62d6bf573fb9d,150894,application/pdf,2026-10-02T17:46:42Z,upstream,https://github.com/sakthipriyan/financial-data/raw/fa278a509a956062c41aae859b9818bcba95779a/src/sbi-fx-card-rates/2025/2025-07-05.pdf
sbi/forex-card-rates/2025/2025-07-07.pdf,add1f4a9fa774bc24641b89d086dae8e12b6e0ddafa14db899509bb1bc9c9741,150919,application/pdf,2026-10-02T17:46:42Z,upstream,https://github.com/sakthipriyan/financial-data/raw/fa278a509a956062c41aae859b9818bcba95779a/src/sbi-fx-card-rates/2025/2025-07-07.pdf
sbi/forex-card-rates/2025/2025-07-08.pdf,0d99949254d0b51e8929ee7750f7e5dd7070555d1692ed93e13c63bce602f466,150900,application/pdf,2026-10-02T17:46:42Z,upstream,https://github.com/sakthipriyan/financial-data/raw/fa278a509a956062c41aae859b9818bcba95779a/src/sbi-fx-card-rates/2025/2025-07-08.pdf
sbi/forex-card-rates/2025/2025-07-09.pdf,df4364da9f88bfc41dfacd501e02d59194babe517f2c7568e44472efd19c3953,150914,application/pdf,2026-10-02T17:46:42Z,upstream,https://github.com/sakthipriyan/financial-data/raw/fa278a509a956062c41aae859b9818bcba95779a/src/sbi-fx-card-rates/2025/2025-07-09.pdf
sbi/forex-card-rates/2025/2025-07-10.pdf,dd9599bf4c3021fdef52a460e3864b4920ee5858a524cf27e7298912ed5c78d3,150891,application/pdf,2026-10-02T17:46:42Z,upstream,https://github.com/sakthipriyan/financial-data/raw/fa278a509a956062c41aae859b9818bcba95779a/src/sbi-fx-card-rates/2025/2025-07-10.pdf
sbi/forex-card-rates/2025/2025-07-11.pdf,223a6bb648b42948a6e5de770ab922525279aa41b26d6e99a33912f6a359c9db,150911,application/pdf,2026-10-02T17:46:42Z,upstream,https://github.com/sakthipriyan/financial-data/raw/fa278a509a956062c41aae859b9818bcba95779a/src/sbi-fx-card-rates/2025/2025-07-11.pdf
sbi/forex-card-rates/2025/2025-07-14.pdf,9344240fd5538002e19c007af0330286a064f0a24536e5d932c99d4bce4a8121,150893,application/pdf,2026-10-02T17:46:42Z,upstream,https://github.com/sakthipriyan/financial-data/raw/fa278a509a956062c41aae859b9818bcba95779a/src/sbi-fx-card-rates/2025/2025-07-14.pdf
sbi/forex-card-rates/2025/2025-07-15.pdf,edb0a880f681be1752112f59f933301212f464386516b4b8fc32339b2c9896e1,150899,application/pdf,2026-10-02T17:46:42Z,upstream,https://github.com/sakthipriyan/financial-data/raw/fa278a509a956062c41aae859b9818bcba95779a/src/sbi-fx-card-rates/2025/2025-07-15.pdf
sbi/forex-card-rates/2025/2025-07-16.pdf,af824e9ae8aea20315ef74822693aecb95d38615a6b579a080b05450cd8a27d9,150907,application/pdf,2026-10-02T17:46:42Z,upstream,https://github.com/sakthipriyan/financial-data/raw/fa278a509a956062c41aae859b9818bcba95779a/src/sbi-fx-card-rates/2025/2025-07-16.pdf
sbi/forex-card-rates/2025/2025-07-17.pdf,9731ac0b2ed0e43081d00a4630ff396554156ce85bb91052dfe44bd2208852c4,150918,application/pdf,2026-10-02T17:46:42Z,upstream,https://github.com/sakthipriyan/financial-data/raw/fa278a509a956062c41aae859b9818bcba95779a/src/sbi-fx-card-rates/2025/2025-07-17.pdf
sbi/forex-card-rates/2025/2025-07-18.pdf,dec6642169ca0fb49a704914cdf1f68c9d58de333ce71fe1de332615d95907a9,150890,application/pdf,2026-10-02T17:46:42Z,upstream,https://github.com/sakthipriyan/financial-data/raw/fa278a509a956062c41aae859b9818bcba95779a/src/sbi-fx-card-rates/2025/2025-07-18.pdf
sbi/forex-card-rates/2025/2025-07-19.pdf,413114d262b2cdb0d65eb38026863f7061443adb221936794382a64c99c4a07f,150906,application/pdf,2026-10-02T17:46:42Z,upstream,https://github.com/sakthipriyan/financial-data/raw/fa278a509a956062c41aae859b9818bcba95779a/src/sbi-fx-card-rates/2025/2025-07-19.pdf
sbi/forex-card-rates/2025/2025-07-21.pdf,bf91fe274a0062271a33a50a1730881eeafce9faf0abaf2c12e45d56cbb2e279,150897,application/pdf,2026-10-02T17:46:42Z,upstream,https://github.com/sakthipriyan/financial-data/raw/fa278a509a956062c41aae859b9818bcba95779a/src/sbi-fx-card-rates/2025/2025-07-21.pdf
sbi/forex-card-rates/2025/2025-07-22.pdf,c1e54f98e350ccf105a907270f93110ee9f20af6b7fead28b638b0b0b9279a38,150910,application/pdf,2026-10-02T17:46:42Z,upstream,https://github.com/sakthipriyan/financial-data/raw/fa278a509a956062c41aae859b9818bcba95779a/src/sbi-fx-card-rates/2025/2025-07-22.pdf
sbi/forex-card-rates/2025/2025-07-23.pdf,bd22a47d952c658414ea0fd0014ae4c3f56eedb303f05a1b78ec0c9829b38db5,150908,application/pdf,2026-10-02T17:46:42Z,upstream,https://github.com/sakthipriyan/financial-data/raw/fa278a509a956062c41aae859b9818bcba95779a/src/sbi-fx-card-rates/2025/2025-07-23.pdf
sbi/forex-card-rates/2025/2025-07-24.pdf,02296c2e99af1fd4d84f803e2c6c2f36f5489884c5f1f67ba5f3b909d18c3b0f,150910,application/pdf,2026-10-02T17:46:42Z,upstream,https://github.com/sakthipriyan/financial-data/raw/fa278a509a956062c41aae859b9818bcba95779a/src/sbi-fx-card-rates/2025/2025-07-24.pdf
sbi/forex-card-rates/2025/2025-07-25.pdf,e9336b00a03a8b21f3154df1614e6f539888784d2f3f0e803a28c4f84d7f4041,150877,application/pdf,2026-10-02T17:46:42Z,upstream,https://github.com/sakthipriyan/financial-data/raw/fa278a509a956062c41aae859b9818bcba95779a/src/sbi-fx-card-rates/2025/2025-07-25.pdf
sbi/forex-card-rates/2025/2025-07-28.pdf,5ceceb79e7db2767de3b7376c7a69fffb2a23517d39bd5b4c33c95a6efa741e1,150897,application/pdf,2026-10-02T17:46:42Z,upstream,https://github.com/sakthipriyan/financial-data/raw/fa278a509a956062c41aae859b9818bcba95779a/src/sbi-fx-card-rates/2025/2025-07-28.pdf
sbi/forex-card-rates/2025/2025-07-29.pdf,bfffd6fc7d557622aaa787173aa18b805c42abfd24991c371eea7dea8e28631c,150919,application/pdf,2026-10-02T17:46:42Z,upstream,https://github.com/sakthipriyan/financial-data/raw/fa278a509a956062c41aae859b9818bcba95779a/src/sbi-fx-card-rates/2025/2025-07-29.pdf
sbi/forex-card-rates/2025/2025-07-30.pdf,08d07bce22d28527941b0736665e1b849c8314d26e92788ba98e19a94dcaf017,150908,application/pdf,2026-10-02T17:46:42Z,upstream,https://github.com/sakthipriyan/financial-data/raw/fa278a509a956062c41aae859b9818bcba95779a/src/sbi-fx-card-rates/2025/2025-07-30.pdf
sbi/forex-card-rates/2025/2025-07-31.pdf,a3c02199330f3c442e644e03e2c3ce2e54808c80d7ac47a40c987f56801349c6,150911,application/pdf,2026-10-02T17:46:42Z,upstream,https://github.com/sakthipriyan/financial-data/raw/fa278a509a956062c41aae859b9818bcba95779a/src/sbi-fx-card-rates/2025/2025-07-31.pdf
sbi/forex-card-rates/2025/2025-08-01.pdf,b3012888a5c272f40b6aa398a67cd291f9683143e12da205820cfda8eb1e91c3,150906,application/pdf,2026-10-02T17:46:42Z,upstream,https://github.com/sakthipriyan/financial-data/raw/fa278a509a956062c41aae859b9818bcba95779a/src/sbi-fx-card-rates/2025/2025-08-01.pdf
sbi/forex-card-rates/2025/2025-08-02.pdf,14d2c189329fa3b81446eb169faf701555d7c73e438b7abe417b29d8d14dcded,150893,application/pdf,2026-10-02T17:46:42Z,upstream,https://github.com/sakthipriyan/financial-data/raw/fa278a509a956062c41aae859b9818bcba95779a/src/sbi-fx-card-rates/2025/2025-08-02.pdf
sbi/forex-card-rates/2025/2025-08-04.pdf,8d8bf5083853fc250a4f6303da9ce11a07d3d9e6cc636ebe7173f48b0b15fcc6,150900,application/pdf,2026-10-02T17:46:42Z,upstream,https://github.com/sakthipriyan/financial-data/raw/fa278a509a956062c41aae859b9818bcba95779a/src/sbi-fx-card-rates/2025/2025-08-04.pdf
sbi/forex-card-rates/2025/2025-08-05.pdf,738d0b69a8e42e4dbb217b88759363d24176d4b334c5e16aa013b2be4f51da5d,150897,application/pdf,2026-10-02T17:46:42Z,upstream,https://github.com/sakthipriyan/financial-data/raw/fa278a509a956062c41aae859b9818bcba95779a/src/sbi-fx-card-rates/2025/2025-08-05.pdf
sbi/forex-card-rates/2025/2025-08-06.pdf,5d2389c9e1c1864370e76cac51ed70b853bc6c066fee0e944ace48e97dbdd00e,150907,application/pdf,2026-10-02T17:46:42Z,upstream,https://github.com/sakthipriyan/financial-data/raw/fa278a509a956062c41aae859b9818bcba95779a/src/sbi-fx-card-rates/2025/2025-08-06.pdf
sbi/forex-card-rates/2025/2025-08-07.pdf,f4b472500073d1ffff0f106877dfb4c60a323337db4ad1878e8cce62b713217d,150900,application/pdf,2026-10-02T17:46:42Z,upstream,https://github.com/sakthipriyan/financial-data/raw/fa278a509a956062c41aae859b9818bcba95779a/src/sbi-fx-card-rates/2025/2025-08-07.pdf
sbi/forex-card-rates/2025/2025-08-08.pdf,eeee646071dfc8d3787e1003d1fd814899e45f2752835b646a2a40665554158d,150890,application/pdf,2026-10-02T17:46:42Z,upstream,https://github.com/sakthipriyan/financial-data/raw/fa278a509a956062c41aae859b9818bcba95779a/src/sbi-fx-card-rates/2025/2025-08-08.pdf
sbi/forex-card-rates/2025/2025-08-11.pdf,6f7e30d39a763d773e5d178a10c0379d606df80b6de84b7723d2a0b029fd9baf,150893,application/pdf,2026-10-02T17:46:42Z,upstream,https://github.com/sakthipriyan/financial-data/raw/fa278a509a956062c41aae859b9818bcba95779a/src/sbi-fx-card-rates/2025/2025-08-11.pdf
sbi/forex-card-rates/2025/2025-08-12.pdf,2feeace65943d9616bd780fc0893e1577c3c61b1cd5e6547a2b0f4ddb6ebfc11,150911,application/pdf,2026-10-02T17:46:42Z,upstream,https://github.com/sakthipriyan/financial-data/raw/fa278a509a956062c41aae859b9818bcba95779a/src/sbi-fx-card-rates/2025/2025-08-12.pdf
sbi/forex-card-rates/2025/2025-08-13.pdf,30b4e960d6dbf4e29c775a808aed807e773fffd122560ceb81a265ba7f5c6121,150892,application/pdf,2026-10-02T17:46:42Z,upstream,https://github.com/sakthipriyan/financial-data/raw/fa278a509a956062c41aae859b9818bcba95779a/src/sbi-fx-card-rates/2025/2025-08-13.pdf
sbi/forex-card-rates/2025/2025-08-14.pdf,69f6204bfcea2ff49fc73ef8f85c06cb43ac1db3fe6a5cf251483cdbf0078ff9,150906,application/pdf,2026-10-02T17:46:42Z,upstream,https://github.com/sakthipriyan/financial-data/raw/fa278a509a956062c41aae859b9818bcba95779a/src/sbi-fx-card-rates/2025/2025-08-14.pdf
sbi/forex-card-rates/2025/2025-08-16.pdf,15782154afe7c7589ff21356bfcca2c5e527080f5d3c601407def07ae20b2a66,150885,application/pdf,2026-10-02T17:46:42Z,upstream,https://github.com/sakthipriyan/financial-data/raw/fa278a509a956062c41aae859b9818bcba95779a/src/sbi-fx-card-rates/2025/2025-08-16.pdf
sbi/forex-card-rates/2025/2025-08-18.pdf,e80e5f2a9689a22cc640453209aed48b4ad36a33cd1d44ac10e9cc8d983e4189,150888,application/pdf,2026-10-02T17:46:42Z,upstream,https://github.com/sakthipriyan/financial-data/raw/fa278a509a956062c41aae859b9818bcba95779a/src/sbi-fx-card-rates/2025/2025-08-18.pdf
sbi/forex-card-rates/2025/2025-08-19.pdf,31db817c76b79f0a94e9cd2b8334e5726a39b6c6f1422a76a7f33c4bb2bf3a17,150906,application/pdf,2026-10-02T17:46:42Z,upstream,https://github.com/sakthipriyan/financial-data/raw/fa278a509a956062c41aae859b9818bcba95779a/src/sbi-fx-card-rates/2025/2025-08-19.pdf
sbi/forex-card-rates/2025/2025-08-20.pdf,884d495d46e5a2cfd43dc148186b75be4bdcf2d89f60c4a701e3d4c04581f21d,150923,application/pdf,2026-10-02T17:46:42Z,upstream,https://github.com/sakthipriyan/financial-data/raw/fa278a509a956062c41aae859b9818bcba95779a/src/sbi-fx-card-rates/2025/2025-08-20.pdf
sbi/forex-card-rates/2025/2025-08-21.pdf,cffc6765e86c9b24feab0691399e40b62701665bb298987316e618a023b4159f,150903,application/pdf,2026-10-02T17:46:42Z,upstream,https://github.com/sakthipriyan/financial-data/raw/fa278a509a956062c41aae859b9818bcba95779a/src/sbi-fx-card-rates/2025/2025-08-21.pdf
sbi/forex-card-rates/2025/2025-08-22.pdf,5326ecb2084e5182a63f75b64b395800fd34fd8fb6fb35d50a8bebc5516a260b,150900,application/pdf,2026-10-02T17:46:42Z,upstream,https://github.com/sakthipriyan/financial-data/raw/fa278a509a956062c41aae859b9818bcba95779a/src/sbi-fx-card-rates/2025/2025-08-22.pdf
sbi/forex-card-rates/2025/2025-08-25.pdf,f5fd29ed9442a3717b0d58d0ca58612e800dfe5016fe90e54cfa382c1f31b76a,150921,application/pdf,2026-10-02T17:46:42Z,upstream,https://github.com/sakthipriyan/financial-data/raw/fa278a509a956062c41aae859b9818bcba95779a/src/sbi-fx-card-rates/2025/2025-08-25.pdf
sbi/forex-card-rates/2025/2025-08-26.pdf,9bfc11d53f5d44bffa032afcd4ce05595e91824c514f5434e8bae4dd1d6cb08d,150891,application/pdf,2026-10-02T17:46:42Z,upstream,https://github.com/sakthipriyan/financial-data/raw/fa278a509a956062c41aae859b9818bcba95779a/src/sbi-fx-card-rates/2025/2025-08-26.pdf
sbi/forex-card-rates/2025/2025-08-28.pdf,71cc36c290e9d6f169938f3fc37eb0cdf85a7b8bbe9ab61cfc21c69ef3f7d912,150914,application/pdf,2026-10-02T17:46:42Z,upstream,https://github.com/sakthipriyan/financial-data/raw/fa278a509a956062c41aae859b9818bcba95779a/src/sbi-fx-card-rates/2025/2025-08-28.pdf
sbi/forex-card-rates/2025/2025-08-29.pdf,3b0b84b6de24af0b283f05ccfe351b2d8b4cc366c00a2b5f99bbfaf687923b88,150907,application/pdf,2026-10-02T17:46:42Z,upstream,https://github.com/sakthipriyan/financial-data/raw/fa278a509a956062c41aae859b9818bcba95779a/src/sbi-fx-card-rates/2025/2025-08-29.pdf
sbi/forex-card-rates/2025/2025-08-30.pdf,57f9fb8049b70d2eb2222cf8b46915552f1351a48646bb3fb582b985ee38403f,150914,application/pdf,2026-10-02T17:46:42Z,upstream,https://github.com/sakthipriyan/financial-data/raw/fa278a509a956062c41aae859b9818bcba95779a/src/sbi-fx-card-rates/2025/2025-08-30.pdf
sbi/forex-card-rates/2025/2025-09-01.pdf,6b7286923435a792c85b5fc39798751d33d43f48a2d1580184e707471bdb000c,150907,application/pdf,2026-10-02T17:46:42Z,upstream,https://github.com/sakthipriyan/financial-data/raw/fa278a509a956062c41aae859b9818bcba95779a/src/sbi-fx-card-rates/2025/2025-09-01.pdf
sbi/forex-card-rates/2025/2025-09-02.pdf,79bcc664750c35f93573ecd8f2a2fa70fa0ca09c11a12eb5e0ddc8bcf1b74ade,150876,application/pdf,2026-10-02T17:46:42Z,upstream,https://github.com/sakthipriyan/financial-data/raw/fa278a509a956062c41aae859b9818bcba95779a/src/sbi-fx-card-rates/2025/2025-09-02.pdf
sbi/forex-card-rates/2025/2025-09-03.pdf,bd309093a455ec086a17f1910927dcf45b74a063b450362efd063842fbb75e5d,150881,application/pdf,2026-10-02T17:46:42Z,upstream,https://github.com/sakthipriyan/financial-data/raw/fa278a509a956062c41aae859b9818bcba95779a/src/sbi-fx-card-rates/2025/2025-09-03.pdf
sbi/forex-card-rates/2025/2025-09-04.pdf,2a488a4762be3f24f242d7a6641d5086e270b45abab013654d83084b80176741,150895,application/pdf,2026-10-02T17:46:42Z,upstream,https://github.com/sakthipriyan/financial-data/raw/fa278a509a956062c41aae859b9818bcba95779a/src/sbi-fx-card-rates/2025/2025-09-04.pdf
sbi/forex-card-rates/2025/2025-09-06.pdf,11659302866e3a2bd0ab17e2ac07f3710b11d713f4646c23eb606efc5378482e,150896,application/pdf,2026-10-02T17:46:42Z,upstream,https://github.com/sakthipriyan/financial-data/raw/fa278a509a956062c41aae859b9818bcba95779a/src/sbi-fx-card-rates/2025/2025-09-06.pdf
sbi/forex-card-rates/2025/2025-09-08.pdf,d9727034fbeb31b4a7161e739f20ec689dc40df9a4b54667d3796fd24db2c9b0,150891,application/pdf,2026-10-02T17:46:42Z,upstream,https://github.com/sakthipriyan/financial-data/raw/fa278a509a956062c41aae859b9818bcba95779a/src/sbi-fx-card-rates/2025/2025-09-08.pdf
sbi/forex-card-rates/2025/2025-09-09.pdf,2081732aab6deb12f0e64b9d4e2ed24d9e10ee0e3ee11a37c41c706c6c932ae7,150899,application/pdf,2026-10-02T17:46:42Z,upstream,https://github.com/sakthipriyan/financial-data/raw/fa278a509a956062c41aae859b9818bcba95779a/src/sbi-fx-card-rates/2025/2025-09-09.pdf
sbi/forex-card-rates/2025/2025-09-10.pdf,53750a2dee1654198622a4182d5129a3c4c781858dc244d9fa5f131804440595,150895,application/pdf,2026-10-02T17:46:42Z,upstream,https://github.com/sakthipriyan/financial-data/raw/fa278a509a956062c41aae859b9818bcba95779a/src/sbi-fx-card-rates/2025/2025-09-10.pdf
sbi/forex-card-rates/2025/2025-09-11.pdf,7a8a0238141bf44d3efa0b9ea730335d9be657f3f480abb7afb870c926e3164e,150885,application/pdf,2026-10-02T17:46:42Z,upstream,https://github.com/sakthipriyan/financial-data/raw/fa278a509a956062c41aae859b9818bcba95779a/src/sbi-fx-card-rates/2025/2025-09-11.pdf
sbi/forex-card-rates/2025/2025-09-12.pdf,8c0a841ee0ae858cf3c29b3664de6e9e4696862cf4f173b9991498eb50ff90c1,150880,application/pdf,2026-10-02T17:46:42Z,upstream,https://github.com/sakthipriyan/financial-data/raw/fa278a509a956062c41aae859b9818bcba95779a/src/sbi-fx-card-rates/2025/2025-09-12.pdf
sbi/forex-card-rates/2025/2025-09-15.pdf,d19795119badd44decc3260f94b083df26d146f7007b6053dd266c98870942fb,150900,application/pdf,2026-10-02T17:46:42Z,upstream,https://github.com/sakthipriyan/financial-data/raw/fa278a509a956062c41aae859b9818bcba95779a/src/sbi-fx-card-rates/2025/2025-09-15.pdf
sbi/forex-card-rates/2025/2025-09-16.pdf,0d97e3d3e8983c64794be7765ba4e90b0c67591b35c638cb8684a2f5b58db391,150879,application/pdf,2026-10-02T17:46:42Z,upstream,https://github.com/sakthipriyan/financial-data/raw/fa278a509a956062c41aae859b9818bcba95779a/src/sbi-fx-card-rates/2025/2025-09-16.pdf
sbi/forex-card-rates/2025/2025-09-17.pdf,b20cd5444a5a0f85fd8ed3f4013e56282cfc4915026809991c666719721011eb,150880,application/pdf,2026-10-02T17:46:42Z,upstream,https://github.com/sakthipriyan/financial-data/raw/fa278a509a956062c41aae859b9818bcba95779a/src/sbi-fx-card-rates/2025/2025-09-17.pdf
sbi/forex-card-rates/2025/2025-09-18.pdf,d7faecc1f923cf8cf409c1bc7c656d510023f4057a2b40fba5485866cd169dda,142446,application/pdf,2026-10-02T17:46:42Z,upstream,https://github.com/sakthipriyan/financial-data/raw/fa278a509a956062c41aae859b9818bcba95779a/src/sbi-fx-card-rates/2025/2025-09-18.pdf
sbi/forex-card-rates/2025/2025-09-19.pdf,c2bc34217319392989f57617dea0222fa607cf4f4179e27eadf01dcd2da9c640,142449,application/pdf,2026-10-02T17:46:42Z,upstream,https://github.com/sakthipriyan/financial-data/raw/fa278a509a956062c41aae859b9818bcba95779a/src/sbi-fx-card-rates/2025/2025-09-19.pdf
sbi/forex-card-rates/2025/2025-09-20.pdf,588bb0bfae02c439b22d565b97f6179fd3ca8fb966a76c376a1e0d38ac124b09,142461,application/pdf,2026-10-02T17:46:42Z,upstream,https://github.com/sakthipriyan/financial-data/raw/fa278a509a956062c41aae859b9818bcba95779a/src/sbi-fx-card-rates/2025/2025-09-20.pdf
sbi/forex-card-rates/2025/2025-09-22.pdf,d03ffaddd74c5bd04b6da17397064a9734f037efac3b3279a30821209b2978f8,142457,application/pdf,2026-10-02T17:46:42Z,upstream,https://github.com/sakthipriyan/financial-data/raw/fa278a509a956062c41aae859b9818bcba95779a/src/sbi-fx-card-rates/2025/2025-09-22.pdf
sbi/forex-card-rates/2025/2025-09-23.pdf,b7481d82f50986d52e4c3c8bd6c42a60d171cce47d64165ef57621b8dff67921,142887,application/pdf,2026-10-02T17:46:42Z,upstream,https://github.com/sakthipriyan/financial-data/raw/fa278a509a956062c41aae859b9818bcba95779a/src/sbi-fx-card-rates/2025/2025-09-23.pdf
sbi/forex-card-rates/2025/2025-09-24.pdf,0657ec8f3e8833e45a099f8bb879bb750a9e5666a6634d8db1a06f335f7736db,174758,application/pdf,2026-10-02T17:46:42Z,upstream,https://github.com/sakthipriyan/financial-data/raw/fa278a509a956062c41aae859b9818bcba95779a/src/sbi-fx-card-rates/2025/2025-09-24.pdf
sbi/forex-card-rates/2025/2025-09-25.pdf,3a2d334d35eb5538439c7d6fc845c04977e395a8af5db50a09703c56be8e8167,142594,application/pdf,2026-10-02T17:46:42Z,upstream,https://github.com/sakthipriyan/financial-data/raw/fa278a509a956062c41aae859b9818bcba95779a/src/sbi-fx-card-rates/2025/2025-09-25.pdf
sbi/forex-card-rates/2025/2025-09-26.pdf,81186e835a92949313f46252b7f818f557c8cf6f949a70dc3cadda71ec92aa24,142457,application/pdf,2026-10-02T17:46:42Z,upstream,https://github.com/sakthipriyan/financial-data/raw/fa278a509a956062c41aae859b9818bcba95779a/src/sbi-fx-card-rates/2025/2025-09-26.pdf
sbi/forex-card-rates/2025/2025-09-29.pdf,00fdbc7f84e8c10ce8e0ba0e94971174f1a0c0da4c93a442b79e89b9a3629cd5,142461,application/pdf,2026-10-02T17:46:42Z,upstream,https://github.com/sakthipriyan/financial-data/raw/fa278a509a956062c41aae859b9818bcba95779a/src/sbi-fx-card-rates/2025/2025-09-29.pdf
sbi/forex-card-rates/2025/2025-09-30.pdf,c48dafe0ebcb387b36ea8e5db9837b784590783769fb4b18613655259020dda1,141864,application/pdf,2026-10-02T17:46:42Z,upstream,https://github.com/sakthipriyan/financial-data/raw/fa278a509a956062c41aae859b9818bcba95779a/src/sbi-fx-card-rates/2025/2025-09-30.pdf
sbi/forex-card-rates/2025/2025-10-01.pdf,c6a9b5995051ca2ea7478151cba232a0e02ae5f33a3710a9ecbb67a918c0a749,142568,application/pdf,2026-10-02T17:46:42Z,upstream,https://github.com/sakthipriyan/financial-data/raw/fa278a509a956062c41aae859b9818bcba95779a/src/sbi-fx-card-rates/2025/2025-10-01.pdf
sbi/forex-card-rates/2025/2025-10-03.pdf,f04ed0a8ac36d27449a3e7f201816516dbcf0dc707155defacdb2bc13bad5716,142576,application/pdf,2026-10-02T17:46:42Z,upstream,https://github.com/sakthipriyan/financial-data/raw/fa278a509a956062c41aae859b9818bcba95779a/src/sbi-fx-card-rates/2025/2025-10-03.pdf
sbi/forex-card-rates/2025/2025-10-04.pdf,5ac2bb51818bbe328c86426a4c6acba51715c9c7f0de11d3c35b9afd1bbc6b9d,142563,application/pdf,2026-10-02T17:46:42Z,upstream,https://github.com/sakthipriyan/financial-data/raw/fa278a509a956062c41aae859b9818bcba95779a/src/sbi-fx-card-rates/2025/2025-10-04.pdf
sbi/forex-card-rates/2025/2025-10-06.pdf,7e292c5d44b61ce9c1ea98b9ac4106f46b90ac45e85116bdb87adb3a9dae8aa1,142582,application/pdf,2026-10-02T17:46:42Z,upstream,https://github.com/sakthipriyan/financial-data/raw/fa278a509a956062c41aae859b9818bcba95779a/src/sbi-fx-card-rates/2025/2025-10-06.pdf
sbi/forex-card-rates/2025/2025-10-07.pdf,a973eca6da98543bba7f0ee62fa57552d6e72461b86fbb9bec0c6e083ee6c8e3,142461,application/pdf,2026-10-02T17:46:42Z,upstream,https://github.com/sakthipriyan/financial-data/raw/fa278a509a956062c41aae859b9818bcba95779a/src/sbi-fx-card-rates/2025/2025-10-07.pdf
sbi/forex-card-rates/2025/2025-10-08.pdf,098a4e049848514d06f43648a09ad3c72797d9fd5f1ef9303f8dd489bf115051,142466,application/pdf,2026-10-02T17:46:42Z,upstream,https://github.com/sakthipriyan/financial-data/raw/fa278a509a956062c41aae859b9818bcba95779a/src/sbi-fx-card-rates/2025/2025-10-08.pdf
sbi/forex-card-rates/2025/2025-10-09.pdf,0d18caa0a599f258decf2ced587b33c0d586df0e3cf861260c0e7bfd24c3555b,142461,application/pdf,2026-10-02T17:46:42Z,upstream,https://github.com/sakthipriyan/financial-data/raw/fa278a509a956062c41aae859b9818bcba95779a/src/sbi-fx-card-rates/2025/2025-10-09.pdf
sbi/forex-card-rates/2025/2025-10-10.pdf,bdf7e6c0d4bd548f1ee143bc6725f5d737502586a8018facc38f10b8786e59c1,142437,application/pdf,2026-10-02T17:46:42Z,upstream,https://github.com/sakthipriyan/financial-data/raw/fa278a509a956062c41aae859b9818bcba95779a/src/sbi-fx-card-rates/2025/2025-10-10.pdf
sbi/forex-card-rates/2025/2025-10-13.pdf,950ea8945f5819c887425d77e05a0b018ea5c6c4e5b2ab13200519aa92cffec0,142471,application/pdf,2026-10-02T17:46:42Z,upstream,https://github.com/sakthipriyan/financial-data/raw/fa278a509a956062c41aae859b9818bcba95779a/src/sbi-fx-card-rates/2025/2025-10-13.pdf
sbi/forex-card-rates/2025/2025-10-14.pdf,84495c6a8a70652d597f0f989958df4a12e0baf7c9b8dbb1686ed78cbaf7d50c,142448,application/pdf,2026-10-02T17:46:42Z,upstream,https://github.com/sakthipriyan/financial-data/raw/fa278a509a956062c41aae859b9818bcba95779a/src/sbi-fx-card-rates/2025/2025-10-14.pdf
sbi/forex-card-rates/2025/2025-10-15.pdf,46113493aa75017fb4ce01ea7069be7847efb40a228dd850b96da342c0d133f2,142458,application/pdf,2026-10-02T17:46:42Z,upstream,https://github.com/sakthipriyan/financial-data/raw/fa278a509a956062c41aae859b9818bcba95779a/src/sbi-fx-card-rates/2025/2025-10-15.pdf
sbi/forex-card-rates/2025/2025-10-16.pdf,faee32c15248adc9c1a81374f910e00c80daaa9277dec775dad6035741037e92,142461,application/pdf,2026-10-02T17:46:42Z,upstream,https://github.com/sakthipriyan/financial-data/raw/fa278a509a956062c41aae859b9818bcba95779a/src/sbi-fx-card-rates/2025/2025-10-16.pdf
sbi/forex-card-rates/2025/2025-10-17.pdf,622750004189c6966303d644409c6072266c4181eb568f4e2c27d5326262c284,142446,application/pdf,2026-10-02T17:46:42Z,upstream,https://github.com/sakthipriyan/financial-data/raw/fa278a509a956062c41aae859b9818bcba95779a/src/sbi-fx-card-rates/2025/2025-10-17.pdf
sbi/forex-card-rates/2025/2025-10-18.pdf,94d2b6870a5c1ed18a23a4b147e92daea8019c4f5895bfeee0695138bf143ea8,142448,application/pdf,2026-10-02T17:46:42Z,upstream,https://github.com/sakthipriyan/financial-data/raw/fa278a509a956062c41aae859b9818bcba95779a/src/sbi-fx-card-rates/2025/2025-10-18.pdf
sbi/forex-card-rates/2025/2025-10-20.pdf,1feeffd8790481f5e6362620d55f9b915339ecc856792a74fa5b9c436c2479bc,142458,application/pdf,2026-10-02T17:46:42Z,upstream,https://github.com/sakthipriyan/financial-data/raw/fa278a509a956062c41aae859b9818bcba95779a/src/sbi-fx-card-rates/2025/2025-10-20.pdf
sbi/forex-card-rates/2025/2025-10-23.pdf,adad89f570ec451db6f0b865c010bd2c4801500cfa95990e6502b56921a770dd,142444,application/pdf,2026-10-02T17:46:42Z,upstream,https://github.com/sakthipriyan/financial-data/raw/fa278a509a956062c41aae859b9818bcba95779a/src/sbi-fx-card-rates/2025/2025-10-23.pdf
sbi/forex-card-rates/2025/2025-10-24.pdf,9a5cf7c7a363648c3d64966035eb2c3faa8b41c70b2d59a9db70377d9727e3f1,142456,application/pdf,2026-10-02T17:46:42Z,upstream,https://github.com/sakthipriyan/financial-data/raw/fa278a509a956062c41aae859b9818bcba95779a/src/sbi-fx-card-rates/2025/2025-10-24.pdf
sbi/forex-card-rates/2025/2025-10-27.pdf,e3c0cdb6a11e183526572845417a7173dc1bfa9000c76c6e3e8a4c687b32eb96,142493,application/pdf,2026-10-02T17:46:42Z,upstream,https://github.com/sakthipriyan/financial-data/raw/fa278a509a956062c41aae859b9818bcba95779a/src/sbi-fx-card-rates/2025/2025-10-27.pdf
sbi/forex-card-rates/2025/2025-10-28.pdf,f3694875645bef81a17749d69b1e941aa2e797ccf7f0fca73b8e29867bfd4023,142449,application/pdf,2026-10-02T17:46:42Z,upstream,https://github.com/sakthipriyan/financial-data/raw/fa278a509a956062c41aae859b9818bcba95779a/src/sbi-fx-card-rates/2025/2025-10-28.pdf
sbi/forex-card-rates/2025/2025-10-29.pdf,169aae9bea4c6579ae6942052a6824c53b9b0d6cc031399ef661960bcaf24ef6,142750,application/pdf,2026-10-02T17:46:42Z,upstream,https://github.com/sakthipriyan/financial-data/raw/fa278a509a956062c41aae859b9818bcba95779a/src/sbi-fx-card-rates/2025/2025-10-29.pdf
sbi/forex-card-rates/2025/2025-10-30.pdf,9c64d2a681e329d02afbf9dc09e9fe4f3afff72e94c990e01cbf0540504dd5a7,142727,application/pdf,2026-10-02T17:46:42Z,upstream,https://github.com/sakthipriyan/financial-data/raw/fa278a509a956062c41aae859b9818bcba95779a/src/sbi-fx-card-rates/2025/2025-10-30.pdf
sbi/forex-card-rates/2025/2025-10-31.pdf,4838c51ede230943cdf6669c5e5cd3b9cbcae52fe167e910750c54410d6b7719,142453,application/pdf,2026-10-02T17:46:42Z,upstream,https://github.com/sakthipriyan/financial-data/raw/fa278a509a956062c41aae859b9818bcba95779a/src/sbi-fx-card-rates/2025/2025-10-31.pdf
sbi/forex-card-rates/2025/2025-11-01.pdf,0d7ef48e038008e771e7a18d862fe351280a8f983de7e8b70c1221d36619882d,142441,application/pdf,2026-10-02T17:46:42Z,upstream,https://github.com/sakthipriyan/financial-data/raw/fa278a509a956062c41aae859b9818bcba95779a/src/sbi-fx-card-rates/2025/2025-11-01.pdf
sbi/forex-card-rates/2025/2025-11-03.pdf,7e988d2a69f10c1de910283ed684dffea301b6a01a1ff737a31b5372decd6435,142449,application/pdf,2026-10-02T17:46:42Z,upstream,https://github.com/sakthipriyan/financial-data/raw/fa278a509a956062c41aae859b9818bcba95779a/src/sbi-fx-card-rates/2025/2025-11-03.pdf
sbi/forex-card-rates/2025/2025-11-04.pdf,6c87895942c7573c63f622277e01c2f4caf2a31dfaf7f91bf4a730ce36ecf51b,142463,application/pdf,2026-10-02T17:46:42Z,upstream,https://github.com/sakthipriyan/financial-data/raw/fa278a509a956062c41aae859b9818bcba95779a/src/sbi-fx-card-rates/2025/2025-11-04.pdf
sbi/forex-card-rates/2025/2025-11-06.pdf,3c12e7aa8d9acdc84b145684a290b23266ca462e845bde5c0630555c0c6f4e71,142463,application/pdf,2026-10-02T17:46:42Z,upstream,https://github.com/sakthipriyan/financial-data/raw/fa278a509a956062c41aae859b9818bcba95779a/src/sbi-fx-card-rates/2025/2025-11-06.pdf
sbi/forex-card-rates/2025/2025-11-07.pdf,c253a89a50c8526ff4dcf7034ff0fb1d4f6764f668413c77005cd54414a79bd0,142456,application/pdf,2026-10-02T17:46:42Z,upstream,https://github.com/sakthipriyan/financial-data/raw/fa278a509a956062c41aae859b9818bcba95779a/src/sbi-fx-card-rates/2025/2025-11-07.pdf
sbi/forex-card-rates/2025/2025-11-10.pdf,8d8db1ef3a96b54788f2120fa05d00668be0300bc173d206d39d24eaec749422,142467,application/pdf,2026-10-02T17:46:42Z,upstream,https://github.com/sakthipriyan/financial-data/raw/fa278a509a956062c41aae859b9818bcba95779a/src/sbi-fx-card-rates/2025/2025-11-10.pdf
sbi/forex-card-rates/2025/2025-11-11.pdf,e64f10c63b9a951bed5b4e3b9e330774b8a6f1021d607bff98fd0bf757a3d74a,142463,application/pdf,2026-10-02T17:46:42Z,upstream,https://github.com/sakthipriyan/financial-data/raw/fa278a509a956062c41aae859b9818bcba95779a/src/sbi-fx-card-rates/2025/2025-11-11.pdf
sbi/forex-card-rates/2025/2025-11-12.pdf,e119fd6149e6fd820aaacfed08ea473d85d9710da9747c3989344a31184c7f0e,142461,application/pdf,2026-10-02T17:46:42Z,upstream,https://github.com/sakthipriyan/financial-data/raw/fa278a509a956062c41aae859b9818bcba95779a/src/sbi-fx-card-rates/2025/2025-11-12.pdf
sbi/forex-card-rates/2025/2025-11-13.pdf,ce947f95dc782f57adce8b6d0f82214b566f3e5cb59013b27d1c663522ce29af,142449,application/pdf,2026-10-02T17:46:42Z,upstream,https://github.com/sakthipriyan/financial-data/raw/fa278a509a956062c41aae859b9818bcba95779a/src/sbi-fx-card-rates/2025/2025-11-13.pdf
sbi/forex-card-rates/2025/2025-11-14.pdf,27d2eafb2e8350f9ea9f95fd0888320385f2ee526f9befd6d23ee61dd8eb45dd,142456,application/pdf,2026-10-02T17:46:42Z,upstream,https://github.com/sakthipriyan/financial-data/raw/fa278a509a956062c41aae859b9818bcba95779a/src/sbi-fx-card-rates/2025/2025-11-14.pdf
sbi/forex-card-rates/2025/2025-11-15.pdf,e1e681c6207b30e3c283f850982306a519a3239b504f2aae25b8d97b37318e5a,142452,application/pdf,2026-10-02T17:46:42Z,upstream,https://github.com/sakthipriyan/financial-data/raw/fa278a509a956062c41aae859b9818bcba95779a/src/sbi-fx-card-rates/2025/2025-11-15.pdf
sbi/forex-card-rates/2025/2025-11-17.pdf,58cbae32bf77de6757ad19a07ec5d4cc6ffb4327bac85df51b3b405d6e429d39,142453,application/pdf,2026-10-02T17:46:42Z,upstream,https://github.com/sakthipriyan/financial-data/raw/fa278a509a956062c41aae859b9818bcba95779a/src/sbi-fx-card-rates/2025/2025-11-17.pdf
sbi/forex-card-rates/2025/2025-11-18.pdf,13cc22bfb9be06eb309e766995fa4c0fa8c8ad6069b8f450de11fb0d83a28398,142472,application/pdf,2026-10-02T17:46:42Z,upstream,https://github.com/sakthipriyan/financial-data/raw/fa278a509a956062c41aae859b9818bcba95779a/src/sbi-fx-card-rates/2025/2025-11-18.pdf
sbi/forex-card-rates/2025/2025-11-19.pdf,facede5300b743dd0d001d3dbd68c8fcf5df355a2471bae6151bb16270696419,142481,application/pdf,2026-10-02T17:46:42Z,upstream,https://github.com/sakthipriyan/financial-data/raw/fa278a509a956062c41aae859b9818bcba95779a/src/sbi-fx-card-rates/2025/2025-11-19.pdf
sbi/forex-card-rates/2025/2025-11-20.pdf,1d6b908542998987883706394908941fa4e1b301ff9a51a4baa2c8de2b823039,150899,application/pdf,2026-10-02T17:46:42Z,upstream,https://github.com/sakthipriyan/financial-data/raw/fa278a509a956062c41aae859b9818bcba95779a/src/sbi-fx-card-rates/2025/2025-11-20.pdf
sbi/forex-card-rates/2025/2025-11-21.pdf,9f6c119d0a18f67aeb3e86ae0fc418a270900b06e6b5b391af9d30a546755824,150891,application/pdf,2026-10-02T17:46:42Z,upstream,https://github.com/sakthipriyan/financial-data/raw/fa278a509a956062c41aae859b9818bcba95779a/src/sbi-fx-card-rates/2025/2025-11-21.pdf
sbi/forex-card-rates/2025/2025-11-24.pdf,eca88131a5608a624e913240603ac8a8fafe908bfbb8a689887060ac3d52e495,150897,application/pdf,2026-10-02T17:46:42Z,upstream,https://github.com/sakthipriyan/financial-data/raw/fa278a509a956062c41aae859b9818bcba95779a/src/sbi-fx-card-rates/2025/2025-11-24.pdf
sbi/forex-card-rates/2025/2025-11-25.pdf,6ecd2660cf0bc5682030f182160ce58bf29192e8b5e536a769a9d17b452df312,150897,application/pdf,2026-10-02T17:46:42Z,upstream,https://github.com/sakthipriyan/financial-data/raw/fa278a509a956062c41aae859b9818bcba95779a/src/sbi-fx-card-rates/2025/2025-11-25.pdf
sbi/forex-card-rates/2025/2025-11-26.pdf,b40437114620c38953ec241c298e98f26bf81c97a993cd5e6e859eb6004bdb2a,150900,application/pdf,2026-10-02T17:46:42Z,upstream,https://github.com/sakthipriyan/financial-data/raw/fa278a509a956062c41aae859b9818bcba95779a/src/sbi-fx-card-rates/2025/2025-11-26.pdf
sbi/forex-card-rates/2025/2025-11-27.pdf,b57c50746c428a187f22624460718f6dc940b8f98ac948225d3da289f951dff7,150900,application/pdf,2026-10-02T17:46:42Z,upstream,https://github.com/sakthipriyan/financial-data/raw/fa278a509a956062c41aae859b9818bcba95779a/src/sbi-fx-card-rates/2025/2025-11-27.pdf
sbi/forex-card-rates/2025/2025-11-28.pdf,47b4d174ad2bd1cf7c6b6b87a7a2e3b053302a8d8fc9cfdb6313d15c5d12f6a8,150890,application/pdf,2026-10-02T17:46:42Z,upstream,https://github.com/sakthipriyan/financial-data/raw/fa278a509a956062c41aae859b9818bcba95779a/src/sbi-fx-card-rates/2025/2025-11-28.pdf
sbi/forex-card-rates/2025/2025-11-29.pdf,0ab60f35122452a6c1c8f8ef6ab94d367a255e8d1c31b6a3710f794c5300c295,150897,application/pdf,2026-10-02T17:46:42Z,upstream,https://github.com/sakthipriyan/financial-data/raw/fa278a509a956062c41aae859b9818bcba95779a/src/sbi-fx-card-rates/2025/2025-11-29.pdf
sbi/forex-card-rates/2025/2025-12-01.pdf,f5427529cc642f297eefe1b6d539c0a5c287177c46ed98f87e132e6b0c8e1fad,150883,application/pdf,2026-10-02T17:46:42Z,upstream,https://github.com/sakthipriyan/financial-data/raw/fa278a509a956062c41aae859b9818bcba95779a/src/sbi-fx-card-rates/2025/2025-12-01.pdf
sbi/forex-card-rates/2025/2025-12-02.pdf,a5f527c698ef84726ed82ad9963f5d27fe450fc7d37ca4577ee2fd70620dbda8,150885,application/pdf,2026-10-02T17:46:42Z,upstream,https://github.com/sakthipriyan/financial-data/raw/fa278a509a956062c41aae859b9818bcba95779a/src/sbi-fx-card-rates/2025/2025-12-02.pdf
sbi/forex-card-rates/2025/2025-12-03.pdf,0019963661fb2bd4ebb15bbcf63e7965bffbac1f18efc0b2c121f2884dd9113e,150880,application/pdf,2026-10-02T17:46:42Z,upstream,https://github.com/sakthipriyan/financial-data/raw/fa278a509a956062c41aae859b9818bcba95779a/src/sbi-fx-card-rates/2025/2025-12-03.pdf
sbi/forex-card-rates/2025/2025-12-04.pdf,e93ee881405e6c247020ae665fc63c2cd085e0349b447844e8e5bfb582c38236,150885,application/pdf,2026-10-02T17:46:42Z,upstream,https://github.com/sakthipriyan/financial-data/raw/fa278a509a956062c41aae859b9818bcba95779a/src/sbi-fx-card-rates/2025/2025-12-04.pdf
sbi/forex-card-rates/2025/2025-12-05.pdf,a38d0555185d0971a194a8a047f771fc59698242d1ffb780714933674a3ca076,150896,application/pdf,2026-10-02T17:46:42Z,upstream,https://github.com/sakthipriyan/financial-data/raw/fa278a509a956062c41aae859b9818bcba95779a/src/sbi-fx-card-rates/2025/2025-12-05.pdf
sbi/forex-card-rates/2025/2025-12-06.pdf,1f443eaa72ab51fb14de4193a12752d573a2ef359d41f194c36ec25b975d5901,150874,application/pdf,2026-10-02T17:46:42Z,upstream,https://github.com/sakthipriyan/financial-data/raw/fa278a509a956062c41aae859b9818bcba95779a/src/sbi-fx-card-rates/2025/2025-12-06.pdf
sbi/forex-card-rates/2025/2025-12-08.pdf,88d8f4524d170aaba375dc84bb0192051d6ec506b720fdc3e5cbdaf41c879a44,150874,application/pdf,2026-10-02T17:46:42Z,upstream,https://github.com/sakthipriyan/financial-data/raw/fa278a509a956062c41aae859b9818bcba95779a/src/sbi-fx-card-rates/2025/2025-12-08.pdf
sbi/forex-card-rates/2025/2025-12-09.pdf,a2309f8b3f8042951f685002bce876c4a5d12dba97397d93e69e0ddef98d9632,150877,application/pdf,2026-10-02T17:46:42Z,upstream,https://github.com/sakthipriyan/financial-data/raw/fa278a509a956062c41aae859b9818bcba95779a/src/sbi-fx-card-rates/2025/2025-12-09.pdf
sbi/forex-card-rates/2025/2025-12-10.pdf,2ba25737004a7940c22c1a80dc2757bfe1929ae59b7d03279c1c92e2ac4f66a3,150883,application/pdf,2026-10-02T17:46:42Z,upstream,https://github.com/sakthipriyan/financial-data/raw/fa278a509a956062c41aae859b9818bcba95779a/src/sbi-fx-card-rates/2025/2025-12-10.pdf
sbi/forex-card-rates/2025/2025-12-11.pdf,6f95039db9e4ccd68496597792c49e3b6fce85d56b1592b84011185615c1bd52,150890,application/pdf,2026-10-02T17:46:42Z,upstream,https://github.com/sakthipriyan/financial-data/raw/fa278a509a956062c41aae859b9818bcba95779a/src/sbi-fx-card-rates/2025/2025-12-11.pdf
sbi/forex-card-rates/2025/2025-12-12.pdf,8e167a12123b336ba365a53fbac589eb9bb5ea20e47ded0508c430c2e09daff3,150898,application/pdf,2026-10-02T17:46:42Z,upstream,https://github.com/sakthipriyan/financial-data/raw/fa278a509a956062c41aae859b9818bcba95779a/src/sbi-fx-card-rates/2025/2025-12-12.pdf
sbi/forex-card-rates/2025/2025-12-15.pdf,8a180fad653323954b2efd06ccb6a2b11e9fdff596c4f9c722de6b458dd7d69b,150888,application/pdf,2026-10-02T17:46:42Z,upstream,https://github.com/sakthipriyan/financial-data/raw/fa278a509a956062c41aae859b9818bcba95779a/src/sbi-fx-card-rates/2025/2025-12-15.pdf
sbi/forex-card-rates/2025/2025-12-16.pdf,5640eb08b3494a6614db2a2705f0a67df5b1d7ea5875076b3351c3bfb4077162,150894,application/pdf,2026-10-02T17:46:42Z,upstream,https://github.com/sakthipriyan/financial-data/raw/fa278a509a956062c41aae859b9818bcba95779a/src/sbi-fx-card-rates/2025/2025-12-16.pdf
sbi/forex-card-rates/2025/2025-12-17.pdf,857f8123b462f490da9dda47fca17b52a2a2e362214fec4df382baf536de9aeb,150896,application/pdf,2026-10-02T17:46:42Z,upstream,https://github.com/sakthipriyan/financial-data/raw/fa278a509a956062c41aae859b9818bcba95779a/src/sbi-fx-card-rates/2025/2025-12-17.pdf
sbi/forex-card-rates/2025/2025-12-18.pdf,5b781cdd5732cab27f493b3f05569e95b54f4db46f3c9c22ba157ac9d08e0e30,150899,application/pdf,2026-10-02T17:46:42Z,upstream,https://github.com/sakthipriyan/financial-data/raw/fa278a509a956062c41aae859b9818bcba95779a/src/sbi-fx-card-rates/2025/2025-12-18.pdf
sbi/forex-card-rates/2025/2025-12-19.pdf,764e09f18b30dbe06f785a0ea7f5275c477fe320ef6fb805fadca098f59a87d4,150896,application/pdf,2026-10-02T17:46:42Z,upstream,https://github.com/sakthipriyan/financial-data/raw/fa278a509a956062c41aae859b9818bcba95779a/src/sbi-fx-card-rates/2025/2025-12-19.pdf
sbi/forex-card-rates/2025/2025-12-20.pdf,8c68522895f67dbbc728572d2f590f0e3517fcf1ee314f27328248ae98d28b8f,150899,application/pdf,2026-10-02T17:46:42Z,upstream,https://github.com/sakthipriyan/financial-data/raw/fa278a509a956062c41aae859b9818bcba95779a/src/sbi-fx-card-rates/2025/2025-12-20.pdf
sbi/forex-card-rates/2025/2025-12-22.pdf,4449527335116606bdc145b1d7c039c92b06bb42fd281912b97c074d1dc7b195,150907,application/pdf,2026-10-02T17:46:42Z,upstream,https://github.com/sakthipriyan/financial-data/raw/fa278a509a956062c41aae859b9818bcba95779a/src/sbi-fx-card-rates/2025/2025-12-22.pdf
sbi/forex-card-rates/2025/2025-12-23.pdf,0d74c7419a766e3cf9291d82da7d1cae07357b56fb0b89b976da23faf1e584b8,150900,application/pdf,2026-10-02T17:46:42Z,upstream,https://github.com/sakthipriyan/financial-data/raw/fa278a509a956062c41aae859b9818bcba95779a/src/sbi-fx-card-rates/2025/2025-12-23.pdf
sbi/forex-card-rates/2025/2025-12-24.pdf,33f25b098bb3e0c426cef0494f05cad387d62df517a61e3df244658a470ac6fa,150885,application/pdf,2026-10-02T17:46:42Z,upstream,https://github.com/sakthipriyan/financial-data/raw/fa278a509a956062c41aae859b9818bcba95779a/src/sbi-fx-card-rates/2025/2025-12-24.pdf
sbi/forex-card-rates/2025/2025-12-26.pdf,5edfe00727c9cba5d63f58ea5ee79a928a2d2b7e97a8b0184cf39bd51c801b2d,150890,application/pdf,2026-10-02T17:46:42Z,upstream,https://github.com/sakthipriyan/financial-data/raw/fa278a509a956062c41aae859b9818bcba95779a/src/sbi-fx-card-rates/2025/2025-12-26.pdf
sbi/forex-card-rates/2025/2025-12-29.pdf,15ad613f6a0680aa4bfbffd23a90872c17733002416308aa40049f1c4185240c,150906,application/pdf,2026-10-02T17:46:42Z,upstream,https://github.com/sakthipriyan/financial-data/raw/fa278a509a956062c41aae859b9818bcba95779a/src/sbi-fx-card-rates/2025/2025-12-29.pdf
sbi/forex-card-rates/2025/2025-12-30.pdf,b1ce9ad9c27c29416f53a0c3624f95c256271a5da4785e503237f461b7a7e9c9,150892,application/pdf,2026-10-02T17:46:42Z,upstream,https://github.com/sakthipriyan/financial-data/raw/fa278a509a956062c41aae859b9818bcba95779a/src/sbi-fx-card-rates/2025/2025-12-30.pdf
sbi/forex-card-rates/2025/2025-12-31.pdf,d684574a4f6d14f3728164a1800e294168e7edfba7e2bde425bcfb2e1b978005,150895,application/pdf,2026-10-02T17:46:42Z,upstream,https://github.com/sakthipriyan/financial-data/raw/fa278a509a956062c41aae859b9818bcba95779a/src/sbi-fx-card-rates/2025/2025-12-31.pdf
sbi/forex-card-rates/2026/2026-01-01.pdf,c312d6d30d84a0f5f6e63c76213238f999e4b3da965ac2c4e4fe8861b32cdc91,150892,application/pdf,2026-10-02T17:46:42Z,upstream,https://github.com/sakthipriyan/financial-data/raw/fa278a509a956062c41aae859b9818bcba95779a/src/sbi-fx-card-rates/2026/2026-01-01.pdf
sbi/forex-card-rates/2026/2026-01-02.pdf,3804f4aa47c0cb78aa77fe0486169d9fb23c85089b385bc2c7e35304927968df,150906,application/pdf,2026-10-02T17:46:42Z,upstream,https://github.com/sakthipriyan/financial-data/raw/fa278a509a956062c41aae859b9818bcba95779a/src/sbi-fx-card-rates/2026/2026-01-02.pdf
sbi/forex-card-rates/2026/2026-01-03.pdf,f752c71352a6046456682ecd374ff4e8794269919243f6715d83b1652f3ca361,150891,application/pdf,2026-10-02T17:46:42Z,upstream,https://github.com/sakthipriyan/financial-data/raw/fa278a509a956062c41aae859b9818bcba95779a/src/sbi-fx-card-rates/2026/2026-01-03.pdf
sbi/forex-card-rates/2026/2026-01-05.pdf,0eecbf714eed95bfc608fc7e223300a11e0fb339406287e41f24db868f521478,150906,application/pdf,2026-10-02T17:46:42Z,upstream,https://github.com/sakthipriyan/financial-data/raw/fa278a509a956062c41aae859b9818bcba95779a/src/sbi-fx-card-rates/2026/2026-01-05.pdf
sbi/forex-card-rates/2026/2026-01-06.pdf,3e9cee7631e72bf2dbc5ccdd4db1f14229523c5d1e5f2350e0d4268715eb6637,150907,application/pdf,2026-10-02T17:46:42Z,upstream,https://github.com/sakthipriyan/financial-data/raw/fa278a509a956062c41aae859b9818bcba95779a/src/sbi-fx-card-rates/2026/2026-01-06.pdf
sbi/forex-card-rates/2026/2026-01-07.pdf,f605d3157812abd9fb17c7a8b86ce1ee0b141f69ad00118bb0470fb1ff6014ff,150893,application/pdf,2026-10-02T17:46:42Z,upstream,https://github.com/sakthipriyan/financial-data/raw/fa278a509a956062c41aae859b9818bcba95779a/src/sbi-fx-card-rates/2026/2026-01-07.pdf
sbi/forex-card-rates/2026/2026-01-08.pdf,5876c9e31d75cce4b35987d3950607d8ef137d390527b3cda8fe8132fd96ff6b,150900,application/pdf,2026-10-02T17:46:42Z,upstream,https://github.com/sakthipriyan/financial-data/raw/fa278a509a956062c41aae859b9818bcba95779a/src/sbi-fx-card-rates/2026/2026-01-08.pdf
sbi/forex-card-rates/2026/2026-01-09.pdf,f23f48c6e08927d696d34631602b49cd7e1adb9db5d817dce303cec473671dcf,150907,application/pdf,2026-10-02T17:46:42Z,upstream,https://github.com/sakthipriyan/financial-data/raw/fa278a509a956062c41aae859b9818bcba95779a/src/sbi-fx-card-rates/2026/2026-01-09.pdf
sbi/forex-card-rates/2026/2026-01-12.pdf,1fc2283a73915e7761d71ab25a45ccbdc224174dc348533ef6079989ef5b428e,150897,application/pdf,2026-10-02T17:46:42Z,upstream,https://github.com/sakthipriyan/financial-data/raw/fa278a509a956062c41aae859b9818bcba95779a/src/sbi-fx-card-rates/2026/2026-01-12.pdf
sbi/forex-card-rates/2026/2026-01-13.pdf,6124c0da8f31280820c52013c179b0c2cb1d2059e0432707f01282d6059a3c4a,150914,application/pdf,2026-10-02T17:46:42Z,upstream,https://github.com/sakthipriyan/financial-data/raw/fa278a509a956062c41aae859b9818bcba95779a/src/sbi-fx-card-rates/2026/2026-01-13.pdf
sbi/forex-card-rates/2026/2026-01-14.pdf,7652043cf16416310f0ac8024d8dc29bfeb0ef3d214360bc81210f9311c737a6,150891,application/pdf,2026-10-02T17:46:42Z,upstream,https://github.com/sakthipriyan/financial-data/raw/fa278a509a956062c41aae859b9818bcba95779a/src/sbi-fx-card-rates/2026/2026-01-14.pdf
sbi/forex-card-rates/2026/2026-01-16.pdf,26ab3376fb4a24efe26c1da1f899d4974bfd257371abfad3d7c244d7407c8715,150895,application/pdf,2026-10-02T17:46:42Z,upstream,https://github.com/sakthipriyan/financial-data/raw/fa278a509a956062c41aae859b9818bcba95779a/src/sbi-fx-card-rates/2026/2026-01-16.pdf
sbi/forex-card-rates/2026/2026-01-17.pdf,eeb227d2fe9be26860c5d8d93f58f74df26c0ffa28c3cb5cc7a1c5b232fe3477,150900,application/pdf,2026-10-02T17:46:42Z,upstream,https://github.com/sakthipriyan/financial-data/raw/fa278a509a956062c41aae859b9818bcba95779a/src/sbi-fx-card-rates/2026/2026-01-17.pdf
sbi/forex-card-rates/2026/2026-01-19.pdf,fb3265d8faa14fc81f1c36657b4cc8390b7058910d9d00782462e70474d6cd77,150881,application/pdf,2026-10-02T17:46:42Z,upstream,https://github.com/sakthipriyan/financial-data/raw/fa278a509a956062c41aae859b9818bcba95779a/src/sbi-fx-card-rates/2026/2026-01-19.pdf
sbi/forex-card-rates/2026/2026-01-20.pdf,55108c19097f907ebd9d74b011d80d8e2f5c2a851c4de8b6929bc99b352b198e,150885,application/pdf,2026-10-02T17:46:42Z,upstream,https://github.com/sakthipriyan/financial-data/raw/fa278a509a956062c41aae859b9818bcba95779a/src/sbi-fx-card-rates/2026/2026-01-20.pdf
sbi/forex-card-rates/2026/2026-01-21.pdf,7be6c05112ae6060b72191a84425302de13a8dc5e59086ff8840141d80548825,154139,application/pdf,2026-10-02T17:46:42Z,upstream,https://github.com/sakthipriyan/financial-data/raw/fa278a509a956062c41aae859b9818bcba95779a/src/sbi-fx-card-rates/2026/2026-01-21.pdf
sbi/forex-card-rates/2026/2026-01-22.pdf,4f5f851d75779b12f0c6dad4074bd6ec91e32f6c1bed5b9a4fa261a3611260cf,154139,application/pdf,2026-10-02T17:46:42Z,upstream,https://github.com/sakthipriyan/financial-data/raw/fa278a509a956062c41aae859b9818bcba95779a/src/sbi-fx-card-rates/2026/2026-01-22.pdf
sbi/forex-card-rates/2026/2026-01-23.pdf,ee3deea1b796ef116a2386e8c3f7d5d10e93e50bd94378df0f7ced247a137fe2,154155,application/pdf,2026-10-02T17:46:42Z,upstream,https://github.com/sakthipriyan/financial-data/raw/fa278a509a956062c41aae859b9818bcba95779a/src/sbi-fx-card-rates/2026/2026-01-23.pdf
sbi/forex-card-rates/2026/2026-01-27.pdf,d59d18e41e458cd050310852389148e9d0600d1ae5a480f882dc0102a94fc29e,154139,application/pdf,2026-10-02T17:46:42Z,upstream,https://github.com/sakthipriyan/financial-data/raw/fa278a509a956062c41aae859b9818bcba95779a/src/sbi-fx-card-rates/2026/2026-01-27.pdf
sbi/forex-card-rates/2026/2026-01-28.pdf,2c8327f671bfaa05d9bb37913dbd710c9dfed822d4a624209138f2d92ec902c2,154151,application/pdf,2026-10-02T17:46:42Z,upstream,https://github.com/sakthipriyan/financial-data/raw/fa278a509a956062c41aae859b9818bcba95779a/src/sbi-fx-card-rates/2026/2026-01-28.pdf
sbi/forex-card-rates/2026/2026-01-29.pdf,778afd4a63f6204a70353da7a403775867d1a1ddb573edfc1a271f274d7a0f72,146096,application/pdf,2026-10-02T17:46:42Z,upstream,https://github.com/sakthipriyan/financial-data/raw/fa278a509a956062c41aae859b9818bcba95779a/src/sbi-fx-card-rates/2026/2026-01-29.pdf
sbi/forex-card-rates/2026/2026-01-30.pdf,e9b3f4eba36d81fcab5bea8ff80cf09c2b0089b3f817bffe57171e1609116604,145838,application/pdf,2026-10-02T17:46:42Z,upstream,https://github.com/sakthipriyan/financial-data/raw/fa278a509a956062c41aae859b9818bcba95779a/src/sbi-fx-card-rates/2026/2026-01-30.pdf
sbi/forex-card-rates/2026/2026-01-31.pdf,6f70eed8f6e55748d63a3b92e019cc68765955dc5a6a518d2bdee9b6b18e23df,146094,application/pdf,2026-10-02T17:46:42Z,upstream,https://github.com/sakthipriyan/financial-data/raw/fa278a509a956062c41aae859b9818bcba95779a/src/sbi-fx-card-rates/2026/2026-01-31.pdf
sbi/forex-card-rates/2026/2026-02-02.pdf,53bfaefa5eda4422605070f856334908e8b919ed4c0eab464727c125645f6efb,146083,application/pdf,2026-10-02T17:46:42Z,upstream,https://github.com/sakthipriyan/financial-data/raw/fa278a509a956062c41aae859b9818bcba95779a/src/sbi-fx-card-rates/2026/2026-02-02.pdf
sbi/forex-card-rates/2026/2026-02-03.pdf,91869bd2c5d7673e30118f029dd13fdeef168db9ea6e9b9c86b429b3d4455a63,146101,application/pdf,2026-10-02T17:46:42Z,upstream,https://github.com/sakthipriyan/financial-data/raw/fa278a509a956062c41aae859b9818bcba95779a/src/sbi-fx-card-rates/2026/2026-02-03.pdf
sbi/forex-card-rates/2026/2026-02-04.pdf,367f4a17e0efcd1355e27fc0e6f9b18656abed32dbddf665b582f7165c48c290,146101,application/pdf,2026-10-02T17:46:42Z,upstream,https://github.com/sakthipriyan/financial-data/raw/fa278a509a956062c41aae859b9818bcba95779a/src/sbi-fx-card-rates/2026/2026-02-04.pdf
sbi/forex-card-rates/2026/2026-02-05.pdf,3c350d8c7e1e0356d1e05b096070a1c194e7715ce362d054db374a0a3522150b,146082,application/pdf,2026-10-02T17:46:42Z,upstream,https://github.com/sakthipriyan/financial-data/raw/fa278a509a956062c41aae859b9818bcba95779a/src/sbi-fx-card-rates/2026/2026-02-05.pdf
sbi/forex-card-rates/2026/2026-02-06.pdf,1e4f608156a67aa5cb18afb5562961e42bdfefee10f9ea4729a6d5b68bbf0c04,145831,application/pdf,2026-10-02T17:46:42Z,upstream,https://github.com/sakthipriyan/financial-data/raw/fa278a509a956062c41aae859b9818bcba95779a/src/sbi-fx-card-rates/2026/2026-02-06.pdf
sbi/forex-card-rates/2026/2026-02-07.pdf,fd2f7166754b98f7e4f15a0d0a91f34edcb4c05d25a241236cb1492497c8a0ef,145813,application/pdf,2026-10-02T17:46:42Z,upstream,https://github.com/sakthipriyan/financial-data/raw/fa278a509a956062c41aae859b9818bcba95779a/src/sbi-fx-card-rates/2026/2026-02-07.pdf
sbi/forex-card-rates/2026/2026-02-09.pdf,145ff79daec48769eec6682feb2bfcd3cd39d067602166a16926792c16f472d9,145841,application/pdf,2026-10-02T17:46:42Z,upstream,https://github.com/sakthipriyan/financial-data/raw/fa278a509a956062c41aae859b9818bcba95779a/src/sbi-fx-card-rates/2026/2026-02-09.pdf
sbi/forex-card-rates/2026/2026-02-10.pdf,bf13b598e569f15a20beb827b6c261f02c384131b855c7245c3452ad1807a68f,145823,application/pdf,2026-10-02T17:46:42Z,upstream,https://github.com/sakthipriyan/financial-data/raw/fa278a509a956062c41aae859b9818bcba95779a/src/sbi-fx-card-rates/2026/2026-02-10.pdf
sbi/forex-card-rates/2026/2026-02-11.pdf,42fff81fb112ca7bd41189598ecd0ac8b3870ba5343ad9c788dd7086ea6f3f10,145831,application/pdf,2026-10-02T17:46:42Z,upstream,https://github.com/sakthipriyan/financial-data/raw/fa278a509a956062c41aae859b9818bcba95779a/src/sbi-fx-card-rates/2026/2026-02-11.pdf
sbi/forex-card-rates/2026/2026-02-12.pdf,23b7f056625045bbe069b7470c4ec60114ba5e97245a3a98c2467cbd66e3ee65,145820,application/pdf,2026-10-02T17:46:42Z,upstream,https://github.com/sakthipriyan/financial-data/raw/fa278a509a956062c41aae859b9818bcba95779a/src/sbi-fx-card-rates/2026/2026-02-12.pdf
sbi/forex-card-rates/2026/2026-02-13.pdf,8891e4fb2b810511e11a11c2ff2d6a166829499c5cab478fca264ed368d6d8dc,146182,application/pdf,2026-10-02T17:46:42Z,upstream,https://github.com/sakthipriyan/financial-data/raw/fa278a509a956062c41aae859b9818bcba95779a/src/sbi-fx-card-rates/2026/2026-02-13.pdf
sbi/forex-card-rates/2026/2026-02-16.pdf,6f641fe9919c1bf09be1195b3810193b0791588c9b1c09e4ea8ba3120348771c,145882,application/pdf,2026-10-02T17:46:42Z,upstream,https://github.com/sakthipriyan/financial-data/raw/fa278a509a956062c41aae859b9818bcba95779a/src/sbi-fx-card-rates/2026/2026-02-16.pdf
sbi/forex-card-rates/2026/2026-02-17.pdf,868358e2fcb8d136433473a061bd74d8e752a2713fe027c179fc56fa41c25b91,145877,application/pdf,2026-10-02T17:46:42Z,upstream,https://github.com/sakthipriyan/financial-data/raw/fa278a509a956062c41aae859b9818bcba95779a/src/sbi-fx-card-rates/2026/2026-02-17.pdf
sbi/forex-card-rates/2026/2026-02-18.pdf,31093572851e09355d83d85491efb2008986e5d830959ba229981ab544239e7d,145864,application/pdf,2026-10-02T17:46:42Z,upstream,https://github.com/sakthipriyan/financial-data/raw/fa278a509a956062c41aae859b9818bcba95779a/src/sbi-fx-card-rates/2026/2026-02-18.pdf
sbi/forex-card-rates/2026/2026-02-20.pdf,a5236291256962c2af9fee9bd3d917bdab19a440154afa6c4e855808071a9ee3,145882,application/pdf,2026-10-02T17:46:42Z,upstream,https://github.com/sakthipriyan/financial-data/raw/fa278a509a956062c41aae859b9818bcba95779a/src/sbi-fx-card-rates/2026/2026-02-20.pdf
sbi/forex-card-rates/2026/2026-02-21.pdf,d2c82d7024b27cbdbc044ec407a271b4f08f74b423ea566f76d1b8a6f6814d24,177873,application/pdf,2026-10-02T17:46:42Z,upstream,https://github.com/sakthipriyan/financial-data/raw/fa278a509a956062c41aae859b9818bcba95779a/src/sbi-fx-card-rates/2026/2026-02-21.pdf
sbi/forex-card-rates/2026/2026-02-23.pdf,85fff5371f9c93059aff011f0679079f3c4a41a3919cb0824796b793af22c55b,145879,application/pdf,2026-10-02T17:46:42Z,upstream,https://github.com/sakthipriyan/financial-data/raw/fa278a509a956062c41aae859b9818bcba95779a/src/sbi-fx-card-rates/2026/2026-02-23.pdf
sbi/forex-card-rates/2026/2026-02-24.pdf,6605d941d8ca75c2982dfe59bc2ee8954335f146e45ddb210591f2d889c774a0,145867,application/pdf,2026-10-02T17:46:42Z,upstream,https://github.com/sakthipriyan/financial-data/raw/fa278a509a956062c41aae859b9818bcba95779a/src/sbi-fx-card-rates/2026/2026-02-24.pdf
sbi/forex-card-rates/2026/2026-02-25.pdf,50f6d7dbda234e5386701fc700014e830e5ae0be0c10c89ea01ac94896010108,233107,application/pdf,2026-10-02T17:46:42Z,upstream,https://github.com/sakthipriyan/financial-data/raw/fa278a509a956062c41aae859b9818bcba95779a/src/sbi-fx-card-rates/2026/2026-02-25.pdf
sbi/forex-card-rates/2026/2026-02-26.pdf,4685a1bae1b3973a2573f3b11aee4b6a6df7c5b54d3a881950d90d4105f8c456,233105,application/pdf,2026-10-02T17:46:42Z,upstream,https://github.com/sakthipriyan/financial-data/raw/fa278a509a956062c41aae859b9818bcba95779a/src/sbi-fx-card-rates/2026/2026-02-26.pdf
sbi/forex-card-rates/2026/2026-02-27.pdf,d8829b2769742dd6059e6db1e73a81a8d85ff8d322885b8f02cc1abe0c40514d,233092,application/pdf,2026-10-02T17:46:42Z,upstream,https://github.com/sakthipriyan/financial-data/raw/fa278a509a956062c41aae859b9818bcba95779a/src/sbi-fx-card-rates/2026/2026-02-27.pdf
sbi/forex-card-rates/2026/2026-03-02.pdf,8c2eb5b40378925814f9755a1f5a303a80df549f2ac98d2a641239d0cbb86ed6,241424,application/pdf,2026-10-02T17:46:42Z,upstream,https://github.com/sakthipriyan/financial-data/raw/fa278a509a956062c41aae859b9818bcba95779a/src/sbi-fx-card-rates/2026/2026-03-02.pdf
sbi/forex-card-rates/2026/2026-03-04.pdf,26c65b517000778402d619d1276683067578808ff69f6b84ad8fcba2205624be,241422,application/pdf,2026-10-02T17:46:42Z,upstream,https://github.com/sakthipriyan/financial-data/raw/fa278a509a956062c41aae859b9818bcba95779a/src/sbi-fx-card-rates/2026/2026-03-04.pdf
sbi/forex-card-rates/2026/2026-03-05.pdf,f06740a70b6c8919ebbc1f20437283e8930c8f225da7678f47ca69b595dd4b9c,233094,application/pdf,2026-10-02T17:46:42Z,upstream,https://github.com/sakthipriyan/financial-data/raw/fa278a509a956062c41aae859b9818bcba95779a/src/sbi-fx-card-rates/2026/2026-03-05.pdf
sbi/forex-card-rates/2026/2026-03-06.pdf,ee25f60573b500b0260509f9a216bb6e47251c2d930d77b84142def20ace36c3,233103,application/pdf,2026-10-02T17:46:42Z,upstream,https://github.com/sakthipriyan/financial-data/raw/fa278a509a956062c41aae859b9818bcba95779a/src/sbi-fx-card-rates/2026/2026-03-06.pdf
sbi/forex-card-rates/2026/2026-03-07.pdf,b7211e4d83c913bc23ccbf79b664b36e260393bbba7a238792503025115bb548,233081,application/pdf,2026-10-02T17:46:42Z,upstream,https://github.com/sakthipriyan/financial-data/raw/fa278a509a956062c41aae859b9818bcba95779a/src/sbi-fx-card-rates/2026/2026-03-07.pdf
sbi/forex-card-rates/2026/2026-03-09.pdf,6abaad83676d46e9b0ea37ba2458e761a2e0e82d7815cf21da31890ca0824358,241418,application/pdf,2026-10-02T17:46:42Z,upstream,https://github.com/sakthipriyan/financial-data/raw/fa278a509a956062c41aae859b9818bcba95779a/src/sbi-fx-card-rates/2026/2026-03-09.pdf
sbi/forex-card-rates/2026/2026-03-10.pdf,d1c216bf4cec239685cd7614d235607070ee62e57a33d80f812fc8d081b2fc15,241410,application/pdf,2026-10-02T17:46:42Z,upstream,https://github.com/sakthipriyan/financial-data/raw/fa278a509a956062c41aae859b9818bcba95779a/src/sbi-fx-card-rates/2026/2026-03-10.pdf
sbi/forex-card-rates/2026/2026-03-11.pdf,bace27bcd6fb541c654aae8951645738e3b783262befc321e0c6ddd557cce244,241443,application/pdf,2026-10-02T17:46:42Z,upstream,https://github.com/sakthipriyan/financial-data/raw/fa278a509a956062c41aae859b9818bcba95779a/src/sbi-fx-card-rates/2026/2026-03-11.pdf
sbi/forex-card-rates/2026/2026-03-12.pdf,9db83ee7b1f4c2083fd12ff2c5bc4eb74f3122d03048728cd7d1d1480cb09da7,241278,application/pdf,2026-10-02T17:46:42Z,upstream,https://github.com/sakthipriyan/financial-data/raw/fa278a509a956062c41aae859b9818bcba95779a/src/sbi-fx-card-rates/2026/2026-03-12.pdf
sbi/forex-card-rates/2026/2026-03-13.pdf,768751de269b2f5f90c4aeb8d23481e02493f542a273b4bdc5a88c1dd5b3e1ad,241286,application/pdf,2026-10-02T17:46:42Z,upstream,https://github.com/sakthipriyan/financial-data/raw/fa278a509a956062c41aae859b9818bcba95779a/src/sbi-fx-card-rates/2026/2026-03-13.pdf
sbi/forex-card-rates/2026/2026-03-16.pdf,63935763fa9957b1df3ecfe23f884d2e67151d6b24fda60687cf4da3412583f0,233131,application/pdf,2026-10-02T17:46:42Z,upstream,https://github.com/sakthipriyan/financial-data/raw/fa278a509a956062c41aae859b9818bcba95779a/src/sbi-fx-card-rates/2026/2026-03-16.pdf
sbi/forex-card-rates/2026/2026-03-17.pdf,dee296eb7941371e1559682ea57d5c9a3b589396989f6f3e753db7f9e2fad66b,233151,application/pdf,2026-10-02T17:46:42Z,upstream,https://github.com/sakthipriyan/financial-data/raw/fa278a509a956062c41aae859b9818bcba95779a/src/sbi-fx-card-rates/2026/2026-03-17.pdf
sbi/forex-card-rates/2026/2026-03-18.pdf,87ffae3e43fec9af9ca7a672d9b4e1d5ea71c056a5d0fdbc865f781b23b29f19,241266,application/pdf,2026-10-02T17:46:42Z,upstream,https://github.com/sakthipriyan/financial-data/raw/fa278a509a956062c41aae859b9818bcba95779a/src/sbi-fx-card-rates/2026/2026-03-18.pdf
sbi/forex-card-rates/2026/2026-03-20.pdf,3bd131d52ef06674a815e85cf447a468c30ce9ef38a6bbd1a104df0e4bce87b4,233136,application/pdf,2026-10-02T17:46:42Z,upstream,https://github.com/sakthipriyan/financial-data/raw/fa278a509a956062c41aae859b9818bcba95779a/src/sbi-fx-card-rates/2026/2026-03-20.pdf
sbi/forex-card-rates/2026/2026-03-23.pdf,497aa086732b87ca181f6ec583e8e106e313a43c8932ce8ff21ca24bdac5e9d9,231484,application/pdf,2026-10-02T17:46:42Z,upstream,https://github.com/sakthipriyan/financial-data/raw/fa278a509a956062c41aae859b9818bcba95779a/src/sbi-fx-card-rates/2026/2026-03-23.pdf
sbi/forex-card-rates/2026/2026-03-24.pdf,160a9ae4d8d6d1ffa7838e075db85f5d5333302c6fb060c5214d7df1c3a8a606,231521,application/pdf,2026-10-02T17:46:42Z,upstream,https://github.com/sakthipriyan/financial-data/raw/fa278a509a956062c41aae859b9818bcba95779a/src/sbi-fx-card-rates/2026/2026-03-24.pdf
sbi/forex-card-rates/2026/2026-03-25.pdf,4906408211efbaea7b47da1be5e940215343c221125c076c53a0e8af93c67546,233122,application/pdf,2026-10-02T17:46:42Z,upstream,https://github.com/sakthipriyan/financial-data/raw/fa278a509a956062c41aae859b9818bcba95779a/src/sbi-fx-card-rates/2026/2026-03-25.pdf
sbi/forex-card-rates/2026/2026-03-27.pdf,51478d4c0e229b7db733aa05908eb22849aae6f73ed716ba40fa81dd27825b19,233374,application/pdf,2026-10-02T17:46:42Z,upstream,https://github.com/sakthipriyan/financial-data/raw/fa278a509a956062c41aae859b9818bcba95779a/src/sbi-fx-card-rates/2026/2026-03-27.pdf
sbi/forex-card-rates/2026/2026-03-30.pdf,cf9126a621337e9e0d79611541d95b9c2a175e36fc8a6778467dacfa65c3d9ef,241297,application/pdf,2026-10-02T17:46:42Z,upstream,https://github.com/sakthipriyan/financial-data/raw/fa278a509a956062c41aae859b9818bcba95779a/src/sbi-fx-card-rates/2026/2026-03-30.pdf
sbi/forex-card-rates/2026/2026-03-31.pdf,4c0b846595b2b9d87b1d057122d7ffed7e55d22e097cf0a9a2f7a303e4a3f5a8,233404,application/pdf,2026-10-02T17:46:42Z,upstream,https://github.com/sakthipriyan/financial-data/raw/fa278a509a956062c41aae859b9818bcba95779a/src/sbi-fx-card-rates/2026/2026-03-31.pdf
sbi/forex-card-rates/2026/2026-04-02.pdf,146a5566c6b62fa9cbad4e0c1d9336ee13e8c0121928bec726f71fea1ca277e2,233374,application/pdf,2026-10-02T17:46:42Z,upstream,https://github.com/sakthipriyan/financial-data/raw/fa278a509a956062c41aae859b9818bcba95779a/src/sbi-fx-card-rates/2026/2026-04-02.pdf
sbi/forex-card-rates/2026/2026-04-04.pdf,cd025c6aee1ea68cd1f5f18ccb09f77fa5d3737c4ee6a6308f79a6020ad31865,233377,application/pdf,2026-10-02T17:46:42Z,upstream,https://github.com/sakthipriyan/financial-data/raw/fa278a509a956062c41aae859b9818bcba95779a/src/sbi-fx-card-rates/2026/2026-04-04.pdf
sbi/forex-card-rates/2026/2026-04-06.pdf,1e26ce40aaa81442e37df8e1bb6bbdb53c023a53183dc4ea4b5122dfa6dac211,233380,application/pdf,2026-10-02T17:46:42Z,upstream,https://github.com/sakthipriyan/financial-data/raw/fa278a509a956062c41aae859b9818bcba95779a/src/sbi-fx-card-rates/2026/2026-04-06.pdf
sbi/forex-card-rates/2026/2026-04-07.pdf,7f36982b237fdf767083fa598525844bc168028e3c6084d2a7c2f0ad67fdc837,233372,application/pdf,2026-10-02T17:46:42Z,upstream,https://github.com/sakthipriyan/financial-data/raw/fa278a509a956062c41aae859b9818bcba95779a/src/sbi-fx-card-rates/2026/2026-04-07.pdf
sbi/forex-card-rates/2026/2026-04-08.pdf,4ce3cff058ca67161bde3e0b92169d2ac2628ca7787a2989e7d3fb81cb7c016a,241311,application/pdf,2026-10-02T17:46:42Z,upstream,https://github.com/sakthipriyan/financial-data/raw/fa278a509a956062c41aae859b9818bcba95779a/src/sbi-fx-card-rates/2026/2026-04-08.pdf
sbi/forex-card-rates/2026/2026-04-09.pdf,f5eaa401eff61e71c4fd76a919426b6ad8113228390ed8a735eeba76abc70b33,241292,application/pdf,2026-10-02T17:46:42Z,upstream,https://github.com/sakthipriyan/financial-data/raw/fa278a509a956062c41aae859b9818bcba95779a/src/sbi-fx-card-rates/2026/2026-04-09.pdf
sbi/forex-card-rates/2026/2026-04-10.pdf,c02229aae10e8e5499cd023274593b644d2b78e1210fb88d47a6fd34ab50dc88,233366,application/pdf,2026-10-02T17:46:42Z,upstream,https://github.com/sakthipriyan/financial-data/raw/fa278a509a956062c41aae859b9818bcba95779a/src/sbi-fx-card-rates/2026/2026-04-10.pdf
sbi/forex-card-rates/2026/2026-04-13.pdf,942ae80df5bf9ed7b9ac75eb9e43a7024de63c8f022a1c27692c387deab1d78f,233350,application/pdf,2026-10-02T17:46:42Z,upstream,https://github.com/sakthipriyan/financial-data/raw/fa278a509a956062c41aae859b9818bcba95779a/src/sbi-fx-card-rates/2026/2026-04-13.pdf
sbi/forex-card-rates/2026/2026-04-15.pdf,bbc292a0f7fe69dd333bcb550f8f235cbc0893dad273054918ba9327a6dda9e0,241282,application/pdf,2026-10-02T17:46:42Z,upstream,https://github.com/sakthipriyan/financial-data/raw/fa278a509a956062c41aae859b9818bcba95779a/src/sbi-fx-card-rates/2026/2026-04-15.pdf
sbi/forex-card-rates/2026/2026-04-16.pdf,63af45fe961e0f5f3f71cfbc5301b499cf894df238ee90d22a4a0efa107c2c55,233368,application/pdf,2026-10-02T17:46:42Z,upstream,https://github.com/sakthipriyan/financial-data/raw/fa278a509a956062c41aae859b9818bcba95779a/src/sbi-fx-card-rates/2026/2026-04-16.pdf
sbi/forex-card-rates/2026/2026-04-17.pdf,5547be8ecf8d50ab4cb6e2c2b3a30385fe359b18a683c403673a54729f7cd91b,233370,application/pdf,2026-10-02T17:46:42Z,upstream,https://github.com/sakthipriyan/financial-data/raw/fa278a509a956062c41aae859b9818bcba95779a/src/sbi-fx-card-rates/2026/2026-04-17.pdf
sbi/forex-card-rates/2026/2026-04-18.pdf,df4ac91aea93d2a6ad60451db2188627a10b1126baa3acf0f4eef881259c99da,233394,application/pdf,2026-10-02T17:46:42Z,upstream,https://github.com/sakthipriyan/financial-data/raw/fa278a509a956062c41aae859b9818bcba95779a/src/sbi-fx-card-rates/2026/2026-04-18.pdf
sbi/forex-card-rates/2026/2026-04-20.pdf,4ca5f5c7c9dfc1dc1d3ffa372f8498b496c4457f73afb203ee45cc3cc3172621,233353,application/pdf,2026-10-02T17:46:42Z,upstream,https://github.com/sakthipriyan/financial-data/raw/fa278a509a956062c41aae859b9818bcba95779a/src/sbi-fx-card-rates/2026/2026-04-20.pdf
sbi/forex-card-rates/2026/2026-04-21.pdf,2ec7d182d00e259d0f4d3a02540e3fcaa0e1eb5c15bccad0d4fe7b49e57cab3f,233343,application/pdf,2026-10-02T17:46:42Z,upstream,https://github.com/sakthipriyan/financial-data/raw/fa278a509a956062c41aae859b9818bcba95779a/src/sbi-fx-card-rates/2026/2026-04-21.pdf
sbi/forex-card-rates/2026/2026-04-22.pdf,a2fef78cc7795593b2420ea0012c6a4affa50867c8fb603493d43840e67ce5ab,233359,application/pdf,2026-10-02T17:46:42Z,upstream,https://github.com/sakthipriyan/financial-data/raw/fa278a509a956062c41aae859b9818bcba95779a/src/sbi-fx-card-rates/2026/2026-04-22.pdf
sbi/forex-card-rates/2026/2026-04-23.pdf,b5a95d67fe5ceafdfd663c03e1633764cee91f2a94f059d92ea73acb451bfc0a,233315,application/pdf,2026-10-02T17:46:42Z,upstream,https://github.com/sakthipriyan/financial-data/raw/fa278a509a956062c41aae859b9818bcba95779a/src/sbi-fx-card-rates/2026/2026-04-23.pdf
sbi/forex-card-rates/2026/2026-04-24.pdf,7acdf846fb29e1bad976a55d21c67671c455c95d74a3af0143ebcd569350bee7,233330,application/pdf,2026-10-02T17:46:42Z,upstream,https://github.com/sakthipriyan/financial-data/raw/fa278a509a956062c41aae859b9818bcba95779a/src/sbi-fx-card-rates/2026/2026-04-24.pdf
sbi/forex-card-rates/2026/2026-04-27.pdf,81500d7a3eb5b99502a6f6dac8b204c68d6235b0d86cc6305b31b05db165ed70,241415,application/pdf,2026-10-02T17:46:42Z,upstream,https://github.com/sakthipriyan/financial-data/raw/fa278a509a956062c41aae859b9818bcba95779a/src/sbi-fx-card-rates/2026/2026-04-27.pdf
sbi/forex-card-rates/2026/2026-04-28.pdf,ea7e127e7f674bedd9a750b05bc1242ebca530676e49b28daeeb609a3b3c35e3,241285,application/pdf,2026-10-02T17:46:42Z,upstream,https://github.com/sakthipriyan/financial-data/raw/fa278a509a956062c41aae859b9818bcba95779a/src/sbi-fx-card-rates/2026/2026-04-28.pdf
sbi/forex-card-rates/2026/2026-04-29.pdf,c4b4306833994726dfa3b1791be65c3d0e2083ddd55608bf95e65ab5d99c5061,241302,application/pdf,2026-10-02T17:46:42Z,upstream,https://github.com/sakthipriyan/financial-data/raw/fa278a509a956062c41aae859b9818bcba95779a/src/sbi-fx-card-rates/2026/2026-04-29.pdf
sbi/forex-card-rates/2026/2026-04-30.pdf,2d4ca2b10396f3c7786223fabe6f6ce1b20db77e557cf93a7d18ad66a7b86d12,241309,application/pdf,2026-10-02T17:46:42Z,upstream,https://github.com/sakthipriyan/financial-data/raw/fa278a509a956062c41aae859b9818bcba95779a/src/sbi-fx-card-rates/2026/2026-04-30.pdf
sbi/forex-card-rates/2026/2026-05-02.pdf,110d8f1d250b9e220ab943f8654e9578aee58af3961a1922e646ca0452e3d809,241301,application/pdf,2026-10-02T17:46:42Z,upstream,https://github.com/sakthipriyan/financial-data/raw/fa278a509a956062c41aae859b9818bcba95779a/src/sbi-fx-card-rates/2026/2026-05-02.pdf
sbi/forex-card-rates/2026/2026-05-04.pdf,ff365ee8479aa484d03df025a8693e4b2ad87fb225544399d970572ff97ffdfd,241271,application/pdf,2026-10-02T17:46:42Z,upstream,https://github.com/sakthipriyan/financial-data/raw/fa278a509a956062c41aae859b9818bcba95779a/src/sbi-fx-card-rates/2026/2026-05-04.pdf
sbi/forex-card-rates/2026/2026-05-05.pdf,31c6bc347c5a51a3414580db7b5952cc1e08cfef6500b6f9c8ab4758a6179955,241293,application/pdf,2026-10-02T17:46:42Z,upstream,https://github.com/sakthipriyan/financial-data/raw/fa278a509a956062c41aae859b9818bcba95779a/src/sbi-fx-card-rates/2026/2026-05-05.pdf
sbi/forex-card-rates/2026/2026-05-06.pdf,239c86b5aac40956b08ee32400cde550d2c5a297602692f851d4583b628f677b,241279,application/pdf,2026-10-02T17:46:42Z,upstream,https://github.com/sakthipriyan/financial-data/raw/fa278a509a956062c41aae859b9818bcba95779a/src/sbi-fx-card-rates/2026/2026-05-06.pdf
sbi/forex-card-rates/2026/2026-05-07.pdf,4a9d883277ed00724fa2f5146584cf2cd41d98829a95b4d1942ba6307ccfc937,241289,application/pdf,2026-10-02T17:46:42Z,upstream,https://github.com/sakthipriyan/financial-data/raw/fa278a509a956062c41aae859b9818bcba95779a/src/sbi-fx-card-rates/2026/2026-05-07.pdf
sbi/forex-card-rates/2026/2026-05-08.pdf,0231632c94a4c93ebc16a5860d806de940acf14c65c306ebb39bffc7054f91a9,241289,application/pdf,2026-10-02T17:46:42Z,upstream,https://github.com/sakthipriyan/financial-data/raw/fa278a509a956062c41aae859b9818bcba95779a/src/sbi-fx-card-rates/2026/2026-05-08.pdf
sbi/forex-card-rates/2026/2026-05-11.pdf,c1d9ead37d73ba4b2e615faf54d7685c86171eb4fd539aaa511e25a12387b1c5,241297,application/pdf,2026-10-02T17:46:42Z,upstream,https://github.com/sakthipriyan/financial-data/raw/fa278a509a956062c41aae859b9818bcba95779a/src/sbi-fx-card-rates/2026/2026-05-11.pdf
sbi/forex-card-rates/2026/2026-05-12.pdf,109e082114167f09f7ffe987dd452f3574a0040fc11bbfb643757c05091d6107,241289,application/pdf,2026-10-02T17:46:42Z,upstream,https://github.com/sakthipriyan/financial-data/raw/fa278a509a956062c41aae859b9818bcba95779a/src/sbi-fx-card-rates/2026/2026-05-12.pdf
sbi/forex-card-rates/2026/2026-05-13.pdf,c875d0789b2292fad2ecb51687305074714cca1e34c9f56fc9ce826a6bd883b1,241282,application/pdf,2026-10-02T17:46:42Z,upstream,https://github.com/sakthipriyan/financial-data/raw/fa278a509a956062c41aae859b9818bcba95779a/src/sbi-fx-card-rates/2026/2026-05-13.pdf
sbi/forex-card-rates/2026/2026-05-14.pdf,10ef181e5103dbc3b049ecc11abaa867eab010446572d255e85cc73879724bda,241276,application/pdf,2026-10-02T17:46:42Z,upstream,https://github.com/sakthipriyan/financial-data/raw/fa278a509a956062c41aae859b9818bcba95779a/src/sbi-fx-card-rates/2026/2026-05-14.pdf
sbi/forex-card-rates/2026/2026-05-15.pdf,80197be61c5a7ca1d8d71900fbbdaf48ea25d89806c472f428bf415016ad5708,241311,application/pdf,2026-10-02T17:46:42Z,upstream,https://github.com/sakthipriyan/financial-data/raw/fa278a509a956062c41aae859b9818bcba95779a/src/sbi-fx-card-rates/2026/2026-05-15.pdf
sbi/forex-card-rates/2026/2026-05-16.pdf,1086880a9dd363295a5149a626cb892f2ccfdf19c1e44f2556090b00deaa9d9d,241301,application/pdf,2026-10-02T17:46:42Z,upstream,https://github.com/sakthipriyan/financial-data/raw/fa278a509a956062c41aae859b9818bcba95779a/src/sbi-fx-card-rates/2026/2026-05-16.pdf
sbi/forex-card-rates/2026/2026-05-18.pdf,f7b5040e22b2f65877bb53d4125fed6698f62d6f48f418e6d0cec0e3f47279f9,241278,application/pdf,2026-10-02T17:46:42Z,upstream,https://github.com/sakthipriyan/financial-data/raw/fa278a509a956062c41aae859b9818bcba95779a/src/sbi-fx-card-rates/2026/2026-05-18.pdf
sbi/forex-card-rates/2026/2026-05-19.pdf,ac3fb96734ea180415cea2858b33d31f32d14cf01a24ad3260fdaf35919e4f2c,241297,application/pdf,2026-10-02T17:46:42Z,upstream,https://github.com/sakthipriyan/financial-data/raw/fa278a509a956062c41aae859b9818bcba95779a/src/sbi-fx-card-rates/2026/2026-05-19.pdf
sbi/forex-card-rates/2026/2026-05-20.pdf,b606376c6820e515e9ac1834d93a966881a364493974d4a691ad09b02800d132,241281,application/pdf,2026-10-02T17:46:42Z,upstream,https://github.com/sakthipriyan/financial-data/raw/fa278a509a956062c41aae859b9818bcba95779a/src/sbi-fx-card-rates/2026/2026-05-20.pdf
sbi/forex-card-rates/2026/2026-05-21.pdf,a2970f636641c40c9ac0250527ee7be018cb1edaf78803a509a4b2591f0d3a29,241279,application/pdf,2026-10-02T17:46:42Z,upstream,https://github.com/sakthipriyan/financial-data/raw/fa278a509a956062c41aae859b9818bcba95779a/src/sbi-fx-card-rates/2026/2026-05-21.pdf
sbi/forex-card-rates/2026/2026-05-22.pdf,30d8fedbffcebef2200987221c2147d286988cb51bac2ceab67970468c98c86b,241289,application/pdf,2026-10-02T17:46:42Z,upstream,https://github.com/sakthipriyan/financial-data/raw/fa278a509a956062c41aae859b9818bcba95779a/src/sbi-fx-card-rates/2026/2026-05-22.pdf
sbi/forex-card-rates/2026/2026-05-25.pdf,42f06027dfaff98904f0cf80f45b01b8712cb032725d38e021fab437adde3e89,241286,application/pdf,2026-10-02T17:46:42Z,upstream,https://github.com/sakthipriyan/financial-data/raw/fa278a509a956062c41aae859b9818bcba95779a/src/sbi-fx-card-rates/2026/2026-05-25.pdf
sbi/forex-card-rates/2026/2026-05-26.pdf,68289ebc2b215306516f9b863b0d920f42b1248f3bed9431e63d6f08243711d6,241308,application/pdf,2026-10-02T17:46:42Z,upstream,https://github.com/sakthipriyan/financial-data/raw/fa278a509a956062c41aae859b9818bcba95779a/src/sbi-fx-card-rates/2026/2026-05-26.pdf
sbi/forex-card-rates/2026/2026-05-27.pdf,fc27e6cb521bd4870f99907d7fcdcb86cd3557c8fa2b3e50e3d9d8aac34bf94d,241289,application/pdf,2026-10-02T17:46:42Z,upstream,https://github.com/sakthipriyan/financial-data/raw/fa278a509a956062c41aae859b9818bcba95779a/src/sbi-fx-card-rates/2026/2026-05-27.pdf
sbi/forex-card-rates/2026/2026-05-28.pdf,33ed4fa643734ffa345a91d18270f5b9cb8786eaceec7cf01f5906765faff410,241292,application/pdf,2026-10-02T17:46:42Z,upstream,https://github.com/sakthipriyan/financial-data/raw/fa278a509a956062c41aae859b9818bcba95779a/src/sbi-fx-card-rates/2026/2026-05-28.pdf
sbi/forex-card-rates/2026/2026-05-29.pdf,ac5d75a6fc9bc1017590527fcd6fb546767c6dfb84c5f191c263d5ff0aac998a,241289,application/pdf,2026-10-02T17:46:42Z,upstream,https://github.com/sakthipriyan/financial-data/raw/fa278a509a956062c41aae859b9818bcba95779a/src/sbi-fx-card-rates/2026/2026-05-29.pdf
sbi/forex-card-rates/2026/2026-05-30.pdf,20b06d0624375a675970fe2bfc8898c1a877565eb2c4c4f0f57edf91db7800d7,241271,application/pdf,2026-10-02T17:46:42Z,upstream,https://github.com/sakthipriyan/financial-data/raw/fa278a509a956062c41aae859b9818bcba95779a/src/sbi-fx-card-rates/2026/2026-05-30.pdf
sbi/forex-card-rates/2026/2026-06-01.pdf,16c910f6739ae2a3605c6e5b2c72165c34de59aca14eb8a784d9a25aa4eeb64d,241301,application/pdf,2026-10-02T17:46:42Z,upstream,https://github.com/sakthipriyan/financial-data/raw/fa278a509a956062c41aae859b9818bcba95779a/src/sbi-fx-card-rates/2026/2026-06-01.pdf
sbi/forex-card-rates/2026/2026-06-02.pdf,0992f1cc482924b98b19ec8df50377e6de9f6dcb3b9fa047f3f0619951a19a02,241297,application/pdf,2026-10-02T17:46:42Z,upstream,https://github.com/sakthipriyan/financial-data/raw/fa278a509a956062c41aae859b9818bcba95779a/src/sbi-fx-card-rates/2026/2026-06-02.pdf
sbi/forex-card-rates/2026/2026-06-03.pdf,29e144a1fee4df77f60f80a3cc6426a1d149a1afca05f90f65e8a82dbda66de2,241300,application/pdf,2026-10-02T17:46:42Z,upstream,https://github.com/sakthipriyan/financial-data/raw/fa278a509a956062c41aae859b9818bcba95779a/src/sbi-fx-card-rates/2026/2026-06-03.pdf
sbi/forex-card-rates/2026/2026-06-04.pdf,3c2dd1578e71c39041099e4c8294d4577bcc6570f0cb912f1d50fa8e35390835,241308,application/pdf,2026-10-02T17:46:42Z,upstream,https://github.com/sakthipriyan/financial-data/raw/fa278a509a956062c41aae859b9818bcba95779a/src/sbi-fx-card-rates/2026/2026-06-04.pdf
sbi/forex-card-rates/2026/2026-06-05.pdf,113104a81ee665cba586d3c14f9f78d9f80e0f40da1c33fe178291fecf04501e,241289,application/pdf,2026-10-02T17:46:42Z,upstream,https://github.com/sakthipriyan/financial-data/raw/fa278a509a956062c41aae859b9818bcba95779a/src/sbi-fx-card-rates/2026/2026-06-05.pdf
sbi/forex-card-rates/2026/2026-06-06.pdf,d8c568583c617f76cd6a797d9427d569b9407a8d568ed45e0da69958664b4d2b,241297,application/pdf,2026-10-02T17:46:42Z,upstream,https://github.com/sakthipriyan/financial-data/raw/fa278a509a956062c41aae859b9818bcba95779a/src/sbi-fx-card-rates/2026/2026-06-06.pdf
sbi/forex-card-rates/2026/2026-06-08.pdf,2cb3f56187fb0a15b30b8434b4ffe846e2955638ce7787951a776c27d82b0449,241292,application/pdf,2026-10-02T17:46:42Z,upstream,https://github.com/sakthipriyan/financial-data/raw/fa278a509a956062c41aae859b9818bcba95779a/src/sbi-fx-card-rates/2026/2026-06-08.pdf
sbi/forex-card-rates/2026/2026-06-09.pdf,3fd56f71dcda77b8c7caed9abb5e1ee2f38f4d994e3854087cb954936947bb8f,241278,application/pdf,2026-10-02T17:46:42Z,upstream,https://github.com/sakthipriyan/financial-data/raw/fa278a509a956062c41aae859b9818bcba95779a/src/sbi-fx-card-rates/2026/2026-06-09.pdf
sbi/forex-card-rates/2026/2026-06-10.pdf,ae330563ae4298e7c83e5a13c43a242cbcbf7546e63ed43a01229521000592fe,241303,application/pdf,2026-10-02T17:46:42Z,upstream,https://github.com/sakthipriyan/financial-data/raw/fa278a509a956062c41aae859b9818bcba95779a/src/sbi-fx-card-rates/2026/2026-06-10.pdf
sbi/forex-card-rates/2026/2026-06-11.pdf,7f6f37918e0fb13fd2c0f80769a79200b80eb7b7ff55eb1eddc902ad11c580d9,241276,application/pdf,2026-10-02T17:46:42Z,upstream,https://github.com/sakthipriyan/financial-data/raw/fa278a509a956062c41aae859b9818bcba95779a/src/sbi-fx-card-rates/2026/2026-06-11.pdf
sbi/forex-card-rates/2026/2026-06-12.pdf,ceb2e419845450cc2bf9dadb158fe8a3094c2880501558d0693184202b7f49ef,241285,application/pdf,2026-10-02T17:46:42Z,upstream,https://github.com/sakthipriyan/financial-data/raw/fa278a509a956062c41aae859b9818bcba95779a/src/sbi-fx-card-rates/2026/2026-06-12.pdf
sbi/forex-card-rates/2026/2026-06-15.pdf,5efea40b47588b8c41f015cbc11a72b8d8cedb8173f653e873c48cd181c2a54a,241308,application/pdf,2026-10-02T17:46:42Z,upstream,https://github.com/sakthipriyan/financial-data/raw/fa278a509a956062c41aae859b9818bcba95779a/src/sbi-fx-card-rates/2026/2026-06-15.pdf
sbi/forex-card-rates/2026/2026-06-16.pdf,712d17f7a6830367a11d1abd1c4b5adf85135ca9ea6abb13dfda51bd788b094f,241292,application/pdf,2026-10-02T17:46:42Z,upstream,https://github.com/sakthipriyan/financial-data/raw/fa278a509a956062c41aae859b9818bcba95779a/src/sbi-fx-card-rates/2026/2026-06-16.pdf
sbi/forex-card-rates/2026/2026-06-17.pdf,02849f3a5d6631c7fef28b0a2b4525c84f578b08f1e0e618ad19c0afed6b60a4,241307,application/pdf,2026-10-02T17:46:42Z,upstream,https://github.com/sakthipriyan/financial-data/raw/fa278a509a956062c41aae859b9818bcba95779a/src/sbi-fx-card-rates/2026/2026-06-17.pdf
sbi/forex-card-rates/2026/2026-06-18.pdf,1bb43b152ca3667d9081cf6c89521e80b5051e012d1d4687a15650d6b6d6b7f2,241282,application/pdf,2026-10-02T17:46:42Z,upstream,https://github.com/sakthipriyan/financial-data/raw/fa278a509a956062c41aae859b9818bcba95779a/src/sbi-fx-card-rates/2026/2026-06-18.pdf
sbi/forex-card-rates/2026/2026-06-19.pdf,a644f1a980d91b71b103438788eedbd7dda2051e35847a598160140bfa3cb881,241297,application/pdf,2026-10-02T17:46:42Z,upstream,https://github.com/sakthipriyan/financial-data/raw/fa278a509a956062c41aae859b9818bcba95779a/src/sbi-fx-card-rates/2026/2026-06-19.pdf
sbi/forex-card-rates/2026/2026-06-20.pdf,150f21361514b6b71301cfdec702d759c83b05fce4b455b9a5d76d720d9e9b67,241286,application/pdf,2026-10-02T17:46:42Z,upstream,https://github.com/sakthipriyan/financial-data/raw/fa278a509a956062c41aae859b9818bcba95779a/src/sbi-fx-card-rates/2026/2026-06-20.pdf
sbi/forex-card-rates/2026/2026-06-22.pdf,f61ca19bf107c09d9e1a6f65f49a82991a8d04ec84cffbea244ba9b03e905e75,241287,application/pdf,2026-10-02T17:46:42Z,upstream,https://github.com/sakthipriyan/financial-data/raw/fa278a509a956062c41aae859b9818bcba95779a/src/sbi-fx-card-rates/2026/2026-06-22.pdf
sbi/forex-card-rates/2026/2026-06-23.pdf,e2692bc01db5d2bf925b8a82301d1eca07c7393e22a536b5fb44c7a2116e89e4,241311,application/pdf,2026-10-02T17:46:42Z,upstream,https://github.com/sakthipriyan/financial-data/raw/fa278a509a956062c41aae859b9818bcba95779a/src/sbi-fx-card-rates/2026/2026-06-23.pdf
sbi/forex-card-rates/2026/2026-06-24.pdf,7187463fe33bf3e845a4337345c2b460411c79e0260b014398721a1e5341a1e6,241301,application/pdf,2026-10-02T17:46:42Z,upstream,https://github.com/sakthipriyan/financial-data/raw/fa278a509a956062c41aae859b9818bcba95779a/src/sbi-fx-card-rates/2026/2026-06-24.pdf
sbi/forex-card-rates/2026/2026-06-25.pdf,590a1f903db207b5d89aa27d01401f7d75a031a016e3421407f314e66f42c45f,241312,application/pdf,2026-10-02T17:46:42Z,upstream,https://github.com/sakthipriyan/financial-data/raw/fa278a509a956062c41aae859b9818bcba95779a/src/sbi-fx-card-rates/2026/2026-06-25.pdf
sbi/forex-card-rates/2026/2026-06-29.pdf,4d6cadb0ea17f5e6b128b124e4d73bc3466b076e8c0afca1c0c8874cb231c265,241293,application/pdf,2026-10-02T17:46:42Z,upstream,https://github.com/sakthipriyan/financial-data/raw/fa278a509a956062c41aae859b9818bcba95779a/src/sbi-fx-card-rates/2026/2026-06-29.pdf
sbi/forex-card-rates/2026/2026-07-01.pdf,6c5a5c6927be1d79d240fa205907367d236374e9ca162e5d1263dca94e13a703,241293,application/pdf,2026-10-02T17:46:42Z,upstream,https://github.com/sakthipriyan/financial-data/raw/fa278a509a956062c41aae859b9818bcba95779a/src/sbi-fx-card-rates/2026/2026-07-01.pdf
sbi/forex-card-rates/2026/2026-07-02.pdf,e98c6c846fe9f385bb27d785cef99a44bf2ededc6b51f37f0b4c821bce3594d9,241293,application/pdf,2026-10-02T17:46:42Z,upstream,https://github.com/sakthipriyan/financial-data/raw/fa278a509a956062c41aae859b9818bcba95779a/src/sbi-fx-card-rates/2026/2026-07-02.pdf
sbi/forex-card-rates/2026/2026-07-03.pdf,d07814725aaee1ea7670b7ee9d89a720b310b999365a68a768152e9f232b50f3,241287,application/pdf,2026-10-02T17:46:42Z,upstream,https://github.com/sakthipriyan/financial-data/raw/fa278a509a956062c41aae859b9818bcba95779a/src/sbi-fx-card-rates/2026/2026-07-03.pdf
sbi/forex-card-rates/2026/2026-07-04.pdf,a406d87403ef7cfdb4ee329d01da527126356c324e5a92aa71b84063e3a01b2f,241303,application/pdf,2026-10-02T17:46:42Z,upstream,https://github.com/sakthipriyan/financial-data/raw/fa278a509a956062c41aae859b9818bcba95779a/src/sbi-fx-card-rates/2026/2026-07-04.pdf
sbi/forex-card-rates/2026/2026-07-06.pdf,1510b366bfc1d9be3cfeb64fe7dfed5bcca570c5a1c0b5fb0b5be80a92fe26a2,241299,application/pdf,2026-10-02T17:46:42Z,upstream,https://github.com/sakthipriyan/financial-data/raw/fa278a509a956062c41aae859b9818bcba95779a/src/sbi-fx-card-rates/2026/2026-07-06.pdf
sbi/forex-card-rates/2026/2026-07-07.pdf,6e7f8c742ed417b427ea65b367deef30c1c9229cd11def0e8fa16815124270e3,241318,application/pdf,2026-10-02T17:46:42Z,upstream,https://github.com/sakthipriyan/financial-data/raw/fa278a509a956062c41aae859b9818bcba95779a/src/sbi-fx-card-rates/2026/2026-07-07.pdf
sbi/forex-card-rates/2026/2026-07-08.pdf,3efac3ea4019f1ef997e1a3cdf6c32501e16b9ed5ee5711343d7c562281df7a9,241434,application/pdf,2026-10-02T17:46:42Z,upstream,https://github.com/sakthipriyan/financial-data/raw/fa278a509a956062c41aae859b9818bcba95779a/src/sbi-fx-card-rates/2026/2026-07-08.pdf
sbi/forex-card-rates/2026/2026-07-09.pdf,1ef24f490fbd5e54322fcff068680ef5947959fcd7cc2467e198cf436bb95f6e,241426,application/pdf,2026-10-02T17:46:42Z,upstream,https://github.com/sakthipriyan/financial-data/raw/fa278a509a956062c41aae859b9818bcba95779a/src/sbi-fx-card-rates/2026/2026-07-09.pdf
sbi/forex-card-rates/2026/2026-07-10.pdf,e20193aad9955ec23e00900741d928f4e3722aec5bc834a392f4f92fecf04e89,241292,application/pdf,2026-10-02T17:46:42Z,upstream,https://github.com/sakthipriyan/financial-data/raw/fa278a509a956062c41aae859b9818bcba95779a/src/sbi-fx-card-rates/2026/2026-07-10.pdf
sbi/forex-card-rates/2026/2026-07-13.pdf,639c86460c0ab45244cd7c0ba2e5c3aca2fe5d2509e65ed6e5f3e1af2d98b6cd,241303,application/pdf,2026-10-02T17:46:42Z,upstream,https://github.com/sakthipriyan/financial-data/raw/fa278a509a956062c41aae859b9818bcba95779a/src/sbi-fx-card-rates/2026/2026-07-13.pdf
sbi/forex-card-rates/2026/2026-07-14.pdf,6c7a9b2fe53630e085e8b9952a3ec68eb06c2bd3340a37fd023816851f5b2989,241309,application/pdf,2026-10-02T17:46:42Z,upstream,https://github.com/sakthipriyan/financial-data/raw/fa278a509a956062c41aae859b9818bcba95779a/src/sbi-fx-card-rates/2026/2026-07-14.pdf
sbi/forex-card-rates/2026/2026-07-16.pdf,bd460f56af7832005af37e619e9ac9bb572ef62ff6e6a15f4d85a16c5f346861,241430,application/pdf,2026-10-02T17:46:42Z,upstream,https://github.com/sakthipriyan/financial-data/raw/fa278a509a956062c41aae859b9818bcba95779a/src/sbi-fx-card-rates/2026/2026-07-16.pdf
sbi/forex-card-rates/2026/2026-07-17.pdf,6f034f792f77f45f2848eafbef62bf5a523aa7bc4a073fd20b3ead3cc08e5714,241294,application/pdf,2026-10-02T17:46:42Z,upstream,https://github.com/sakthipriyan/financial-data/raw/fa278a509a956062c41aae859b9818bcba95779a/src/sbi-fx-card-rates/2026/2026-07-17.pdf
sbi/forex-card-rates/2026/2026-07-18.pdf,8ce763b39bfe4016a0ebdc85076d0aa29e165207955328111ee083315de7b06f,241443,application/pdf,2026-10-02T17:46:42Z,upstream,https://github.com/sakthipriyan/financial-data/raw/fa278a509a956062c41aae859b9818bcba95779a/src/sbi-fx-card-rates/2026/2026-07-18.pdf
sbi/forex-card-rates/2026/2026-07-20.pdf,e79f9683f1e44ad8d3b5a1aee517a2944b7683f99f044c675477337dae9c6c54,241447,application/pdf,2026-10-02T17:46:42Z,upstream,https://github.com/sakthipriyan/financial-data/raw/fa278a509a956062c41aae859b9818bcba95779a/src/sbi-fx-card-rates/2026/2026-07-20.pdf
sbi/forex-card-rates/2026/2026-07-21.pdf,7cbe77944607b31e22ff61063dbf90fe062ae91d0f6a8dcbdca3837be5793f52,241434,application/pdf,2026-10-02T17:46:42Z,upstream,https://github.com/sakthipriyan/financial-data/raw/fa278a509a956062c41aae859b9818bcba95779a/src/sbi-fx-card-rates/2026/2026-07-21.pdf
sbi/forex-card-rates/2026/2026-07-22.pdf,6f43a9c1e96c0bc2b04237181acf4ec72baef4ef75d33d431f584f1a50bbb2b2,241438,application/pdf,2026-10-02T17:46:42Z,upstream,https://github.com/sakthipriyan/financial-data/raw/fa278a509a956062c41aae859b9818bcba95779a/src/sbi-fx-card-rates/2026/2026-07-22.pdf
sbi/forex-card-rates/2026/2026-07-23.pdf,d4dc9312a869b5c643b1751bf0778d9728f0bfd743e1f140e1643549f6c5ca20,241437,application/pdf,2026-10-02T17:46:42Z,upstream,https://github.com/sakthipriyan/financial-data/raw/fa278a509a956062c41aae859b9818bcba95779a/src/sbi-fx-card-rates/2026/2026-07-23.pdf
sbi/forex-card-rates/2026/2026-07-24.pdf,acd18967bf0fb3337bba3e6fad7ac6580439dc47b0f2f2ac7bed0ae51b6bc74e,241302,application/pdf,2026-10-02T17:46:42Z,upstream,https://github.com/sakthipriyan/financial-data/raw/fa278a509a956062c41aae859b9818bcba95779a/src/sbi-fx-card-rates/2026/2026-07-24.pdf
sbi/forex-card-rates/2026/2026-07-27.pdf,42fd3d0390bbcddf8e37d2ba4eaae255aff6da630aff045265d7945fb23ebc50,241306,application/pdf,2026-10-02T17:46:42Z,upstream,https://github.com/sakthipriyan/financial-data/raw/fa278a509a956062c41aae859b9818bcba95779a/src/sbi-fx-card-rates/2026/2026-07-27.pdf
sbi/forex-card-rates/2026/2026-07-28.pdf,4d3ce1a2c359743e22ffa0d431750b68d3042602947d8677f0eec60c40409f4b,241303,application/pdf,2026-10-02T17:46:42Z,upstream,https://github.com/sakthipriyan/financial-data/raw/fa278a509a956062c41aae859b9818bcba95779a/src/sbi-fx-card-rates/2026/2026-07-28.pdf
sbi/forex-card-rates/2026/2026-07-29.pdf,8173db8b2c750270fb76a69fe22899708bbb78111dc3843f9252d93ffd68bdf8,241292,application/pdf,2026-10-02T17:46:42Z,upstream,https://github.com/sakthipriyan/financial-data/raw/fa278a509a956062c41aae859b9818bcba95779a/src/sbi-fx-card-rates/2026/2026-07-29.pdf
sbi/forex-card-rates/2026/2026-07-30.pdf,9eacbaf74601e0b95c6d16b0986a07770cc2c3c187ce5643d4170f18a11d963d,241292,application/pdf,2026-10-02T17:46:42Z,upstream,https://github.com/sakthipriyan/financial-data/raw/fa278a509a956062c41aae859b9818bcba95779a/src/sbi-fx-card-rates/2026/2026-07-30.pdf
sbi/forex-card-rates/2026/2026-07-31.pdf,9e7a981a25e98dd889c9873a356b358117c959a48d4b6cd0d4f60d59f8a857ca,241302,application/pdf,2026-10-02T17:46:42Z,upstream,https://github.com/sakthipriyan/financial-data/raw/fa278a509a956062c41aae859b9818bcba95779a/src/sbi-fx-card-rates/2026/2026-07-31.pdf
sbi/forex-card-rates/2026/2026-08-01.pdf,9f1d4d3ffe694192b2d281b0fd1481e99cc9bdc00624b7fa624b978802a4ebef,241300,application/pdf,2026-10-02T17:46:42Z,upstream,https://github.com/sakthipriyan/financial-data/raw/fa278a509a956062c41aae859b9818bcba95779a/src/sbi-fx-card-rates/2026/2026-08-01.pdf
sbi/forex-card-rates/2026/2026-08-03.pdf,35b85293c85de5cb6716e8682aa3736f2c7c5e2c96930234a14743f17be4b346,241303,application/pdf,2026-10-02T17:46:42Z,upstream,https://github.com/sakthipriyan/financial-data/raw/fa278a509a956062c41aae859b9818bcba95779a/src/sbi-fx-card-rates/2026/2026-08-03.pdf
sbi/forex-card-rates/2026/2026-08-04.pdf,22f24fd662f584d871333ed65816206bf5ea6b2917ef88c7688852fefcf4d67f,241292,application/pdf,2026-10-02T17:46:42Z,upstream,https://github.com/sakthipriyan/financial-data/raw/fa278a509a956062c41aae859b9818bcba95779a/src/sbi-fx-card-rates/2026/2026-08-04.pdf
sbi/forex-card-rates/2026/2026-08-05.pdf,4aacec0d445116da75fdc45b06088d5e1d507649d1c956cab66683a8fdab1d54,241289,application/pdf,2026-10-02T17:46:42Z,upstream,https://github.com/sakthipriyan/financial-data/raw/fa278a509a956062c41aae859b9818bcba95779a/src/sbi-fx-card-rates/2026/2026-08-05.pdf
sbi/forex-card-rates/2026/2026-08-06.pdf,b3393e687c17f5a5644c2f38c733bd283af47462818df20951f76bd16308b40e,241276,application/pdf,2026-10-02T17:46:42Z,upstream,https://github.com/sakthipriyan/financial-data/raw/fa278a509a956062c41aae859b9818bcba95779a/src/sbi-fx-card-rates/2026/2026-08-06.pdf
sbi/forex-card-rates/2026/2026-08-07.pdf,791d906e4ee8bcfadaad9cffe0aba93999120ae3a9bc2b766af214ca6a9168a9,241303,application/pdf,2026-10-02T17:46:42Z,upstream,https://github.com/sakthipriyan/financial-data/raw/fa278a509a956062c41aae859b9818bcba95779a/src/sbi-fx-card-rates/2026/2026-08-07.pdf
sbi/forex-card-rates/2026/2026-08-10.pdf,1ac3e0c50b418cbb0de8f30097ed7139245683aaa0cd0ff6a5d886196f9f0fba,241301,application/pdf,2026-10-02T17:46:42Z,upstream,https://github.com/sakthipriyan/financial-data/raw/fa278a509a956062c41aae859b9818bcba95779a/src/sbi-fx-card-rates/2026/2026-08-10.pdf
sbi/forex-card-rates/2026/2026-08-11.pdf,b7255761d90fe3e2a2e7db49ff69f297a67e95f8bd38b16f22ec07a122478c8a,241292,application/pdf,2026-10-02T17:46:42Z,upstream,https://github.com/sakthipriyan/financial-data/raw/fa278a509a956062c41aae859b9818bcba95779a/src/sbi-fx-card-rates/2026/2026-08-11.pdf
sbi/forex-card-rates/2026/2026-08-12.pdf,d4a14e9c20cd69ad890a7933ea9d02f9b83fee5f46a0e0b88fd4e2a2e14c0586,241301,application/pdf,2026-10-02T17:46:42Z,upstream,https://github.com/sakthipriyan/financial-data/raw/fa278a509a956062c41aae859b9818bcba95779a/src/sbi-fx-card-rates/2026/2026-08-12.pdf
sbi/forex-card-rates/2026/2026-08-13.pdf,54d60aa1ffc545f468ba561872b471cff52bc28ce983dcaea66e31eb5ee06b0b,241297,application/pdf,2026-10-02T17:46:42Z,upstream,https://github.com/sakthipriyan/financial-data/raw/fa278a509a956062c41aae859b9818bcba95779a/src/sbi-fx-card-rates/2026/2026-08-13.pdf
sbi/forex-card-rates/2026/2026-08-14.pdf,9908338a7e582205c50f1f6f7b801b9174d4350550813f2ee1330049597e7e46,241300,application/pdf,2026-10-02T17:46:42Z,upstream,https://github.com/sakthipriyan/financial-data/raw/fa278a509a956062c41aae859b9818bcba95779a/src/sbi-fx-card-rates/2026/2026-08-14.pdf
sbi/forex-card-rates/2026/2026-08-17.pdf,03acb9e36e46141126564bd38ab84f16b92d9fe9e1812eab4a09b2f87fee1b5e,241293,application/pdf,2026-10-02T17:46:42Z,upstream,https://github.com/sakthipriyan/financial-data/raw/fa278a509a956062c41aae859b9818bcba95779a/src/sbi-fx-card-rates/2026/2026-08-17.pdf
sbi/forex-card-rates/2026/2026-08-18.pdf,4e06a336a3606898abcb3c81e61a14eca66c039a16c5bfe04bb6f7aa497e759a,241289,application/pdf,2026-10-02T17:46:42Z,upstream,https://github.com/sakthipriyan/financial-data/raw/fa278a509a956062c41aae859b9818bcba95779a/src/sbi-fx-card-rates/2026/2026-08-18.pdf
sbi/forex-card-rates/2026/2026-08-19.pdf,6e4f8207bd01032ea4f13fcc944ef3611b5bc030c15adb16043c7363ded1437e,241308,application/pdf,2026-10-02T17:46:42Z,upstream,https://github.com/sakthipriyan/financial-data/raw/fa278a509a956062c41aae859b9818bcba95779a/src/sbi-fx-card-rates/2026/2026-08-19.pdf
sbi/forex-card-rates/2026/2026-08-20.pdf,01fe73f322632d1809182203e9d9e7506596ba0ac7d70233dd2ae009a6624508,241292,application/pdf,2026-10-02T17:46:42Z,upstream,https://github.com/sakthipriyan/financial-data/raw/fa278a509a956062c41aae859b9818bcba95779a/src/sbi-fx-card-rates/2026/2026-08-20.pdf
sbi/forex-card-rates/2026/2026-08-21.pdf,fb4db14c34cc41ac56c687e52239cba9dad8bb843d234acb017feff5b132291e,241437,application/pdf,2026-10-02T17:46:42Z,upstream,https://github.com/sakthipriyan/financial-data/raw/fa278a509a956062c41aae859b9818bcba95779a/src/sbi-fx-card-rates/2026/2026-08-21.pdf
sbi/forex-card-rates/2026/2026-08-24.pdf,f015bc0c04d2c94ee95885d8d95355e07c1ac5023a39851e6cd7b2ff6b2d7214,241436,application/pdf,2026-10-02T17:46:42Z,upstream,https://github.com/sakthipriyan/financial-data/raw/fa278a509a956062c41aae859b9818bcba95779a/src/sbi-fx-card-rates/2026/2026-08-24.pdf
sbi/forex-card-rates/2026/2026-08-25.pdf,4abd7685ffe709075fb51fa23a56cfb02ed85cb74e9c641d8a9a84860ea099f9,241294,application/pdf,2026-10-02T17:46:42Z,upstream,https://github.com/sakthipriyan/financial-data/raw/fa278a509a956062c41aae859b9818bcba95779a/src/sbi-fx-card-rates/2026/2026-08-25.pdf
sbi/forex-card-rates/2026/2026-08-27.pdf,2cf19d5f3aaacf07885effd500509c031d450cce1bcb0f0fbb86f5b0975cf2d1,241308,application/pdf,2026-10-02T17:46:42Z,upstream,https://github.com/sakthipriyan/financial-data/raw/fa278a509a956062c41aae859b9818bcba95779a/src/sbi-fx-card-rates/2026/2026-08-27.pdf
sbi/forex-card-rates/2026/2026-08-28.pdf,440de6784333a1895bfffb6c435312080ba9abaf7fe667bc90c2f507a6d48940,241289,application/pdf,2026-10-02T17:46:42Z,upstream,https://github.com/sakthipriyan/financial-data/raw/fa278a509a956062c41aae859b9818bcba95779a/src/sbi-fx-card-rates/2026/2026-08-28.pdf
sbi/forex-card-rates/2026/2026-08-29.pdf,e263f34f8148e475434e5c6374e9592f503109e6c97f59c29fa37d457b0c0dff,241292,application/pdf,2026-10-02T17:46:42Z,upstream,https://github.com/sakthipriyan/financial-data/raw/fa278a509a956062c41aae859b9818bcba95779a/src/sbi-fx-card-rates/2026/2026-08-29.pdf
sbi/forex-card-rates/2026/2026-08-31.pdf,1b186c2441d6e5e47c32ca7a317c05878fc3d4f512667ff39e8f91c909cf3bc6,265458,application/pdf,2026-10-02T17:46:42Z,upstream,https://github.com/sakthipriyan/financial-data/raw/fa278a509a956062c41aae859b9818bcba95779a/src/sbi-fx-card-rates/2026/2026-08-31.pdf
sbi/forex-card-rates/2026/2026-09-01.pdf,3ca9a09ade238198a2f52725a7095b21cf3e60deebdbb72660c43ea65a571432,241287,application/pdf,2026-10-02T17:46:42Z,upstream,https://github.com/sakthipriyan/financial-data/raw/fa278a509a956062c41aae859b9818bcba95779a/src/sbi-fx-card-rates/2026/2026-09-01.pdf
sbi/forex-card-rates/2026/2026-09-02.pdf,a014db1f70d93d1e8cb940b73549e3f29c0ab9e065f87c80084c1dd782e3789d,241303,application/pdf,2026-10-02T17:46:42Z,upstream,https://github.com/sakthipriyan/financial-data/raw/fa278a509a956062c41aae859b9818bcba95779a/src/sbi-fx-card-rates/2026/2026-09-02.pdf
sbi/forex-card-rates/2026/2026-09-03.pdf,be7f8558d363382b61f9539b08347397b673452be3b0ea3c0d8ff54a47025b15,241316,application/pdf,2026-10-02T17:46:42Z,upstream,https://github.com/sakthipriyan/financial-data/raw/fa278a509a956062c41aae859b9818bcba95779a/src/sbi-fx-card-rates/2026/2026-09-03.pdf
sbi/forex-card-rates/2026/2026-09-04.pdf,d88c410d316813317b42154f8087af0ff97b72dcb2c121629fa033c683e1d951,241299,application/pdf,2026-10-02T17:46:42Z,upstream,https://github.com/sakthipriyan/financial-data/raw/fa278a509a956062c41aae859b9818bcba95779a/src/sbi-fx-card-rates/2026/2026-09-04.pdf
sbi/forex-card-rates/2026/2026-09-05.pdf,41946f3aa5f77262e9f778d7014d8592ce2cd2ca00e78fbe756dcd361e1dec10,241293,application/pdf,2026-10-02T17:46:42Z,upstream,https://github.com/sakthipriyan/financial-data/raw/fa278a509a956062c41aae859b9818bcba95779a/src/sbi-fx-card-rates/2026/2026-09-05.pdf
sbi/forex-card-rates/2026/2026-09-07.pdf,a084cf779777c1a379481a2cfaca9628d908ce1f6aacabcf4ce18c20998f7519,241297,application/pdf,2026-10-02T17:46:42Z,upstream,https://github.com/sakthipriyan/financial-data/raw/fa278a509a956062c41aae859b9818bcba95779a/src/sbi-fx-card-rates/2026/2026-09-07.pdf
sbi/forex-card-rates/2026/2026-09-08.pdf,c3d4a3501afda7601830560b2868ef87ba0e9689310c177ffb188decd43b8e7a,241284,application/pdf,2026-10-02T17:46:42Z,upstream,https://github.com/sakthipriyan/financial-data/raw/fa278a509a956062c41aae859b9818bcba95779a/src/sbi-fx-card-rates/2026/2026-09-08.pdf
sbi/forex-card-rates/2026/2026-09-09.pdf,d7f07625be1280741728f75751ce451cd2b37959e2629d6b4ea3252628b94a11,241323,application/pdf,2026-10-02T17:46:42Z,upstream,https://github.com/sakthipriyan/financial-data/raw/fa278a509a956062c41aae859b9818bcba95779a/src/sbi-fx-card-rates/2026/2026-09-09.pdf
sbi/forex-card-rates/2026/2026-09-10.pdf,86bae58477d2020144e0ea8d6fe7bf67d0266b45376eefe809afe6ea68a389de,241308,application/pdf,2026-10-02T17:46:42Z,upstream,https://github.com/sakthipriyan/financial-data/raw/fa278a509a956062c41aae859b9818bcba95779a/src/sbi-fx-card-rates/2026/2026-09-10.pdf
sbi/forex-card-rates/2026/2026-09-11.pdf,aa3e743b90805c529a1a9c68cb6f1c19618b0470b3c7ef896c1d53c3154c59d2,241311,application/pdf,2026-10-02T17:46:42Z,upstream,https://github.com/sakthipriyan/financial-data/raw/fa278a509a956062c41aae859b9818bcba95779a/src/sbi-fx-card-rates/2026/2026-09-11.pdf
sbi/forex-card-rates/2026/2026-09-15.pdf,f6b5358906511c5f62e021301a0fb096ddc3000a6448d43daf3217ba78354ee6,241320,application/pdf,2026-10-02T17:46:42Z,upstream,https://github.com/sakthipriyan/financial-data/raw/fa278a509a956062c41aae859b9818bcba95779a/src/sbi-fx-card-rates/2026/2026-09-15.pdf
sbi/forex-card-rates/2026/2026-09-16.pdf,182ef8db4f18fa945df13bd9e90419bfe18fb349b1696e66bface08881bbc82d,241310,application/pdf,2026-10-02T17:46:42Z,upstream,https://github.com/sakthipriyan/financial-data/raw/fa278a509a956062c41aae859b9818bcba95779a/src/sbi-fx-card-rates/2026/2026-09-16.pdf
sbi/forex-card-rates/2026/2026-09-17.pdf,6d0fb93373d2bea5a83a30f532f32430ae7e21b573773ae378c268507ebc86ce,241303,application/pdf,2026-10-02T17:46:42Z,upstream,https://github.com/sakthipriyan/financial-data/raw/fa278a509a956062c41aae859b9818bcba95779a/src/sbi-fx-card-rates/2026/2026-09-17.pdf
sbi/forex-card-rates/2026/2026-09-18.pdf,4b49a9928e68556d452a95892231d029c1f971b1acd149e6641061fada44b429,241300,application/pdf,2026-10-02T17:46:42Z,upstream,https://github.com/sakthipriyan/financial-data/raw/fa278a509a956062c41aae859b9818bcba95779a/src/sbi-fx-card-rates/2026/2026-09-18.pdf
sbi/forex-card-rates/2026/2026-09-19.pdf,1bd523b417f422dd3127f0a471dcbe46e07a4b325f095591ecaeb5b3fae4a8ff,241307,application/pdf,2026-10-02T17:46:42Z,upstream,https://github.com/sakthipriyan/financial-data/raw/fa278a509a956062c41aae859b9818bcba95779a/src/sbi-fx-card-rates/2026/2026-09-19.pdf
sbi/forex-card-rates/2026/2026-09-21.pdf,ce58617626191b5a9c46a4b580804197b68246ce3d835739c8005ffcd05efa4a,241303,application/pdf,2026-10-02T17:46:42Z,upstream,https://github.com/sakthipriyan/financial-data/raw/fa278a509a956062c41aae859b9818bcba95779a/src/sbi-fx-card-rates/2026/2026-09-21.pdf
sbi/forex-card-rates/2026/2026-09-22.pdf,bf85ac601c377fa097999609ce904f8e078c82528d75ce6a60a59a74efcbd635,241454,application/pdf,2026-10-02T17:46:42Z,upstream,https://github.com/sakthipriyan/financial-data/raw/fa278a509a956062c41aae859b9818bcba95779a/src/sbi-fx-card-rates/2026/2026-09-22.pdf
sbi/forex-card-rates/2026/2026-09-23.pdf,bec4a56f393a5e9fa24e43c19b41d067431b066e5e42559cb326d1c24feb83ca,241451,application/pdf,2026-10-02T17:46:42Z,upstream,https://github.com/sakthipriyan/financial-data/raw/fa278a509a956062c41aae859b9818bcba95779a/src/sbi-fx-card-rates/2026/2026-09-23.pdf
sbi/forex-card-rates/2026/2026-09-24.pdf,e283749bff80f4899b6efaf319003b1cbd6c1172d887e4b874d876d76e01e1b6,241300,application/pdf,2026-10-02T17:46:42Z,upstream,https://github.com/sakthipriyan/financial-data/raw/fa278a509a956062c41aae859b9818bcba95779a/src/sbi-fx-card-rates/2026/2026-09-24.pdf
sbi/forex-card-rates/2026/2026-09-25.pdf,b7a9c229edf13f247ac7fd38b87480389f8d9d2489e7d5643890ad5b24a98f46,241462,application/pdf,2026-10-02T17:46:42Z,upstream,https://github.com/sakthipriyan/financial-data/raw/fa278a509a956062c41aae859b9818bcba95779a/src/sbi-fx-card-rates/2026/2026-09-25.pdf
sbi/forex-card-rates/2026/2026-09-27.pdf,dc70e7be72f27d1c3a4b1a93203425888a6fc951d088bafcc97550c264aab5b1,241447,application/pdf,2026-10-02T17:46:42Z,upstream,https://github.com/sakthipriyan/financial-data/raw/fa278a509a956062c41aae859b9818bcba95779a/src/sbi-fx-card-rates/2026/2026-09-27.pdf
sbi/forex-card-rates/2026/2026-09-28.pdf,c62e8949acf628b47737b86cde5e60a9b08275aaa22fec3476e85919eb945d01,241451,application/pdf,2026-10-02T17:46:42Z,upstream,https://github.com/sakthipriyan/financial-data/raw/fa278a509a956062c41aae859b9818bcba95779a/src/sbi-fx-card-rates/2026/2026-09-28.pdf
sbi/forex-card-rates/2026/2026-09-29.pdf,ebf72215d5cf76fd02e84e7da1dddc7ee0f16668ed03655d7e65534fe25e0a4f,241463,application/pdf,2026-10-02T17:46:42Z,upstream,https://github.com/sakthipriyan/financial-data/raw/fa278a509a956062c41aae859b9818bcba95779a/src/sbi-fx-card-rates/2026/2026-09-29.pdf
sbi/forex-card-rates/2026/2026-09-30.pdf,e00871b893ac7a1f290235adb90730551078a6715ff71c20f285c9b7d3c9003d,241454,application/pdf,2026-10-02T17:46:42Z,upstream,https://github.com/sakthipriyan/financial-data/raw/fa278a509a956062c41aae859b9818bcba95779a/src/sbi-fx-card-rates/2026/2026-09-30.pdf
sbi/forex-card-rates/2026/2026-10-01.pdf,be41bff21a374f171a0e4dc9fe873757972eacdcdfd23deba134d23a0a9dd35d,241292,application/pdf,2026-10-02T17:46:42Z,upstream,https://github.com/sakthipriyan/financial-data/raw/fa278a509a956062c41aae859b9818bcba95779a/src/sbi-fx-card-rates/2026/2026-10-01.pdf
sbi/forex-card-rates/2026/2026-10-03.pdf,45b473948494f75a3a068358ee0d656ce68f9a02f57a1d28f669c605bb0a3bc1,241455,application/pdf,2026-10-03T05:25:11Z,auto,https://sbi.bank.in/documents/16012/1400784/FOREX_CARD_RATES.pdf
sbi/forex-card-rates/2026/2026-10-06.pdf,9ac5d6fdf25690bb00d31eca9c1407f842a95a2de38b6c7ae210b57ca32ef3e7,241455,application/pdf,2026-10-05T19:22:13Z,auto,https://sbi.bank.in/documents/16012/1400784/FOREX_CARD_RATES.pdf
