date,inr_per_usd
1973-01-02,8.02
1973-01-03,8.02
1973-01-04,8
1973-01-05,8.01
1973-01-08,8
1973-01-09,8
1973-01-10,8
1973-01-11,8
1973-01-12,8
1973-01-15,8
1973-01-16,8.01
1973-01-17,8.01
1973-01-18,8.01
1973-01-19,8
1973-01-22,8
1973-01-23,8
1973-01-24,8
1973-01-25,8
1973-01-26,8
1973-01-29,8.01
1973-01-30,8
1973-01-31,8
1973-02-01,8
1973-02-02,8
1973-02-05,7.97
1973-02-06,8
1973-02-07,8
1973-02-08,8.01
1973-02-09,8.01
1973-02-15,7.58
1973-02-16,7.58
1973-02-20,7.58
1973-02-21,7.58
1973-02-22,7.58
1973-02-23,7.58
1973-02-26,7.55
1973-02-27,7.52
1973-02-28,7.52
1973-03-01,7.55
1973-03-06,7.35
1973-03-07,7.19
1973-03-08,7.25
1973-03-09,7.55
1973-03-12,7.52
1973-03-13,7.52
1973-03-14,7.94
1973-03-15,7.52
1973-03-16,7.81
1973-03-19,7.6
1973-03-20,7.58
1973-03-21,7.58
1973-03-22,7.58
1973-03-23,7.58
1973-03-26,7.58
1973-03-27,7.55
1973-03-28,7.55
1973-03-29,7.58
1973-03-30,7.55
1973-04-02,7.58
1973-04-03,7.55
1973-04-04,7.55
1973-04-05,7.55
1973-04-06,7.55
1973-04-09,7.55
1973-04-10,7.55
1973-04-11,7.52
1973-04-12,7.5
1973-04-13,7.52
1973-04-16,7.52
1973-04-17,7.55
1973-04-18,7.55
1973-04-19,7.55
1973-04-20,7.55
1973-04-23,7.55
1973-04-24,7.56
1973-04-25,7.55
1973-04-26,7.56
1973-04-27,7.58
1973-04-30,7.53
1973-05-01,7.54
1973-05-02,7.52
1973-05-03,7.55
1973-05-04,7.55
1973-05-07,7.55
1973-05-08,7.55
1973-05-09,7.52
1973-05-10,7.52
1973-05-11,7.52
1973-05-14,7.46
1973-05-15,7.46
1973-05-16,7.49
1973-05-17,7.52
1973-05-18,7.52
1973-05-21,7.52
1973-05-22,7.52
1973-05-23,7.52
1973-05-24,7.46
1973-05-25,7.41
1973-05-29,7.4
1973-05-30,7.35
1973-05-31,7.39
1973-06-01,7.25
1973-06-04,7.22
1973-06-05,7.22
1973-06-06,7.27
1973-06-07,7.25
1973-06-08,7.3
1973-06-11,7.3
1973-06-12,7.33
1973-06-13,7.33
1973-06-14,7.26
1973-06-15,7.3
1973-06-18,7.25
1973-06-19,7.25
1973-06-20,7.25
1973-06-21,7.25
1973-06-22,7.3
1973-06-25,7.27
1973-06-26,7.27
1973-06-27,7.27
1973-06-28,7.27
1973-06-29,7.3
1973-07-02,7.3
1973-07-03,7.27
1973-07-05,7.27
1973-07-06,7.3
1973-07-09,7.3
1973-07-10,7.3
1973-07-11,7.3
1973-07-12,7.25
1973-07-13,7.3
1973-07-16,7.3
1973-07-17,7.27
1973-07-18,7.27
1973-07-19,7.27
1973-07-20,7.41
1973-07-23,7.41
1973-07-24,7.46
1973-07-25,7.46
1973-07-26,7.46
1973-07-27,7.49
1973-07-30,7.49
1973-07-31,7.49
1973-08-01,7.49
1973-08-02,7.49
1973-08-03,7.49
1973-08-06,7.52
1973-08-07,7.52
1973-08-08,7.46
1973-08-09,7.49
1973-08-10,7.49
1973-08-13,7.62
1973-08-14,7.58
1973-08-15,7.6
1973-08-16,7.58
1973-08-17,7.66
1973-08-20,7.66
1973-08-21,7.66
1973-08-22,7.6
1973-08-23,7.6
1973-08-24,7.6
1973-08-27,7.58
1973-08-28,7.58
1973-08-29,7.55
1973-08-30,7.58
1973-08-31,7.58
1973-09-04,7.58
1973-09-05,7.55
1973-09-06,7.58
1973-09-07,7.58
1973-09-10,7.6
1973-09-11,7.6
1973-09-12,7.75
1973-09-13,7.78
1973-09-14,7.78
1973-09-17,7.75
1973-09-18,7.78
1973-09-19,7.75
1973-09-20,7.75
1973-09-21,7.75
1973-09-24,7.72
1973-09-25,7.75
1973-09-26,7.75
1973-09-27,7.75
1973-09-28,7.75
1973-10-01,7.72
1973-10-02,7.78
1973-10-03,7.78
1973-10-04,7.78
1973-10-05,7.78
1973-10-09,7.78
1973-10-10,7.75
1973-10-11,7.75
1973-10-12,7.75
1973-10-15,7.78
1973-10-16,7.72
1973-10-17,7.69
1973-10-18,7.69
1973-10-19,7.69
1973-10-23,7.69
1973-10-24,7.69
1973-10-25,7.69
1973-10-26,7.69
1973-10-29,7.69
1973-10-30,7.69
1973-10-31,7.69
1973-11-01,7.68
1973-11-02,7.68
1973-11-05,7.7
1973-11-07,7.76
1973-11-08,7.76
1973-11-09,7.78
1973-11-12,7.69
1973-11-13,7.69
1973-11-14,7.69
1973-11-15,7.69
1973-11-16,7.86
1973-11-19,7.86
1973-11-20,7.83
1973-11-21,7.83
1973-11-23,8
1973-11-26,8
1973-11-27,8
1973-11-28,8.06
1973-11-29,8.06
1973-11-30,8.06
1973-12-03,8.03
1973-12-04,8.03
1973-12-05,8.03
1973-12-06,8.06
1973-12-07,8.06
1973-12-10,8.06
1973-12-11,8.06
1973-12-12,8.13
1973-12-13,8.13
1973-12-14,8.13
1973-12-17,8.2
1973-12-18,8.2
1973-12-19,8.12
1973-12-20,8.12
1973-12-21,8.12
1973-12-24,8.12
1973-12-26,8.12
1973-12-27,8.16
1973-12-28,8.16
1973-12-31,8.16
1974-01-02,8.16
1974-01-03,8.21
1974-01-04,8.21
1974-01-07,8.21
1974-01-08,8.4
1974-01-09,8.4
1974-01-10,8.4
1974-01-11,8.4
1974-01-14,8.36
1974-01-15,8.36
1974-01-16,8.36
1974-01-17,8.36
1974-01-18,8.58
1974-01-21,8.58
1974-01-22,8.58
1974-01-23,8.62
1974-01-24,8.62
1974-01-25,8.62
1974-01-28,8.55
1974-01-29,8.55
1974-01-30,8.55
1974-01-31,8.55
1974-02-01,8.23
1974-02-04,8.23
1974-02-05,8.23
1974-02-06,8.23
1974-02-07,8.23
1974-02-08,8.37
1974-02-11,8.37
1974-02-13,8.33
1974-02-14,8.33
1974-02-15,8.23
1974-02-19,8.23
1974-02-20,8.23
1974-02-21,8.2
1974-02-22,8.2
1974-02-25,8.2
1974-02-26,8.2
1974-02-27,8.2
1974-02-28,8.16
1974-03-01,8.2
1974-03-04,8.2
1974-03-05,8.2
1974-03-06,8.2
1974-03-07,8.08
1974-03-08,8.1
1974-03-11,8.1
1974-03-12,8.1
1974-03-13,8.1
1974-03-14,8.1
1974-03-15,8.03
1974-03-18,8.03
1974-03-19,8.03
1974-03-20,8.03
1974-03-21,8.03
1974-03-22,7.97
1974-03-25,7.97
1974-03-26,7.97
1974-03-27,7.97
1974-03-28,7.97
1974-03-29,7.81
1974-04-01,7.81
1974-04-02,7.81
1974-04-03,7.81
1974-04-04,7.81
1974-04-05,7.84
1974-04-08,7.84
1974-04-09,7.84
1974-04-10,7.81
1974-04-11,7.81
1974-04-12,7.97
1974-04-15,7.97
1974-04-16,8
1974-04-17,7.97
1974-04-18,7.97
1974-04-19,7.87
1974-04-22,7.87
1974-04-23,7.87
1974-04-24,7.87
1974-04-25,7.87
1974-04-26,7.81
1974-04-29,7.81
1974-04-30,7.81
1974-05-01,7.81
1974-05-02,7.81
1974-05-03,7.75
1974-05-06,7.75
1974-05-07,7.87
1974-05-08,7.75
1974-05-09,7.75
1974-05-10,7.72
1974-05-13,7.72
1974-05-14,7.72
1974-05-15,7.72
1974-05-16,7.72
1974-05-17,7.81
1974-05-20,7.81
1974-05-21,7.84
1974-05-22,7.81
1974-05-23,7.81
1974-05-24,7.81
1974-05-28,7.81
1974-05-29,7.81
1974-05-30,7.81
1974-05-31,7.87
1974-06-03,7.87
1974-06-04,7.87
1974-06-05,7.87
1974-06-06,7.87
1974-06-07,7.81
1974-06-10,7.81
1974-06-11,7.81
1974-06-12,7.81
1974-06-13,7.81
1974-06-14,7.87
1974-06-17,7.87
1974-06-18,7.87
1974-06-19,7.87
1974-06-20,7.87
1974-06-21,7.87
1974-06-24,7.87
1974-06-25,7.87
1974-06-26,7.81
1974-06-27,7.81
1974-06-28,7.87
1974-07-01,7.81
1974-07-02,7.81
1974-07-03,7.81
1974-07-05,7.87
1974-07-08,7.81
1974-07-09,7.81
1974-07-10,7.81
1974-07-11,7.81
1974-07-12,7.87
1974-07-15,7.81
1974-07-16,7.81
1974-07-17,7.81
1974-07-18,7.81
1974-07-19,7.87
1974-07-22,7.81
1974-07-23,7.87
1974-07-24,7.84
1974-07-25,7.84
1974-07-26,7.87
1974-07-29,7.87
1974-07-30,7.87
1974-07-31,7.87
1974-08-01,7.81
1974-08-02,7.81
1974-08-05,7.87
1974-08-06,7.87
1974-08-07,7.87
1974-08-08,7.87
1974-08-09,7.94
1974-08-12,7.94
1974-08-13,7.94
1974-08-14,7.94
1974-08-15,7.94
1974-08-16,8.06
1974-08-19,8.06
1974-08-20,8.06
1974-08-21,8.06
1974-08-22,8.06
1974-08-23,8.06
1974-08-26,8.06
1974-08-27,8.1
1974-08-28,8.1
1974-08-29,8.1
1974-08-30,8.13
1974-09-03,8.13
1974-09-04,8.13
1974-09-05,8.13
1974-09-06,8.13
1974-09-09,8.13
1974-09-10,8.13
1974-09-11,8.13
1974-09-12,8.13
1974-09-13,8.12
1974-09-16,8.12
1974-09-17,8.12
1974-09-18,8.12
1974-09-19,8.12
1974-09-20,8.12
1974-09-23,8.12
1974-09-24,8.12
1974-09-25,8.12
1974-09-26,8.12
1974-09-27,8.12
1974-09-30,8.06
1974-10-01,8.06
1974-10-02,8.03
1974-10-03,8.03
1974-10-04,8.03
1974-10-07,8.06
1974-10-08,8.06
1974-10-09,8.06
1974-10-10,8.06
1974-10-11,8.03
1974-10-15,8.03
1974-10-16,8.03
1974-10-17,8.03
1974-10-18,8.06
1974-10-21,8.06
1974-10-22,8.06
1974-10-23,8.06
1974-10-24,8.06
1974-10-25,8.06
1974-10-28,8.06
1974-10-29,8.06
1974-10-30,8.06
1974-10-31,8.06
1974-11-01,8.06
1974-11-04,8.06
1974-11-06,8.06
1974-11-07,8.06
1974-11-08,8.03
1974-11-12,8.03
1974-11-13,8.03
1974-11-14,8.03
1974-11-15,8.1
1974-11-18,8.1
1974-11-19,8.1
1974-11-20,8.1
1974-11-21,8.1
1974-11-22,8.06
1974-11-25,8.06
1974-11-26,8.06
1974-11-27,8.06
1974-11-29,8.06
1974-12-02,8.06
1974-12-03,8.06
1974-12-04,8.06
1974-12-05,8.06
1974-12-06,8.1
1974-12-09,8.1
1974-12-10,8
1974-12-11,8
1974-12-12,8
1974-12-13,8.13
1974-12-16,8.13
1974-12-17,8.13
1974-12-18,8.13
1974-12-19,8.13
1974-12-20,8.13
1974-12-23,8.13
1974-12-24,8.13
1974-12-26,8.13
1974-12-27,8.13
1974-12-30,8.13
1974-12-31,8.13
1975-01-02,8.13
1975-01-03,8.13
1975-01-06,8.13
1975-01-07,8.13
1975-01-08,8.13
1975-01-09,8.13
1975-01-10,8.13
1975-01-13,8.13
1975-01-14,8.13
1975-01-15,8.13
1975-01-16,8.13
1975-01-17,8.13
1975-01-20,8.13
1975-01-21,8.13
1975-01-22,8.13
1975-01-23,8.13
1975-01-24,8.13
1975-01-27,8.13
1975-01-28,8.13
1975-01-29,8.13
1975-01-30,8.13
1975-01-31,8.13
1975-02-03,8.13
1975-02-04,8.13
1975-02-05,8.13
1975-02-06,8.13
1975-02-07,7.94
1975-02-10,7.94
1975-02-11,7.94
1975-02-13,7.94
1975-02-14,7.94
1975-02-18,7.94
1975-02-19,7.94
1975-02-20,7.94
1975-02-21,7.94
1975-02-24,7.94
1975-02-25,7.94
1975-02-26,7.94
1975-02-27,7.94
1975-02-28,7.75
1975-03-03,7.75
1975-03-04,7.75
1975-03-05,7.75
1975-03-06,7.75
1975-03-07,7.75
1975-03-10,7.75
1975-03-11,7.75
1975-03-12,7.75
1975-03-13,7.75
1975-03-14,7.75
1975-03-17,7.75
1975-03-18,7.75
1975-03-19,7.75
1975-03-20,7.75
1975-03-21,7.75
1975-03-24,7.75
1975-03-25,7.75
1975-03-26,7.75
1975-03-27,7.75
1975-03-28,7.75
1975-03-31,7.75
1975-04-01,7.75
1975-04-02,7.75
1975-04-03,7.75
1975-04-04,7.75
1975-04-07,7.84
1975-04-08,7.84
1975-04-09,7.84
1975-04-10,7.84
1975-04-11,7.84
1975-04-14,7.94
1975-04-15,7.94
1975-04-16,7.94
1975-04-17,7.94
1975-04-18,7.94
1975-04-21,7.91
1975-04-22,7.91
1975-04-23,7.91
1975-04-24,7.91
1975-04-25,7.91
1975-04-28,8
1975-04-29,8
1975-04-30,8
1975-05-01,8
1975-05-02,8
1975-05-05,8
1975-05-06,8.03
1975-05-07,8.03
1975-05-08,8.03
1975-05-09,8.03
1975-05-12,8.03
1975-05-13,8.03
1975-05-14,8.03
1975-05-15,8.03
1975-05-16,8.03
1975-05-19,8.16
1975-05-20,8.16
1975-05-21,8.16
1975-05-22,8.16
1975-05-23,8.16
1975-05-27,8.1
1975-05-28,8.1
1975-05-29,8.1
1975-05-30,8.1
1975-06-02,8.1
1975-06-03,8.1
1975-06-04,8.1
1975-06-05,8.1
1975-06-06,8.1
1975-06-09,8.1
1975-06-10,8.1
1975-06-11,8.1
1975-06-12,8.1
1975-06-13,8.1
1975-06-16,8.23
1975-06-17,8.23
1975-06-18,8.23
1975-06-19,8.23
1975-06-20,8.26
1975-06-23,8.26
1975-06-24,8.26
1975-06-25,8.26
1975-06-26,8.26
1975-06-27,8.4
1975-06-30,8.4
1975-07-01,8.4
1975-07-02,8.51
1975-07-03,8.47
1975-07-07,8.47
1975-07-08,8.47
1975-07-09,8.4
1975-07-10,8.4
1975-07-11,8.47
1975-07-14,8.47
1975-07-15,8.47
1975-07-16,8.47
1975-07-17,8.47
1975-07-18,8.55
1975-07-21,8.55
1975-07-22,8.55
1975-07-23,8.55
1975-07-24,8.55
1975-07-25,8.51
1975-07-28,8.51
1975-07-29,8.51
1975-07-30,8.51
1975-07-31,8.51
1975-08-01,8.62
1975-08-04,8.62
1975-08-05,8.62
1975-08-06,8.62
1975-08-07,8.62
1975-08-08,8.85
1975-08-11,8.85
1975-08-12,8.85
1975-08-13,8.85
1975-08-14,8.85
1975-08-15,8.81
1975-08-18,8.81
1975-08-19,8.81
1975-08-20,8.81
1975-08-21,8.81
1975-08-22,8.85
1975-08-25,8.85
1975-08-26,8.85
1975-08-27,8.85
1975-08-28,8.85
1975-08-29,8.93
1975-09-02,8.93
1975-09-03,8.93
1975-09-04,8.93
1975-09-05,8.77
1975-09-08,8.77
1975-09-09,8.77
1975-09-10,8.77
1975-09-11,8.77
1975-09-12,8.81
1975-09-15,8.81
1975-09-16,8.81
1975-09-17,8.81
1975-09-18,8.81
1975-09-19,8.93
1975-09-22,8.93
1975-09-23,8.93
1975-09-24,8.93
1975-09-25,8.93
1975-09-26,8.94
1975-09-29,8.94
1975-09-30,8.94
1975-10-01,8.94
1975-10-02,8.94
1975-10-03,8.97
1975-10-06,8.97
1975-10-07,8.97
1975-10-08,8.97
1975-10-09,8.97
1975-10-10,8.89
1975-10-14,8.89
1975-10-15,8.89
1975-10-16,8.89
1975-10-17,8.89
1975-10-20,8.89
1975-10-21,8.89
1975-10-22,8.89
1975-10-23,8.89
1975-10-24,8.85
1975-10-27,8.85
1975-10-28,8.85
1975-10-29,8.85
1975-10-30,8.73
1975-10-31,8.81
1975-11-03,8.81
1975-11-05,8.81
1975-11-06,8.81
1975-11-07,8.81
1975-11-10,8.81
1975-11-12,8.81
1975-11-13,8.81
1975-11-14,8.93
1975-11-17,8.93
1975-11-18,8.93
1975-11-19,8.93
1975-11-20,8.93
1975-11-21,8.97
1975-11-24,8.97
1975-11-25,8.97
1975-11-26,8.97
1975-11-28,9.09
1975-12-01,9.09
1975-12-02,9.09
1975-12-03,9.09
1975-12-04,9.09
1975-12-05,8.93
1975-12-08,8.93
1975-12-09,8.93
1975-12-10,8.93
1975-12-11,8.93
1975-12-12,8.97
1975-12-15,8.97
1975-12-16,8.97
1975-12-17,8.97
1975-12-18,8.97
1975-12-19,8.97
1975-12-22,8.97
1975-12-23,8.97
1975-12-24,8.97
1975-12-26,8.97
1975-12-29,8.97
1975-12-30,8.97
1975-12-31,8.97
1976-01-02,8.97
1976-01-05,8.97
1976-01-06,8.97
1976-01-07,8.97
1976-01-08,8.97
1976-01-09,8.93
1976-01-12,8.93
1976-01-13,8.93
1976-01-14,8.93
1976-01-15,8.91
1976-01-16,8.93
1976-01-19,8.93
1976-01-20,8.93
1976-01-21,8.93
1976-01-22,8.93
1976-01-23,8.97
1976-01-26,8.97
1976-01-27,8.97
1976-01-28,8.97
1976-01-29,8.97
1976-01-30,8.91
1976-02-02,8.91
1976-02-03,8.91
1976-02-04,8.91
1976-02-05,8.91
1976-02-06,8.93
1976-02-09,8.93
1976-02-10,8.93
1976-02-11,8.93
1976-02-13,8.94
1976-02-17,8.94
1976-02-18,8.94
1976-02-19,8.94
1976-02-20,8.97
1976-02-23,8.97
1976-02-24,8.97
1976-02-25,8.97
1976-02-26,8.97
1976-02-27,8.93
1976-03-01,8.93
1976-03-02,8.93
1976-03-03,8.93
1976-03-04,8.93
1976-03-05,8.93
1976-03-08,9.09
1976-03-09,9.09
1976-03-10,9.09
1976-03-11,9.09
1976-03-12,8.93
1976-03-15,8.93
1976-03-16,8.93
1976-03-17,8.93
1976-03-18,8.93
1976-03-19,8.93
1976-03-22,8.93
1976-03-23,8.93
1976-03-24,8.93
1976-03-25,8.93
1976-03-26,8.97
1976-03-29,8.97
1976-03-30,8.97
1976-03-31,8.97
1976-04-01,8.97
1976-04-02,9.01
1976-04-05,9.01
1976-04-06,9.01
1976-04-07,9.01
1976-04-08,9.01
1976-04-09,9.01
1976-04-12,9.01
1976-04-13,9.01
1976-04-14,9.01
1976-04-15,9.01
1976-04-16,9.01
1976-04-19,9.01
1976-04-20,9.01
1976-04-21,9.01
1976-04-22,9.09
1976-04-23,8.93
1976-04-26,8.93
1976-04-27,8.93
1976-04-28,8.93
1976-04-29,8.93
1976-04-30,8.97
1976-05-03,8.97
1976-05-04,8.97
1976-05-05,8.97
1976-05-06,8.97
1976-05-07,9.01
1976-05-10,9.01
1976-05-11,9.01
1976-05-12,9.01
1976-05-13,9.01
1976-05-14,9.01
1976-05-17,9.01
1976-05-18,9.01
1976-05-19,9.01
1976-05-20,9.01
1976-05-21,9.05
1976-05-24,9.05
1976-05-25,9.05
1976-05-26,9.05
1976-05-27,9.05
1976-05-28,9.3
1976-06-01,9.3
1976-06-02,9.35
1976-06-03,9.35
1976-06-04,9.3
1976-06-07,9.3
1976-06-08,9.3
1976-06-09,9.3
1976-06-10,9.3
1976-06-11,9.01
1976-06-14,9.01
1976-06-15,9.01
1976-06-16,9.01
1976-06-17,9.01
1976-06-18,8.97
1976-06-21,8.97
1976-06-22,8.97
1976-06-23,8.97
1976-06-24,8.97
1976-06-25,9.01
1976-06-28,9.01
1976-06-29,9.01
1976-06-30,9.01
1976-07-01,9.01
1976-07-02,8.89
1976-07-06,8.89
1976-07-07,8.89
1976-07-08,8.89
1976-07-09,8.97
1976-07-12,8.97
1976-07-13,8.97
1976-07-14,8.97
1976-07-15,8.97
1976-07-16,8.9
1976-07-19,8.9
1976-07-20,8.9
1976-07-21,8.9
1976-07-22,8.9
1976-07-23,8.9
1976-07-26,8.9
1976-07-27,8.9
1976-07-28,8.9
1976-07-29,8.9
1976-07-30,8.97
1976-08-02,8.97
1976-08-03,8.97
1976-08-04,8.97
1976-08-05,8.97
1976-08-06,8.97
1976-08-09,8.97
1976-08-10,8.97
1976-08-11,8.97
1976-08-12,8.97
1976-08-13,8.97
1976-08-16,8.97
1976-08-17,8.97
1976-08-18,8.97
1976-08-19,8.97
1976-08-20,8.97
1976-08-23,8.97
1976-08-24,8.97
1976-08-25,8.97
1976-08-26,8.97
1976-08-27,9.01
1976-08-30,9.01
1976-08-31,9.01
1976-09-01,9.01
1976-09-02,9.01
1976-09-03,9.01
1976-09-07,9.01
1976-09-08,9.01
1976-09-09,9.01
1976-09-10,9.13
1976-09-13,9.13
1976-09-14,9.13
1976-09-15,9.13
1976-09-16,9.13
1976-09-17,9.13
1976-09-20,9.13
1976-09-21,9.13
1976-09-22,9.13
1976-09-23,9.13
1976-09-24,9.03
1976-09-27,9.03
1976-09-28,9.17
1976-09-29,8.85
1976-09-30,8.85
1976-10-01,8.85
1976-10-04,8.85
1976-10-05,8.85
1976-10-06,8.85
1976-10-07,8.85
1976-10-08,8.85
1976-10-12,8.85
1976-10-13,8.85
1976-10-14,8.85
1976-10-15,8.93
1976-10-18,8.93
1976-10-19,8.93
1976-10-20,8.93
1976-10-21,8.93
1976-10-22,8.93
1976-10-25,8.93
1976-10-26,8.93
1976-10-27,8.93
1976-10-28,8.93
1976-10-29,8.97
1976-11-01,8.97
1976-11-03,8.97
1976-11-04,8.97
1976-11-05,9.05
1976-11-08,9.05
1976-11-09,9.05
1976-11-10,9.05
1976-11-12,9.01
1976-11-15,9.01
1976-11-16,9.01
1976-11-17,9.01
1976-11-18,9.01
1976-11-19,9.01
1976-11-22,8.73
1976-11-23,8.73
1976-11-24,8.93
1976-11-26,8.93
1976-11-29,8.93
1976-11-30,8.93
1976-12-01,8.93
1976-12-02,8.93
1976-12-03,8.81
1976-12-06,8.81
1976-12-07,8.81
1976-12-08,8.81
1976-12-09,8.81
1976-12-10,8.77
1976-12-13,8.77
1976-12-14,8.77
1976-12-15,8.77
1976-12-16,8.77
1976-12-17,8.81
1976-12-20,8.81
1976-12-21,8.81
1976-12-22,8.81
1976-12-23,8.81
1976-12-24,9.01
1976-12-27,8.97
1976-12-28,8.97
1976-12-29,8.97
1976-12-30,8.97
1976-12-31,8.93
1977-01-03,8.93
1977-01-04,8.93
1977-01-05,8.93
1977-01-06,8.93
1977-01-07,8.93
1977-01-10,9.01
1977-01-11,9.01
1977-01-12,9.01
1977-01-13,9.01
1977-01-14,8.89
1977-01-17,8.89
1977-01-18,8.89
1977-01-19,8.89
1977-01-20,8.89
1977-01-21,8.85
1977-01-24,8.85
1977-01-25,8.85
1977-01-26,8.85
1977-01-27,8.85
1977-01-28,8.81
1977-01-31,8.81
1977-02-01,8.81
1977-02-02,8.81
1977-02-03,8.81
1977-02-04,8.89
1977-02-07,8.89
1977-02-08,8.89
1977-02-09,8.89
1977-02-10,8.89
1977-02-11,8.85
1977-02-14,8.85
1977-02-15,8.85
1977-02-16,8.85
1977-02-17,8.85
1977-02-18,8.85
1977-02-22,8.89
1977-02-23,8.89
1977-02-24,8.89
1977-02-25,8.87
1977-02-28,8.87
1977-03-01,8.87
1977-03-02,8.87
1977-03-03,8.87
1977-03-04,8.85
1977-03-07,8.85
1977-03-08,8.85
1977-03-09,8.85
1977-03-10,8.85
1977-03-11,8.85
1977-03-14,8.85
1977-03-15,8.85
1977-03-16,8.85
1977-03-17,8.85
1977-03-18,8.83
1977-03-21,8.83
1977-03-22,8.83
1977-03-23,8.83
1977-03-24,8.83
1977-03-25,8.82
1977-03-28,8.82
1977-03-29,8.82
1977-03-30,8.82
1977-03-31,8.82
1977-04-01,8.82
1977-04-04,8.82
1977-04-05,8.82
1977-04-06,8.82
1977-04-07,8.82
1977-04-08,8.85
1977-04-11,8.85
1977-04-12,8.85
1977-04-13,8.85
1977-04-14,8.85
1977-04-15,8.85
1977-04-18,8.85
1977-04-19,8.85
1977-04-20,8.85
1977-04-21,8.85
1977-04-22,8.85
1977-04-25,8.85
1977-04-26,8.85
1977-04-27,8.85
1977-04-28,8.85
1977-04-29,8.85
1977-05-02,8.85
1977-05-03,8.85
1977-05-04,8.85
1977-05-05,8.85
1977-05-06,8.85
1977-05-09,8.85
1977-05-10,8.85
1977-05-11,8.85
1977-05-12,8.85
1977-05-13,8.81
1977-05-16,8.81
1977-05-17,8.81
1977-05-18,8.81
1977-05-19,8.81
1977-05-20,8.83
1977-05-23,8.83
1977-05-24,8.83
1977-05-25,8.83
1977-05-26,8.83
1977-05-27,8.83
1977-05-31,8.83
1977-06-01,8.83
1977-06-02,8.83
1977-06-03,8.85
1977-06-06,8.85
1977-06-07,8.85
1977-06-08,8.85
1977-06-09,8.85
1977-06-10,8.85
1977-06-13,8.85
1977-06-14,8.85
1977-06-15,8.85
1977-06-16,8.85
1977-06-17,8.85
1977-06-20,8.88
1977-06-21,8.88
1977-06-22,8.88
1977-06-23,8.88
1977-06-24,8.88
1977-06-27,8.88
1977-06-28,8.88
1977-06-29,8.88
1977-06-30,8.88
1977-07-01,8.81
1977-07-05,8.81
1977-07-06,8.81
1977-07-07,8.81
1977-07-08,8.81
1977-07-11,8.81
1977-07-12,8.81
1977-07-13,8.81
1977-07-15,8.85
1977-07-18,8.85
1977-07-19,8.85
1977-07-20,8.85
1977-07-21,8.85
1977-07-22,8.81
1977-07-25,8.81
1977-07-26,8.81
1977-07-27,8.81
1977-07-28,8.81
1977-07-29,8.73
1977-08-01,8.73
1977-08-02,8.73
1977-08-03,8.73
1977-08-04,8.73
1977-08-05,8.72
1977-08-08,8.72
1977-08-09,8.72
1977-08-10,8.72
1977-08-11,8.72
1977-08-12,8.72
1977-08-15,8.72
1977-08-16,8.72
1977-08-17,8.72
1977-08-18,8.72
1977-08-19,8.71
1977-08-22,8.71
1977-08-23,8.71
1977-08-24,8.71
1977-08-25,8.71
1977-08-26,8.73
1977-08-29,8.73
1977-08-30,8.73
1977-08-31,8.73
1977-09-01,8.73
1977-09-02,8.73
1977-09-06,8.73
1977-09-07,8.73
1977-09-08,8.73
1977-09-09,8.73
1977-09-12,8.73
1977-09-13,8.73
1977-09-14,8.73
1977-09-15,8.73
1977-09-16,8.73
1977-09-19,8.73
1977-09-20,8.73
1977-09-21,8.73
1977-09-22,8.73
1977-09-23,8.73
1977-09-26,8.73
1977-09-27,8.73
1977-09-28,8.73
1977-09-29,8.73
1977-09-30,8.73
1977-10-03,8.73
1977-10-04,8.73
1977-10-05,8.73
1977-10-06,8.73
1977-10-07,8.62
1977-10-11,8.62
1977-10-12,8.62
1977-10-13,8.62
1977-10-14,8.58
1977-10-17,8.58
1977-10-18,8.58
1977-10-19,8.58
1977-10-20,8.58
1977-10-21,8.58
1977-10-24,8.58
1977-10-25,8.58
1977-10-26,8.58
1977-10-27,8.58
1977-10-28,8.55
1977-10-31,8.55
1977-11-01,8.55
1977-11-02,8.55
1977-11-03,8.55
1977-11-04,8.7
1977-11-07,8.7
1977-11-09,8.7
1977-11-10,8.7
1977-11-14,8.7
1977-11-15,8.7
1977-11-16,8.7
1977-11-17,8.7
1977-11-18,8.61
1977-11-21,8.61
1977-11-22,8.61
1977-11-23,8.61
1977-11-25,8.62
1977-11-28,8.62
1977-11-29,8.62
1977-11-30,8.62
1977-12-01,8.62
1977-12-02,8.62
1977-12-05,8.62
1977-12-06,8.62
1977-12-07,8.62
1977-12-08,8.62
1977-12-09,8.62
1977-12-12,8.62
1977-12-13,8.62
1977-12-14,8.62
1977-12-15,8.62
1977-12-16,8.47
1977-12-19,8.47
1977-12-20,8.47
1977-12-21,8.47
1977-12-22,8.47
1977-12-23,8.47
1977-12-27,8.47
1977-12-28,8.47
1977-12-29,8.47
1977-12-30,8.23
1978-01-03,8.47
1978-01-04,8.47
1978-01-05,8.47
1978-01-06,8.23
1978-01-09,8.23
1978-01-10,8.23
1978-01-11,8.23
1978-01-12,8.23
1978-01-13,8.16
1978-01-16,8.16
1978-01-17,8.16
1978-01-18,8.16
1978-01-19,8.16
1978-01-20,8.16
1978-01-23,8.1
1978-01-24,8.1
1978-01-25,8.1
1978-01-26,8.1
1978-01-27,8.1
1978-01-30,8.1
1978-01-31,8.1
1978-02-01,8.06
1978-02-02,8.06
1978-02-03,8.06
1978-02-06,8.06
1978-02-07,8.1
1978-02-08,8.1
1978-02-09,8.1
1978-02-10,8.13
1978-02-14,8.13
1978-02-15,8.13
1978-02-16,8.13
1978-02-17,8.13
1978-02-21,8.13
1978-02-22,8.13
1978-02-23,8.13
1978-02-24,8.13
1978-02-27,8.13
1978-02-28,8.13
1978-03-01,8.13
1978-03-02,8.13
1978-03-03,8.13
1978-03-06,8.1
1978-03-07,8.1
1978-03-08,8.1
1978-03-09,8.1
1978-03-10,8.1
1978-03-13,8.23
1978-03-14,8.23
1978-03-15,8.23
1978-03-16,8.23
1978-03-17,8.23
1978-03-20,8.1
1978-03-21,8.1
1978-03-22,8.23
1978-03-23,8.33
1978-03-24,8.33
1978-03-27,8.33
1978-03-28,8.33
1978-03-29,8.33
1978-03-30,8.33
1978-03-31,8.33
1978-04-03,8.33
1978-04-04,8.33
1978-04-05,8.33
1978-04-06,8.33
1978-04-07,8.38
1978-04-10,8.38
1978-04-11,8.38
1978-04-12,8.38
1978-04-13,8.38
1978-04-14,8.4
1978-04-17,8.4
1978-04-18,8.4
1978-04-19,8.4
1978-04-20,8.4
1978-04-21,8.7
1978-04-24,8.7
1978-04-25,8.7
1978-04-26,8.7
1978-04-27,8.7
1978-04-28,8.58
1978-05-01,8.58
1978-05-02,8.58
1978-05-03,8.58
1978-05-04,8.58
1978-05-05,8.55
1978-05-08,8.55
1978-05-09,8.55
1978-05-10,8.55
1978-05-11,8.55
1978-05-12,8.55
1978-05-15,8.64
1978-05-16,8.64
1978-05-17,8.64
1978-05-18,8.64
1978-05-19,8.64
1978-05-22,8.67
1978-05-23,8.67
1978-05-24,8.67
1978-05-25,8.67
1978-05-26,8.44
1978-05-29,8.44
1978-05-31,8.44
1978-06-01,8.44
1978-06-02,8.4
1978-06-05,8.4
1978-06-06,8.4
1978-06-07,8.4
1978-06-08,8.4
1978-06-09,8.4
1978-06-12,8.44
1978-06-13,8.44
1978-06-14,8.44
1978-06-15,8.44
1978-06-16,8.44
1978-06-19,8.44
1978-06-20,8.44
1978-06-21,8.44
1978-06-22,8.44
1978-06-23,8.44
1978-06-26,8.33
1978-06-27,8.33
1978-06-28,8.33
1978-06-29,8.33
1978-06-30,8.33
1978-07-03,8.26
1978-07-05,8.26
1978-07-06,8.26
1978-07-07,8.23
1978-07-10,8.23
1978-07-11,8.23
1978-07-12,8.23
1978-07-13,8.23
1978-07-14,8.13
1978-07-17,8.13
1978-07-18,8.13
1978-07-19,8.13
1978-07-20,8.13
1978-07-21,8.13
1978-07-24,8.13
1978-07-25,8.13
1978-07-26,8.13
1978-07-27,8.13
1978-07-28,8.13
1978-07-31,7.97
1978-08-01,7.97
1978-08-02,7.97
1978-08-03,7.97
1978-08-04,7.97
1978-08-07,8.03
1978-08-08,8.03
1978-08-09,8.03
1978-08-10,8.03
1978-08-11,8.03
1978-08-14,7.9
1978-08-15,7.9
1978-08-16,7.9
1978-08-17,7.9
1978-08-18,7.9
1978-08-21,8.03
1978-08-22,8.03
1978-08-23,8.03
1978-08-24,8.03
1978-08-25,8.03
1978-08-28,8.16
1978-08-29,8.16
1978-08-30,8.16
1978-08-31,8.16
1978-09-01,8.16
1978-09-05,8.03
1978-09-06,8.03
1978-09-07,8.03
1978-09-08,8.03
1978-09-11,8.11
1978-09-12,8.11
1978-09-13,8.11
1978-09-14,8.11
1978-09-15,8.11
1978-09-18,8.01
1978-09-19,8.01
1978-09-20,8.01
1978-09-21,8.01
1978-09-22,8.01
1978-09-25,7.97
1978-09-26,7.97
1978-09-27,7.97
1978-09-28,7.97
1978-09-29,7.97
1978-10-02,7.97
1978-10-03,7.97
1978-10-04,7.97
1978-10-05,7.97
1978-10-06,7.97
1978-10-10,7.92
1978-10-11,7.92
1978-10-12,7.91
1978-10-13,7.91
1978-10-16,7.87
1978-10-17,7.87
1978-10-18,7.87
1978-10-19,7.87
1978-10-20,7.97
1978-10-23,7.97
1978-10-24,7.97
1978-10-25,7.97
1978-10-26,7.97
1978-10-27,7.97
1978-10-30,7.66
1978-10-31,7.66
1978-11-01,7.66
1978-11-02,7.66
1978-11-03,7.66
1978-11-06,7.81
1978-11-08,7.81
1978-11-09,7.81
1978-11-10,7.81
1978-11-13,8
1978-11-14,8
1978-11-15,8
1978-11-16,8
1978-11-17,8.2
1978-11-20,8.2
1978-11-21,8.2
1978-11-22,8.2
1978-11-24,8.33
1978-11-27,8.33
1978-11-28,8.33
1978-11-29,8.33
1978-11-30,8.33
1978-12-01,8.18
1978-12-04,8.18
1978-12-05,8.18
1978-12-06,8.18
1978-12-07,8.18
1978-12-08,8.18
1978-12-11,8.29
1978-12-12,8.29
1978-12-13,8.29
1978-12-14,8.29
1978-12-15,8.29
1978-12-18,8.16
1978-12-19,8.16
1978-12-20,8.16
1978-12-21,8.16
1978-12-22,8.23
1978-12-26,8.23
1978-12-27,8.23
1978-12-28,8.23
1978-12-29,8.23
1979-01-02,8.08
1979-01-03,8.08
1979-01-04,8.08
1979-01-05,8.08
1979-01-08,8.08
1979-01-09,8.08
1979-01-10,8.08
1979-01-11,8.08
1979-01-12,8.33
1979-01-15,8.33
1979-01-16,8.33
1979-01-17,8.33
1979-01-18,8.33
1979-01-19,8.23
1979-01-22,8.23
1979-01-23,8.23
1979-01-24,8.23
1979-01-25,8.23
1979-01-26,8.29
1979-01-29,8.29
1979-01-30,8.29
1979-01-31,8.29
1979-02-01,8.29
1979-02-02,8.29
1979-02-05,8.3
1979-02-06,8.3
1979-02-07,8.3
1979-02-08,8.3
1979-02-09,8.3
1979-02-13,8.22
1979-02-14,8.22
1979-02-15,8.22
1979-02-16,8.22
1979-02-20,8.22
1979-02-21,8.22
1979-02-22,8.22
1979-02-23,8.22
1979-02-26,8.22
1979-02-27,8.22
1979-02-28,8.22
1979-03-01,8.22
1979-03-02,8.17
1979-03-05,8.22
1979-03-06,8.22
1979-03-07,8.22
1979-03-08,8.22
1979-03-09,8.22
1979-03-12,8.18
1979-03-13,8.18
1979-03-14,8.18
1979-03-15,8.18
1979-03-16,8.29
1979-03-19,8.29
1979-03-20,8.29
1979-03-21,8.29
1979-03-22,8.29
1979-03-23,8.3
1979-03-26,8.3
1979-03-27,8.3
1979-03-28,8.3
1979-03-29,8.3
1979-03-30,8.16
1979-04-02,8.14
1979-04-03,8.14
1979-04-04,8.14
1979-04-05,8.08
1979-04-06,8.1
1979-04-09,8.2
1979-04-10,8.2
1979-04-11,8.2
1979-04-12,8.2
1979-04-13,8.13
1979-04-16,8.1
1979-04-17,8.1
1979-04-18,8.1
1979-04-19,8.2
1979-04-20,8.3
1979-04-23,8.3
1979-04-24,8.3
1979-04-25,8.33
1979-04-26,8.33
1979-04-27,8.37
1979-04-30,8.37
1979-05-01,8.37
1979-05-02,8.37
1979-05-03,8.37
1979-05-04,8.26
1979-05-07,8.26
1979-05-08,8.26
1979-05-09,8.26
1979-05-10,8.3
1979-05-11,8.39
1979-05-14,8.39
1979-05-15,8.39
1979-05-16,8.39
1979-05-17,8.39
1979-05-18,8.22
1979-05-21,8.22
1979-05-22,8.22
1979-05-23,8.22
1979-05-24,8.22
1979-05-25,8.26
1979-05-28,8.22
1979-05-29,8.22
1979-05-31,8.16
1979-06-01,8.16
1979-06-04,8.16
1979-06-05,8.16
1979-06-06,8.16
1979-06-07,8.16
1979-06-08,8.17
1979-06-11,8.17
1979-06-12,8.1
1979-06-13,8.06
1979-06-14,8
1979-06-15,8.15
1979-06-18,8.16
1979-06-19,8.16
1979-06-20,8.06
1979-06-21,8.06
1979-06-22,8.13
1979-06-25,8.13
1979-06-26,8.1
1979-06-27,8.11
1979-06-28,8.08
1979-06-29,8.06
1979-07-02,8.01
1979-07-03,7.87
1979-07-05,7.97
1979-07-06,7.96
1979-07-09,7.96
1979-07-10,7.96
1979-07-11,7.96
1979-07-12,7.96
1979-07-13,8
1979-07-16,8
1979-07-17,7.91
1979-07-18,7.91
1979-07-19,7.84
1979-07-20,7.84
1979-07-23,7.8
1979-07-24,7.75
1979-07-25,7.75
1979-07-26,7.75
1979-07-27,7.94
1979-07-30,7.94
1979-07-31,7.96
1979-08-01,8
1979-08-02,8
1979-08-03,7.87
1979-08-06,7.99
1979-08-07,7.99
1979-08-08,7.99
1979-08-09,8.03
1979-08-10,8
1979-08-13,7.99
1979-08-14,7.99
1979-08-15,7.99
1979-08-16,7.99
1979-08-17,8
1979-08-20,8
1979-08-21,8
1979-08-22,8
1979-08-23,8
1979-08-24,8.08
1979-08-27,8.08
1979-08-28,8.08
1979-08-29,8.08
1979-08-30,8.08
1979-08-31,8.03
1979-09-04,8.08
1979-09-05,8.03
1979-09-06,8.03
1979-09-07,8.03
1979-09-10,8.03
1979-09-11,8.03
1979-09-12,8.03
1979-09-13,8.14
1979-09-14,8.24
1979-09-17,8.24
1979-09-18,8.24
1979-09-19,8.24
1979-09-20,8.24
1979-09-21,8.13
1979-09-24,8.24
1979-09-25,8.24
1979-09-26,8.24
1979-09-27,8.06
1979-09-28,8.07
1979-10-01,8.09
1979-10-02,8.09
1979-10-03,8.08
1979-10-04,8.08
1979-10-05,8.12
1979-10-09,8.25
1979-10-10,8.25
1979-10-11,8.18
1979-10-12,8.18
1979-10-15,8.18
1979-10-16,8.18
1979-10-17,8.18
1979-10-18,8.25
1979-10-19,8.26
1979-10-22,8.26
1979-10-23,8.34
1979-10-24,8.3
1979-10-25,8.3
1979-10-26,8.3
1979-10-29,8.3
1979-10-30,8.4
1979-10-31,8.4
1979-11-01,8.32
1979-11-02,8.37
1979-11-05,8.33
1979-11-07,8.28
1979-11-08,8.25
1979-11-09,8.28
1979-11-13,8.28
1979-11-14,8.23
1979-11-15,8.1
1979-11-16,8.1
1979-11-19,8.15
1979-11-20,8.15
1979-11-21,8.15
1979-11-23,8.12
1979-11-26,8.1
1979-11-27,8.16
1979-11-28,8.16
1979-11-29,8.1
1979-11-30,8.03
1979-12-03,8
1979-12-04,8.08
1979-12-05,8.1
1979-12-06,8.13
1979-12-07,8.03
1979-12-10,8.15
1979-12-11,8.15
1979-12-12,8.04
1979-12-13,8.13
1979-12-14,8.14
1979-12-17,8.14
1979-12-18,8.14
1979-12-19,8.14
1979-12-20,8.1
1979-12-21,8.14
1979-12-24,8.14
1979-12-26,8.14
1979-12-27,8.1
1979-12-28,8
1979-12-31,8
1980-01-02,8
1980-01-03,7.95
1980-01-04,8.05
1980-01-07,8.05
1980-01-08,8.05
1980-01-09,8
1980-01-10,8
1980-01-11,8.03
1980-01-14,8.03
1980-01-15,7.9
1980-01-16,7.9
1980-01-17,7.96
1980-01-18,7.85
1980-01-21,7.93
1980-01-22,7.98
1980-01-23,8
1980-01-24,8
1980-01-25,8
1980-01-28,8
1980-01-29,8
1980-01-30,8
1980-01-31,8.06
1980-02-01,8.04
1980-02-04,8.04
1980-02-05,8
1980-02-06,7.96
1980-02-07,7.92
1980-02-08,7.85
1980-02-11,7.9
1980-02-13,7.9
1980-02-14,7.9
1980-02-15,7.92
1980-02-19,7.98
1980-02-20,8
1980-02-21,8
1980-02-22,8
1980-02-25,8.05
1980-02-26,8.05
1980-02-27,8.02
1980-02-28,8.06
1980-02-29,8.06
1980-03-03,8.08
1980-03-04,8.08
1980-03-05,8.1
1980-03-06,8.13
1980-03-07,8.13
1980-03-10,8.13
1980-03-11,8.15
1980-03-12,8.13
1980-03-13,8.13
1980-03-14,8.17
1980-03-17,8.2
1980-03-18,8.2
1980-03-19,8.16
1980-03-20,8.16
1980-03-21,8.16
1980-03-24,8.16
1980-03-25,8.15
1980-03-26,8.15
1980-03-27,8.2
1980-03-28,8.2
1980-03-31,8.22
1980-04-01,8.3
1980-04-02,8.25
1980-04-03,8.2
1980-04-04,8.2
1980-04-07,8.2
1980-04-08,8.2
1980-04-09,8.2
1980-04-10,8.08
1980-04-11,8.08
1980-04-14,8.03
1980-04-15,8.05
1980-04-16,7.98
1980-04-17,8.05
1980-04-18,8.05
1980-04-21,8.03
1980-04-22,8
1980-04-23,7.97
1980-04-24,7.97
1980-04-25,8
1980-04-28,7.9
1980-04-29,7.9
1980-04-30,7.9
1980-05-01,7.9
1980-05-02,7.9
1980-05-05,7.9
1980-05-06,7.9
1980-05-07,7.9
1980-05-08,7.9
1980-05-09,7.9
1980-05-12,7.88
1980-05-13,7.9
1980-05-14,7.9
1980-05-15,7.9
1980-05-16,7.9
1980-05-19,7.9
1980-05-20,7.9
1980-05-21,7.85
1980-05-22,7.82
1980-05-23,7.82
1980-05-27,7.71
1980-05-28,7.75
1980-05-29,7.75
1980-05-30,7.75
1980-06-02,7.75
1980-06-03,7.77
1980-06-04,7.92
1980-06-05,7.86
1980-06-06,7.86
1980-06-09,7.82
1980-06-10,7.82
1980-06-11,7.85
1980-06-12,7.82
1980-06-13,7.82
1980-06-16,7.83
1980-06-17,7.85
1980-06-18,7.85
1980-06-19,7.89
1980-06-20,7.87
1980-06-23,7.85
1980-06-24,7.87
1980-06-25,7.87
1980-06-26,7.87
1980-06-27,7.85
1980-06-30,7.8
1980-07-01,7.8
1980-07-02,7.77
1980-07-03,7.8
1980-07-07,7.8
1980-07-08,7.75
1980-07-09,7.75
1980-07-10,7.77
1980-07-11,7.77
1980-07-14,7.75
1980-07-15,7.75
1980-07-16,7.75
1980-07-17,7.77
1980-07-18,7.77
1980-07-21,7.77
1980-07-22,7.76
1980-07-23,7.75
1980-07-24,7.75
1980-07-25,7.73
1980-07-28,7.77
1980-07-29,7.77
1980-07-30,7.76
1980-07-31,7.8
1980-08-01,7.8
1980-08-04,7.77
1980-08-05,7.78
1980-08-06,7.75
1980-08-07,7.75
1980-08-08,7.79
1980-08-11,7.79
1980-08-12,7.79
1980-08-13,7.77
1980-08-14,7.77
1980-08-15,7.77
1980-08-18,7.8
1980-08-19,7.83
1980-08-20,7.8
1980-08-21,7.8
1980-08-22,7.8
1980-08-25,7.8
1980-08-26,7.8
1980-08-27,7.77
1980-08-28,7.75
1980-08-29,7.75
1980-09-02,7.73
1980-09-03,7.73
1980-09-04,7.73
1980-09-05,7.73
1980-09-08,7.74
1980-09-09,7.74
1980-09-10,7.77
1980-09-11,7.72
1980-09-12,7.73
1980-09-15,7.77
1980-09-16,7.8
1980-09-17,7.8
1980-09-18,7.75
1980-09-19,7.75
1980-09-22,7.75
1980-09-23,7.75
1980-09-24,7.75
1980-09-25,7.75
1980-09-26,7.75
1980-09-29,7.75
1980-09-30,7.75
1980-10-01,7.75
1980-10-02,7.77
1980-10-03,7.77
1980-10-06,7.75
1980-10-07,7.76
1980-10-08,7.76
1980-10-09,7.76
1980-10-10,7.75
1980-10-14,7.73
1980-10-15,7.73
1980-10-16,7.73
1980-10-17,7.73
1980-10-20,7.72
1980-10-21,7.72
1980-10-22,7.72
1980-10-23,7.72
1980-10-24,7.68
1980-10-27,7.68
1980-10-28,7.72
1980-10-29,7.72
1980-10-30,7.72
1980-10-31,7.72
1980-11-03,7.72
1980-11-05,7.7
1980-11-06,7.7
1980-11-07,7.72
1980-11-10,7.73
1980-11-12,7.75
1980-11-13,7.74
1980-11-14,7.71
1980-11-17,7.8
1980-11-18,7.8
1980-11-19,7.8
1980-11-20,7.8
1980-11-21,7.8
1980-11-24,7.85
1980-11-25,7.85
1980-11-26,7.82
1980-11-28,7.82
1980-12-01,7.86
1980-12-02,7.86
1980-12-03,7.92
1980-12-04,7.92
1980-12-05,7.92
1980-12-08,7.91
1980-12-09,7.92
1980-12-10,7.92
1980-12-11,7.97
1980-12-12,7.95
1980-12-15,7.92
1980-12-16,7.98
1980-12-17,7.99
1980-12-18,7.98
1980-12-19,7.97
1980-12-22,7.95
1980-12-23,7.91
1980-12-24,7.91
1980-12-26,7.91
1980-12-29,7.94
1980-12-30,7.94
1980-12-31,7.94
1981-01-02,7.89
1981-01-05,7.81
1981-01-06,7.89
1981-01-07,7.86
1981-01-08,7.95
1981-01-09,7.95
1981-01-12,7.93
1981-01-13,7.99
1981-01-14,7.97
1981-01-15,7.96
1981-01-16,7.97
1981-01-19,7.97
1981-01-20,7.9
1981-01-21,7.93
1981-01-22,7.93
1981-01-23,7.98
1981-01-26,7.98
1981-01-27,8.03
1981-01-28,8.05
1981-01-29,8.07
1981-01-30,8.1
1981-02-02,8.2
1981-02-03,8.15
1981-02-04,8.12
1981-02-05,8.15
1981-02-06,8.16
1981-02-09,8.16
1981-02-10,8.16
1981-02-11,8.18
1981-02-13,8.21
1981-02-17,8.24
1981-02-18,8.22
1981-02-19,8.22
1981-02-20,8.23
1981-02-23,8.29
1981-02-24,8.31
1981-02-25,8.33
1981-02-26,8.32
1981-02-27,8.33
1981-03-02,8.33
1981-03-03,8.25
1981-03-04,8.19
1981-03-05,8.23
1981-03-06,8.23
1981-03-09,8.26
1981-03-10,8.23
1981-03-11,8.16
1981-03-12,8.18
1981-03-13,8.23
1981-03-16,8.23
1981-03-17,8.2
1981-03-18,8.21
1981-03-19,8.23
1981-03-20,8.23
1981-03-23,8.28
1981-03-24,8.26
1981-03-25,8.27
1981-03-26,8.26
1981-03-27,8.31
1981-03-30,8.31
1981-03-31,8.27
1981-04-01,8.27
1981-04-02,8.27
1981-04-03,8.31
1981-04-06,8.35
1981-04-07,8.33
1981-04-08,8.23
1981-04-09,8.26
1981-04-10,8.26
1981-04-13,8.32
1981-04-14,8.32
1981-04-15,8.33
1981-04-16,8.32
1981-04-17,8.32
1981-04-20,8.32
1981-04-21,8.31
1981-04-22,8.27
1981-04-23,8.23
1981-04-24,8.25
1981-04-27,8.25
1981-04-28,8.26
1981-04-29,8.31
1981-04-30,8.33
1981-05-01,8.35
1981-05-04,8.38
1981-05-05,8.38
1981-05-06,8.33
1981-05-07,8.34
1981-05-08,8.33
1981-05-11,8.34
1981-05-12,8.36
1981-05-13,8.37
1981-05-14,8.43
1981-05-15,8.45
1981-05-18,8.39
1981-05-19,8.4
1981-05-20,8.42
1981-05-21,8.41
1981-05-22,8.43
1981-05-26,8.5
1981-05-27,8.5
1981-05-28,8.5
1981-05-29,8.48
1981-06-01,8.5
1981-06-02,8.5
1981-06-03,8.53
1981-06-04,8.57
1981-06-05,8.6
1981-06-08,8.6
1981-06-09,8.62
1981-06-10,8.6
1981-06-11,8.58
1981-06-12,8.61
1981-06-15,8.55
1981-06-16,8.49
1981-06-17,8.49
1981-06-18,8.51
1981-06-19,8.53
1981-06-22,8.52
1981-06-23,8.51
1981-06-24,8.54
1981-06-25,8.56
1981-06-26,8.59
1981-06-29,8.62
1981-06-30,8.62
1981-07-01,8.65
1981-07-02,8.81
1981-07-03,8.84
1981-07-06,8.85
1981-07-07,8.77
1981-07-08,8.85
1981-07-09,8.87
1981-07-10,8.83
1981-07-13,8.84
1981-07-14,8.95
1981-07-15,8.93
1981-07-16,8.93
1981-07-17,8.93
1981-07-20,8.97
1981-07-21,8.98
1981-07-22,9
1981-07-23,8.97
1981-07-24,8.98
1981-07-27,8.92
1981-07-28,8.98
1981-07-29,8.98
1981-07-30,9.02
1981-07-31,9
1981-08-03,9.07
1981-08-04,9.09
1981-08-05,9.09
1981-08-06,9.1
1981-08-07,9.16
1981-08-10,9.26
1981-08-11,9.24
1981-08-12,9.11
1981-08-13,9.07
1981-08-14,9.07
1981-08-17,8.99
1981-08-18,8.94
1981-08-19,8.97
1981-08-20,8.97
1981-08-21,8.93
1981-08-24,8.93
1981-08-25,9.07
1981-08-26,9.05
1981-08-27,9.06
1981-08-28,9.05
1981-08-31,9.05
1981-09-01,9.05
1981-09-02,9.04
1981-09-03,9.01
1981-09-04,9.01
1981-09-08,9.17
1981-09-09,9.18
1981-09-10,9.15
1981-09-11,9.14
1981-09-14,9.17
1981-09-15,9.08
1981-09-16,9.06
1981-09-17,9.04
1981-09-18,9.07
1981-09-21,9.11
1981-09-22,9.11
1981-09-23,9.13
1981-09-24,9.24
1981-09-25,9.22
1981-09-28,9.2
1981-09-29,9.12
1981-09-30,9.12
1981-10-01,9.1
1981-10-02,9.09
1981-10-05,9.05
1981-10-06,9.11
1981-10-07,9.08
1981-10-08,8.96
1981-10-09,8.93
1981-10-13,9.18
1981-10-14,9.17
1981-10-15,9.1
1981-10-16,9.18
1981-10-19,9.2
1981-10-20,9.21
1981-10-21,9.21
1981-10-22,9.21
1981-10-23,9.2
1981-10-26,9.24
1981-10-27,9.18
1981-10-28,9.17
1981-10-29,9.13
1981-10-30,9.13
1981-11-02,9.17
1981-11-04,9.18
1981-11-05,9.18
1981-11-06,9.17
1981-11-09,9.1
1981-11-10,9.14
1981-11-12,9.1
1981-11-13,9.1
1981-11-16,9.09
1981-11-17,9.12
1981-11-18,9.17
1981-11-19,9.08
1981-11-20,9.14
1981-11-23,9.17
1981-11-24,9.13
1981-11-25,9.16
1981-11-27,9.11
1981-11-30,9.12
1981-12-01,9.09
1981-12-02,9.15
1981-12-03,9.13
1981-12-04,9.13
1981-12-07,9.13
1981-12-08,9.16
1981-12-09,9.12
1981-12-10,9.17
1981-12-11,9.15
1981-12-14,9.15
1981-12-15,9.11
1981-12-16,9.13
1981-12-17,9.12
1981-12-18,9.12
1981-12-21,9.16
1981-12-22,9.13
1981-12-23,9.12
1981-12-24,9.12
1981-12-28,9.13
1981-12-29,9.11
1981-12-30,9.11
1981-12-31,9.13
1982-01-04,9.07
1982-01-05,9.1
1982-01-06,9.11
1982-01-07,9.15
1982-01-08,9.14
1982-01-11,9.17
1982-01-12,9.17
1982-01-13,9.18
1982-01-14,9.17
1982-01-15,9.15
1982-01-18,9.14
1982-01-19,9.14
1982-01-20,9.17
1982-01-21,9.15
1982-01-22,9.18
1982-01-25,9.2
1982-01-26,9.2
1982-01-27,9.17
1982-01-28,9.15
1982-01-29,9.14
1982-02-01,9.19
1982-02-02,9.18
1982-02-03,9.15
1982-02-04,9.15
1982-02-05,9.15
1982-02-08,9.16
1982-02-09,9.19
1982-02-10,9.18
1982-02-11,9.17
1982-02-16,9.26
1982-02-17,9.26
1982-02-18,9.25
1982-02-19,9.23
1982-02-22,9.23
1982-02-23,9.26
1982-02-24,9.27
1982-02-25,9.27
1982-02-26,9.31
1982-03-01,9.29
1982-03-02,9.27
1982-03-03,9.28
1982-03-04,9.25
1982-03-05,9.23
1982-03-08,9.26
1982-03-09,9.27
1982-03-10,9.27
1982-03-11,9.27
1982-03-12,9.29
1982-03-15,9.27
1982-03-16,9.27
1982-03-17,9.29
1982-03-18,9.29
1982-03-19,9.3
1982-03-22,9.31
1982-03-23,9.31
1982-03-24,9.31
1982-03-25,9.31
1982-03-26,9.36
1982-03-29,9.35
1982-03-30,9.35
1982-03-31,9.35
1982-04-01,9.35
1982-04-02,9.34
1982-04-05,9.37
1982-04-06,9.39
1982-04-07,9.39
1982-04-08,9.39
1982-04-09,9.39
1982-04-12,9.42
1982-04-13,9.39
1982-04-14,9.41
1982-04-15,9.44
1982-04-16,9.43
1982-04-19,9.42
1982-04-20,9.4
1982-04-21,9.42
1982-04-22,9.4
1982-04-23,9.41
1982-04-26,9.38
1982-04-27,9.39
1982-04-28,9.37
1982-04-29,9.38
1982-04-30,9.35
1982-05-03,9.32
1982-05-04,9.3
1982-05-05,9.31
1982-05-06,9.26
1982-05-07,9.25
1982-05-10,9.22
1982-05-11,9.22
1982-05-12,9.21
1982-05-13,9.26
1982-05-14,9.3
1982-05-17,9.27
1982-05-18,9.29
1982-05-19,9.37
1982-05-20,9.38
1982-05-21,9.28
1982-05-24,9.32
1982-05-25,9.31
1982-05-26,9.33
1982-05-27,9.34
1982-05-28,9.39
1982-06-01,9.38
1982-06-02,9.38
1982-06-03,9.35
1982-06-04,9.34
1982-06-07,9.37
1982-06-08,9.37
1982-06-09,9.37
1982-06-10,9.39
1982-06-11,9.4
1982-06-14,9.46
1982-06-15,9.45
1982-06-16,9.46
1982-06-17,9.52
1982-06-18,9.56
1982-06-21,9.56
1982-06-22,9.54
1982-06-23,9.57
1982-06-24,9.53
1982-06-25,9.57
1982-06-28,9.6
1982-06-29,9.57
1982-06-30,9.53
1982-07-01,9.57
1982-07-02,9.56
1982-07-06,9.59
1982-07-07,9.66
1982-07-08,9.65
1982-07-09,9.61
1982-07-12,9.55
1982-07-13,9.57
1982-07-14,9.59
1982-07-15,9.58
1982-07-16,9.61
1982-07-19,9.53
1982-07-20,9.56
1982-07-21,9.54
1982-07-22,9.53
1982-07-23,9.47
1982-07-26,9.48
1982-07-27,9.52
1982-07-28,9.54
1982-07-29,9.56
1982-07-30,9.56
1982-08-02,9.51
1982-08-03,9.51
1982-08-04,9.58
1982-08-05,9.6
1982-08-06,9.62
1982-08-09,9.66
1982-08-10,9.6
1982-08-11,9.61
1982-08-12,9.64
1982-08-13,9.57
1982-08-16,9.6
1982-08-17,9.62
1982-08-18,9.53
1982-08-19,9.54
1982-08-20,9.53
1982-08-23,9.56
1982-08-24,9.52
1982-08-25,9.51
1982-08-26,9.51
1982-08-27,9.55
1982-08-30,9.63
1982-08-31,9.63
1982-09-01,9.65
1982-09-02,9.58
1982-09-03,9.54
1982-09-07,9.61
1982-09-08,9.61
1982-09-09,9.62
1982-09-10,9.65
1982-09-13,9.69
1982-09-14,9.66
1982-09-15,9.65
1982-09-16,9.68
1982-09-17,9.66
1982-09-20,9.65
1982-09-21,9.65
1982-09-22,9.63
1982-09-23,9.64
1982-09-24,9.67
1982-09-27,9.7
1982-09-28,9.7
1982-09-29,9.69
1982-09-30,9.71
1982-10-01,9.72
1982-10-04,9.73
1982-10-05,9.73
1982-10-06,9.72
1982-10-07,9.72
1982-10-08,9.66
1982-10-12,9.63
1982-10-13,9.65
1982-10-14,9.65
1982-10-15,9.69
1982-10-18,9.68
1982-10-19,9.69
1982-10-20,9.71
1982-10-21,9.7
1982-10-22,9.69
1982-10-25,9.74
1982-10-26,9.74
1982-10-27,9.74
1982-10-28,9.71
1982-10-29,9.71
1982-11-01,9.76
1982-11-03,9.71
1982-11-04,9.75
1982-11-05,9.75
1982-11-08,9.78
1982-11-09,9.78
1982-11-10,9.75
1982-11-12,9.8
1982-11-15,9.82
1982-11-16,9.84
1982-11-17,9.85
1982-11-18,9.85
1982-11-19,9.81
1982-11-22,9.85
1982-11-23,9.86
1982-11-24,9.85
1982-11-26,9.82
1982-11-29,9.77
1982-11-30,9.74
1982-12-01,9.65
1982-12-02,9.65
1982-12-03,9.63
1982-12-06,9.69
1982-12-07,9.68
1982-12-08,9.67
1982-12-09,9.71
1982-12-10,9.73
1982-12-13,9.75
1982-12-14,9.74
1982-12-15,9.73
1982-12-16,9.7
1982-12-17,9.67
1982-12-20,9.73
1982-12-21,9.73
1982-12-22,9.73
1982-12-23,9.72
1982-12-24,9.72
1982-12-27,9.72
1982-12-28,9.72
1982-12-29,9.62
1982-12-30,9.62
1982-12-31,9.62
1983-01-03,9.62
1983-01-04,9.64
1983-01-05,9.64
1983-01-06,9.7
1983-01-07,9.73
1983-01-10,9.72
1983-01-11,9.77
1983-01-12,9.78
1983-01-13,9.79
1983-01-14,9.8
1983-01-17,9.82
1983-01-18,9.81
1983-01-19,9.85
1983-01-20,9.86
1983-01-21,9.85
1983-01-24,9.86
1983-01-25,9.88
1983-01-26,9.85
1983-01-27,9.89
1983-01-28,9.9
1983-01-31,9.91
1983-02-01,9.92
1983-02-02,9.94
1983-02-03,9.94
1983-02-04,9.96
1983-02-07,9.98
1983-02-08,9.93
1983-02-09,9.9
1983-02-10,9.85
1983-02-11,9.86
1983-02-14,9.92
1983-02-15,9.87
1983-02-16,9.87
1983-02-17,9.87
1983-02-18,9.91
1983-02-22,9.93
1983-02-23,9.96
1983-02-24,9.94
1983-02-25,9.94
1983-02-28,9.96
1983-03-01,9.98
1983-03-02,9.97
1983-03-03,9.95
1983-03-04,9.95
1983-03-07,9.94
1983-03-08,9.95
1983-03-09,9.95
1983-03-10,9.94
1983-03-11,9.94
1983-03-14,9.95
1983-03-15,9.92
1983-03-16,9.93
1983-03-17,9.94
1983-03-18,9.95
1983-03-21,9.96
1983-03-22,9.96
1983-03-23,9.95
1983-03-24,9.97
1983-03-25,10
1983-03-28,10.02
1983-03-29,10.01
1983-03-30,10.05
1983-03-31,10.02
1983-04-01,10.02
1983-04-04,10.03
1983-04-05,9.99
1983-04-06,9.96
1983-04-07,9.96
1983-04-08,10.01
1983-04-11,9.96
1983-04-12,9.96
1983-04-13,9.96
1983-04-14,9.99
1983-04-15,9.99
1983-04-18,9.95
1983-04-19,9.94
1983-04-20,9.98
1983-04-21,10
1983-04-22,10.01
1983-04-25,9.99
1983-04-26,9.98
1983-04-27,9.98
1983-04-28,9.97
1983-04-29,10
1983-05-02,10
1983-05-03,9.98
1983-05-04,9.97
1983-05-05,9.98
1983-05-06,9.99
1983-05-09,9.99
1983-05-10,9.99
1983-05-11,9.97
1983-05-12,9.99
1983-05-13,9.99
1983-05-16,9.9
1983-05-17,10
1983-05-18,10.01
1983-05-19,10.03
1983-05-20,10.01
1983-05-23,10.01
1983-05-24,10
1983-05-25,10
1983-05-26,9.97
1983-05-27,10.02
1983-05-31,9.98
1983-06-01,10
1983-06-02,10
1983-06-03,10.01
1983-06-06,9.99
1983-06-07,10
1983-06-08,10.01
1983-06-09,10
1983-06-10,10.01
1983-06-13,10.02
1983-06-14,10.04
1983-06-15,10.06
1983-06-16,10.07
1983-06-17,10.07
1983-06-20,10.08
1983-06-21,10.08
1983-06-22,10.09
1983-06-23,10.1
1983-06-24,10.09
1983-06-27,10.08
1983-06-28,10.09
1983-06-29,10.1
1983-06-30,10.09
1983-07-01,10.09
1983-07-05,10.05
1983-07-06,10.05
1983-07-07,10.04
1983-07-08,10.05
1983-07-11,10.07
1983-07-12,10.11
1983-07-13,10.12
1983-07-14,10.11
1983-07-15,10.12
1983-07-18,10.09
1983-07-19,10.07
1983-07-20,10.07
1983-07-21,10.08
1983-07-22,10.09
1983-07-25,10.09
1983-07-26,10.09
1983-07-27,10.1
1983-07-28,10.12
1983-07-29,10.14
1983-08-01,10.14
1983-08-02,10.16
1983-08-03,10.16
1983-08-04,10.17
1983-08-05,10.21
1983-08-08,10.2
1983-08-09,10.19
1983-08-10,10.19
1983-08-11,10.2
1983-08-12,10.23
1983-08-15,10.16
1983-08-16,10.18
1983-08-17,10.16
1983-08-18,10.17
1983-08-19,10.19
1983-08-22,10.17
1983-08-23,10.15
1983-08-24,10.19
1983-08-25,10.19
1983-08-26,10.22
1983-08-29,10.25
1983-08-30,10.21
1983-08-31,10.22
1983-09-01,10.2
1983-09-02,10.22
1983-09-06,10.21
1983-09-07,10.22
1983-09-08,10.2
1983-09-09,10.19
1983-09-12,10.18
1983-09-13,10.2
1983-09-14,10.2
1983-09-15,10.21
1983-09-16,10.2
1983-09-19,10.2
1983-09-20,10.19
1983-09-21,10.19
1983-09-22,10.18
1983-09-23,10.2
1983-09-26,10.21
1983-09-27,10.2
1983-09-28,10.2
1983-09-29,10.21
1983-09-30,10.2
1983-10-03,10.2
1983-10-04,10.22
1983-10-05,10.2
1983-10-06,10.2
1983-10-07,10.21
1983-10-11,10.19
1983-10-12,10.2
1983-10-13,10.21
1983-10-14,10.21
1983-10-17,10.2
1983-10-18,10.21
1983-10-19,10.2
1983-10-20,10.22
1983-10-21,10.24
1983-10-24,10.25
1983-10-25,10.27
1983-10-26,10.29
1983-10-27,10.29
1983-10-28,10.28
1983-10-31,10.29
1983-11-01,10.3
1983-11-02,10.31
1983-11-03,10.31
1983-11-04,10.31
1983-11-07,10.32
1983-11-09,10.36
1983-11-10,10.34
1983-11-14,10.36
1983-11-15,10.38
1983-11-16,10.38
1983-11-17,10.4
1983-11-18,10.41
1983-11-21,10.45
1983-11-22,10.41
1983-11-23,10.4
1983-11-25,10.43
1983-11-28,10.45
1983-11-29,10.45
1983-11-30,10.42
1983-12-01,10.41
1983-12-02,10.41
1983-12-05,10.44
1983-12-06,10.46
1983-12-07,10.47
1983-12-08,10.46
1983-12-09,10.45
1983-12-12,10.44
1983-12-13,10.44
1983-12-14,10.46
1983-12-15,10.48
1983-12-16,10.52
1983-12-19,10.52
1983-12-20,10.55
1983-12-21,10.55
1983-12-22,10.53
1983-12-23,10.6
1983-12-27,10.57
1983-12-28,10.52
1983-12-29,10.51
1983-12-30,10.49
1984-01-03,10.57
1984-01-04,10.63
1984-01-05,10.69
1984-01-06,10.74
1984-01-09,10.74
1984-01-10,10.72
1984-01-11,10.7
1984-01-12,10.72
1984-01-13,10.75
1984-01-16,10.7
1984-01-17,10.69
1984-01-18,10.72
1984-01-19,10.73
1984-01-20,10.7
1984-01-23,10.74
1984-01-24,10.74
1984-01-25,10.75
1984-01-26,10.74
1984-01-27,10.75
1984-01-30,10.74
1984-01-31,10.76
1984-02-01,10.76
1984-02-02,10.76
1984-02-03,10.75
1984-02-06,10.76
1984-02-07,10.76
1984-02-08,10.76
1984-02-09,10.76
1984-02-10,10.77
1984-02-14,10.76
1984-02-15,10.75
1984-02-16,10.74
1984-02-17,10.73
1984-02-21,10.74
1984-02-22,10.74
1984-02-23,10.75
1984-02-24,10.71
1984-02-27,10.74
1984-02-28,10.7
1984-02-29,10.69
1984-03-01,10.68
1984-03-02,10.67
1984-03-05,10.67
1984-03-06,10.67
1984-03-07,10.67
1984-03-08,10.67
1984-03-09,10.69
1984-03-12,10.69
1984-03-13,10.7
1984-03-14,10.66
1984-03-15,10.68
1984-03-16,10.72
1984-03-19,10.76
1984-03-20,10.77
1984-03-21,10.78
1984-03-22,10.79
1984-03-23,10.77
1984-03-26,10.75
1984-03-27,10.73
1984-03-28,10.74
1984-03-29,10.7
1984-03-30,10.76
1984-04-02,10.76
1984-04-03,10.78
1984-04-04,10.77
1984-04-05,10.77
1984-04-06,10.77
1984-04-09,10.78
1984-04-10,10.8
1984-04-11,10.8
1984-04-12,10.8
1984-04-13,10.8
1984-04-16,10.82
1984-04-17,10.82
1984-04-18,10.81
1984-04-19,10.82
1984-04-20,10.82
1984-04-23,10.82
1984-04-24,10.87
1984-04-25,10.88
1984-04-26,10.89
1984-04-27,10.91
1984-04-30,10.93
1984-05-01,10.92
1984-05-02,10.94
1984-05-03,10.92
1984-05-04,10.93
1984-05-07,10.98
1984-05-08,11
1984-05-09,11
1984-05-10,11.1
1984-05-11,11.02
1984-05-14,11.06
1984-05-15,11.04
1984-05-16,11.02
1984-05-17,11.02
1984-05-18,11.03
1984-05-21,11.04
1984-05-22,11.04
1984-05-23,11.04
1984-05-24,11.06
1984-05-25,11.05
1984-05-29,11.07
1984-05-30,11.04
1984-05-31,11.05
1984-06-01,11.02
1984-06-04,10.98
1984-06-05,10.99
1984-06-06,10.98
1984-06-07,10.97
1984-06-08,10.99
1984-06-11,10.99
1984-06-12,11
1984-06-13,11.02
1984-06-14,11.02
1984-06-15,11.02
1984-06-18,11.04
1984-06-19,11.05
1984-06-20,11.07
1984-06-21,11.14
1984-06-22,11.12
1984-06-25,11.17
1984-06-26,11.18
1984-06-27,11.16
1984-06-28,11.21
1984-06-29,11.22
1984-07-02,11.22
1984-07-03,11.24
1984-07-05,11.25
1984-07-06,11.27
1984-07-09,11.29
1984-07-10,11.29
1984-07-11,11.32
1984-07-12,11.32
1984-07-13,11.32
1984-07-16,11.32
1984-07-17,11.35
1984-07-18,11.37
1984-07-19,11.4
1984-07-20,11.4
1984-07-23,11.49
1984-07-24,11.46
1984-07-25,11.47
1984-07-26,11.45
1984-07-27,11.5
1984-07-30,11.52
1984-07-31,11.55
1984-08-01,11.56
1984-08-02,11.56
1984-08-03,11.55
1984-08-06,11.5
1984-08-07,11.55
1984-08-08,11.56
1984-08-09,11.57
1984-08-10,11.52
1984-08-13,11.57
1984-08-14,11.56
1984-08-15,11.52
1984-08-16,11.56
1984-08-17,11.54
1984-08-20,11.55
1984-08-21,11.57
1984-08-22,11.58
1984-08-23,11.55
1984-08-24,11.55
1984-08-27,11.55
1984-08-28,11.58
1984-08-29,11.56
1984-08-30,11.58
1984-08-31,11.6
1984-09-04,11.72
1984-09-05,11.77
1984-09-06,11.78
1984-09-07,11.78
1984-09-10,11.79
1984-09-11,11.8
1984-09-12,11.78
1984-09-13,11.79
1984-09-14,11.82
1984-09-17,11.82
1984-09-18,12
1984-09-19,11.98
1984-09-20,11.96
1984-09-21,11.96
1984-09-24,11.84
1984-09-25,11.9
1984-09-26,11.96
1984-09-27,11.94
1984-09-28,11.92
1984-10-01,11.95
1984-10-02,11.92
1984-10-03,11.87
1984-10-04,11.9
1984-10-05,11.92
1984-10-09,11.98
1984-10-10,11.99
1984-10-11,11.99
1984-10-12,12.02
1984-10-15,12.02
1984-10-16,12.1
1984-10-17,12.11
1984-10-18,12.1
1984-10-19,12.04
1984-10-22,12.1
1984-10-23,12.06
1984-10-24,12.02
1984-10-25,12.02
1984-10-26,12.08
1984-10-29,12.13
1984-10-30,12.15
1984-10-31,12.12
1984-11-01,12.05
1984-11-02,11.97
1984-11-05,11.97
1984-11-07,12.01
1984-11-08,12.01
1984-11-09,12
1984-11-13,12
1984-11-14,12.04
1984-11-15,12.04
1984-11-16,12.06
1984-11-19,12.06
1984-11-20,12.09
1984-11-21,12.15
1984-11-23,12.15
1984-11-26,12.15
1984-11-27,12.15
1984-11-28,12.15
1984-11-29,12.15
1984-11-30,12.29
1984-12-03,12.29
1984-12-04,12.29
1984-12-05,12.29
1984-12-06,12.26
1984-12-07,12.26
1984-12-10,12.26
1984-12-11,12.26
1984-12-12,12.26
1984-12-13,12.26
1984-12-14,12.26
1984-12-17,12.26
1984-12-18,12.26
1984-12-19,12.26
1984-12-20,12.26
1984-12-21,12.32
1984-12-24,12.32
1984-12-26,12.32
1984-12-27,12.38
1984-12-28,12.4
1984-12-31,12.38
1985-01-02,12.38
1985-01-03,12.38
1985-01-04,12.5
1985-01-07,12.53
1985-01-08,12.56
1985-01-09,12.58
1985-01-10,12.62
1985-01-11,12.65
1985-01-14,12.63
1985-01-15,12.7
1985-01-16,12.67
1985-01-17,12.67
1985-01-18,12.67
1985-01-22,12.64
1985-01-23,12.64
1985-01-24,12.7
1985-01-25,12.65
1985-01-28,12.65
1985-01-29,12.65
1985-01-30,12.71
1985-01-31,12.67
1985-02-01,12.68
1985-02-04,12.75
1985-02-05,12.77
1985-02-06,12.81
1985-02-07,12.81
1985-02-08,12.84
1985-02-11,12.85
1985-02-13,12.95
1985-02-14,12.97
1985-02-15,12.89
1985-02-19,12.96
1985-02-20,12.98
1985-02-21,13.01
1985-02-22,13.07
1985-02-25,13.1
1985-02-26,13.22
1985-02-27,13
1985-02-28,12.93
1985-03-01,12.98
1985-03-04,13.08
1985-03-05,13.15
1985-03-06,13.16
1985-03-07,13.06
1985-03-08,13.16
1985-03-11,13.04
1985-03-12,12.92
1985-03-13,13.02
1985-03-14,13.06
1985-03-15,13.1
1985-03-18,13
1985-03-19,12.77
1985-03-20,12.6
1985-03-21,12.65
1985-03-22,12.66
1985-03-25,12.77
1985-03-26,12.81
1985-03-27,12.4
1985-03-28,12.5
1985-03-29,12.2
1985-04-01,12.38
1985-04-02,12.56
1985-04-03,12.4
1985-04-04,12.57
1985-04-05,12.57
1985-04-08,12.4
1985-04-09,12.57
1985-04-10,12.6
1985-04-11,12.45
1985-04-12,12.3
1985-04-15,12.25
1985-04-16,12.2
1985-04-17,12.17
1985-04-18,12.37
1985-04-19,12.17
1985-04-22,12.22
1985-04-23,12.32
1985-04-24,12.43
1985-04-25,12.45
1985-04-26,12.5
1985-04-29,12.5
1985-04-30,12.43
1985-05-01,12.55
1985-05-02,12.65
1985-05-03,12.62
1985-05-06,12.62
1985-05-07,12.6
1985-05-08,12.64
1985-05-09,12.54
1985-05-10,12.55
1985-05-13,12.55
1985-05-14,12.49
1985-05-15,12.39
1985-05-16,12.46
1985-05-17,12.48
1985-05-20,12.24
1985-05-21,12.36
1985-05-22,12.42
1985-05-23,12.47
1985-05-24,12.42
1985-05-28,12.52
1985-05-29,12.53
1985-05-30,12.44
1985-05-31,12.47
1985-06-03,12.39
1985-06-04,12.42
1985-06-05,12.44
1985-06-06,12.46
1985-06-07,12.47
1985-06-10,12.51
1985-06-11,12.54
1985-06-12,12.53
1985-06-13,12.54
1985-06-14,12.48
1985-06-17,12.49
1985-06-18,12.44
1985-06-19,12.32
1985-06-20,12.32
1985-06-21,12.42
1985-06-24,12.45
1985-06-25,12.39
1985-06-26,12.4
1985-06-27,12.4
1985-06-28,12.4
1985-07-01,12.3
1985-07-02,12.38
1985-07-03,12.37
1985-07-05,12.37
1985-07-08,12.32
1985-07-09,12.17
1985-07-10,12.02
1985-07-11,12.02
1985-07-12,12.02
1985-07-15,11.97
1985-07-16,11.94
1985-07-17,11.83
1985-07-18,11.82
1985-07-19,11.9
1985-07-22,12.02
1985-07-23,11.86
1985-07-24,11.98
1985-07-25,11.92
1985-07-26,11.98
1985-07-29,11.86
1985-07-30,11.84
1985-07-31,11.8
1985-08-01,11.86
1985-08-02,11.44
1985-08-05,11.95
1985-08-06,11.98
1985-08-07,12.08
1985-08-08,12
1985-08-09,12.02
1985-08-12,11.94
1985-08-13,11.9
1985-08-14,11.96
1985-08-15,11.89
1985-08-16,11.82
1985-08-19,11.83
1985-08-20,11.88
1985-08-21,11.92
1985-08-22,11.83
1985-08-23,11.92
1985-08-26,11.92
1985-08-27,11.87
1985-08-28,11.88
1985-08-29,11.9
1985-08-30,11.96
1985-09-03,12.06
1985-09-04,12.08
1985-09-05,12.1
1985-09-06,12.22
1985-09-09,12.4
1985-09-10,12.33
1985-09-11,12.32
1985-09-12,12.44
1985-09-13,12.25
1985-09-16,12.3
1985-09-17,12.28
1985-09-18,12.31
1985-09-19,12.3
1985-09-20,12.22
1985-09-23,11.8
1985-09-24,11.85
1985-09-25,11.88
1985-09-26,11.7
1985-09-27,11.7
1985-09-30,11.97
1985-10-01,11.92
1985-10-02,11.87
1985-10-03,11.97
1985-10-04,11.95
1985-10-07,12.06
1985-10-08,12.05
1985-10-09,12.06
1985-10-10,12.08
1985-10-11,12.09
1985-10-15,12.09
1985-10-16,12.1
1985-10-17,12.08
1985-10-18,12.09
1985-10-21,12.03
1985-10-22,12.04
1985-10-23,12.01
1985-10-24,12
1985-10-25,12.04
1985-10-28,12.02
1985-10-29,12.07
1985-10-30,12.06
1985-10-31,12.05
1985-11-01,12.07
1985-11-04,12.06
1985-11-05,12.06
1985-11-06,12.08
1985-11-07,12.08
1985-11-08,12.19
1985-11-12,12.17
1985-11-13,12.16
1985-11-14,12.16
1985-11-15,12.14
1985-11-18,12.18
1985-11-19,12.12
1985-11-20,12.13
1985-11-21,12.07
1985-11-22,12.08
1985-11-25,12.03
1985-11-26,12.07
1985-11-27,12.02
1985-11-29,12.05
1985-12-02,12.04
1985-12-03,12.07
1985-12-04,12.07
1985-12-05,12.07
1985-12-06,12.1
1985-12-09,12.19
1985-12-10,12.2
1985-12-11,12.2
1985-12-12,12.18
1985-12-13,12.17
1985-12-16,12.17
1985-12-17,12.15
1985-12-18,12.19
1985-12-19,12.2
1985-12-20,12.19
1985-12-23,12.19
1985-12-24,12.21
1985-12-26,12.21
1985-12-27,12.19
1985-12-30,12.1
1985-12-31,12.11
1986-01-02,12.05
1986-01-03,12.12
1986-01-06,12.17
1986-01-07,12.13
1986-01-08,12.16
1986-01-09,12.19
1986-01-10,12.09
1986-01-13,12.18
1986-01-14,12.2
1986-01-15,12.21
1986-01-16,12.2
1986-01-17,12.22
1986-01-21,12.31
1986-01-22,12.38
1986-01-23,12.38
1986-01-24,12.37
1986-01-27,12.44
1986-01-28,12.34
1986-01-29,12.33
1986-01-30,12.3
1986-01-31,12.34
1986-02-03,12.45
1986-02-04,12.55
1986-02-05,12.49
1986-02-06,12.47
1986-02-07,12.53
1986-02-10,12.52
1986-02-11,12.49
1986-02-12,12.44
1986-02-13,12.43
1986-02-14,12.44
1986-02-18,12.4
1986-02-19,12.29
1986-02-20,12.24
1986-02-21,12.37
1986-02-24,12.26
1986-02-25,12.12
1986-02-26,12.13
1986-02-27,12.14
1986-02-28,12.27
1986-03-03,12.34
1986-03-04,12.23
1986-03-05,12.22
1986-03-06,12.27
1986-03-07,12.83
1986-03-10,12.25
1986-03-11,12.35
1986-03-12,12.2
1986-03-13,12.3
1986-03-14,12.25
1986-03-17,12.24
1986-03-18,12.23
1986-03-19,12.24
1986-03-20,12.17
1986-03-21,12.17
1986-03-24,12.19
1986-03-25,12.33
1986-03-26,12.33
1986-03-27,12.31
1986-03-28,12.31
1986-03-31,12.31
1986-04-01,12.43
1986-04-02,12.42
1986-04-03,12.44
1986-04-04,12.49
1986-04-07,12.54
1986-04-08,12.5
1986-04-09,12.56
1986-04-10,12.55
1986-04-11,12.48
1986-04-14,12.45
1986-04-15,12.49
1986-04-16,12.41
1986-04-17,12.34
1986-04-18,12.28
1986-04-21,12.36
1986-04-22,12.3
1986-04-23,12.29
1986-04-24,12.22
1986-04-25,12.28
1986-04-28,12.25
1986-04-29,12.27
1986-04-30,12.3
1986-05-01,12.35
1986-05-02,12.44
1986-05-05,12.44
1986-05-06,12.37
1986-05-07,12.34
1986-05-08,12.3
1986-05-09,12.36
1986-05-12,12.32
1986-05-13,12.32
1986-05-14,12.38
1986-05-15,12.36
1986-05-16,12.43
1986-05-19,12.46
1986-05-20,12.42
1986-05-21,12.5
1986-05-22,12.57
1986-05-23,12.64
1986-05-27,12.69
1986-05-28,12.63
1986-05-29,12.69
1986-05-30,12.77
1986-06-02,12.87
1986-06-03,12.7
1986-06-04,12.67
1986-06-05,12.69
1986-06-06,12.58
1986-06-09,12.63
1986-06-10,12.55
1986-06-11,12.44
1986-06-12,12.48
1986-06-13,12.59
1986-06-16,12.53
1986-06-17,12.62
1986-06-18,12.62
1986-06-19,12.62
1986-06-20,12.65
1986-06-23,12.71
1986-06-24,12.58
1986-06-25,12.52
1986-06-26,12.56
1986-06-27,12.54
1986-06-30,12.42
1986-07-01,12.4
1986-07-02,12.42
1986-07-03,12.36
1986-07-07,12.35
1986-07-08,12.37
1986-07-09,12.45
1986-07-10,12.48
1986-07-11,12.51
1986-07-14,12.62
1986-07-15,12.54
1986-07-16,12.47
1986-07-17,12.53
1986-07-18,12.59
1986-07-21,12.59
1986-07-22,12.56
1986-07-23,12.57
1986-07-24,12.53
1986-07-25,12.54
1986-07-28,12.58
1986-07-29,12.56
1986-07-30,12.57
1986-07-31,12.58
1986-08-01,12.58
1986-08-04,12.59
1986-08-05,12.53
1986-08-06,12.55
1986-08-07,12.57
1986-08-08,12.56
1986-08-11,12.54
1986-08-12,12.55
1986-08-13,12.58
1986-08-14,12.57
1986-08-15,12.55
1986-08-18,12.59
1986-08-19,12.61
1986-08-20,12.57
1986-08-21,12.59
1986-08-22,12.57
1986-08-25,12.57
1986-08-26,12.56
1986-08-27,12.58
1986-08-28,12.55
1986-08-29,12.54
1986-09-02,12.57
1986-09-03,12.58
1986-09-04,12.57
1986-09-05,12.57
1986-09-08,12.61
1986-09-09,12.62
1986-09-10,12.62
1986-09-11,12.64
1986-09-12,12.67
1986-09-15,12.7
1986-09-16,12.7
1986-09-17,12.72
1986-09-18,12.67
1986-09-19,12.68
1986-09-22,12.73
1986-09-23,12.75
1986-09-24,12.72
1986-09-25,12.74
1986-09-26,12.78
1986-09-29,12.78
1986-09-30,12.77
1986-10-01,12.8
1986-10-02,12.81
1986-10-03,12.77
1986-10-06,12.77
1986-10-07,12.77
1986-10-08,12.81
1986-10-09,12.78
1986-10-10,12.81
1986-10-14,12.76
1986-10-15,12.79
1986-10-16,12.81
1986-10-17,12.84
1986-10-20,12.83
1986-10-21,12.84
1986-10-22,12.86
1986-10-23,12.91
1986-10-24,12.96
1986-10-27,12.97
1986-10-28,12.92
1986-10-29,12.93
1986-10-30,12.95
1986-10-31,12.98
1986-11-03,12.95
1986-11-04,12.96
1986-11-05,12.94
1986-11-06,12.99
1986-11-07,13.01
1986-11-10,13.01
1986-11-12,13.09
1986-11-13,13.13
1986-11-14,13.1
1986-11-17,13.11
1986-11-18,13.15
1986-11-19,13.15
1986-11-20,13.15
1986-11-21,13.16
1986-11-24,13.14
1986-11-25,13.12
1986-11-26,13.11
1986-11-28,13.1
1986-12-01,13.13
1986-12-02,13.14
1986-12-03,13.14
1986-12-04,13.14
1986-12-05,13.16
1986-12-08,13.18
1986-12-09,13.18
1986-12-10,13.16
1986-12-11,13.18
1986-12-12,13.17
1986-12-15,13.14
1986-12-16,13.17
1986-12-17,13.18
1986-12-18,13.15
1986-12-19,13.16
1986-12-22,13.13
1986-12-23,13.12
1986-12-24,13.13
1986-12-26,13.13
1986-12-29,13.13
1986-12-30,13.13
1986-12-31,13.12
1987-01-02,13.02
1987-01-05,13.05
1987-01-06,13.05
1987-01-07,13.05
1987-01-08,13.08
1987-01-09,13.05
1987-01-12,13.02
1987-01-13,13.04
1987-01-14,13.02
1987-01-15,13.01
1987-01-16,13
1987-01-20,13.05
1987-01-21,13.07
1987-01-22,13.02
1987-01-23,13.04
1987-01-26,13.02
1987-01-27,13.04
1987-01-28,12.95
1987-01-29,12.97
1987-01-30,13.04
1987-02-02,13.06
1987-02-03,13.02
1987-02-04,13.03
1987-02-05,13.12
1987-02-06,13.19
1987-02-09,13.13
1987-02-10,13.05
1987-02-11,13.04
1987-02-12,13.03
1987-02-13,13.05
1987-02-17,13.04
1987-02-18,13.04
1987-02-19,13.09
1987-02-20,13.08
1987-02-23,13.03
1987-02-24,13.04
1987-02-25,13.04
1987-02-26,13.05
1987-02-27,13.05
1987-03-02,13.02
1987-03-03,13.02
1987-03-04,13.03
1987-03-05,13.02
1987-03-06,12.98
1987-03-09,12.95
1987-03-10,12.97
1987-03-11,12.92
1987-03-12,12.93
1987-03-13,12.99
1987-03-16,12.99
1987-03-17,12.92
1987-03-18,12.85
1987-03-19,12.86
1987-03-20,12.88
1987-03-23,12.8
1987-03-24,12.79
1987-03-25,12.82
1987-03-26,12.9
1987-03-27,12.89
1987-03-30,12.85
1987-03-31,12.94
1987-04-01,12.94
1987-04-02,13
1987-04-03,12.88
1987-04-06,12.85
1987-04-07,12.85
1987-04-08,12.87
1987-04-09,12.85
1987-04-10,12.82
1987-04-13,12.86
1987-04-14,12.8
1987-04-15,12.83
1987-04-16,12.86
1987-04-17,12.84
1987-04-20,12.86
1987-04-21,12.8
1987-04-22,12.82
1987-04-23,12.8
1987-04-24,12.7
1987-04-27,12.63
1987-04-28,12.69
1987-04-29,12.72
1987-04-30,12.65
1987-05-01,12.63
1987-05-04,12.63
1987-05-05,12.61
1987-05-06,12.57
1987-05-07,12.59
1987-05-08,12.59
1987-05-11,12.66
1987-05-12,12.7
1987-05-13,12.7
1987-05-14,12.65
1987-05-15,12.62
1987-05-18,12.61
1987-05-19,12.59
1987-05-20,12.59
1987-05-21,12.63
1987-05-22,12.63
1987-05-26,12.74
1987-05-27,12.89
1987-05-28,12.85
1987-05-29,12.84
1987-06-01,12.89
1987-06-02,12.8
1987-06-03,12.81
1987-06-04,12.84
1987-06-05,12.83
1987-06-08,12.81
1987-06-09,12.75
1987-06-10,12.72
1987-06-11,12.72
1987-06-12,12.75
1987-06-15,12.86
1987-06-16,12.85
1987-06-17,12.85
1987-06-18,12.84
1987-06-19,12.85
1987-06-22,12.91
1987-06-23,12.93
1987-06-24,12.82
1987-06-25,12.87
1987-06-26,12.88
1987-06-29,12.94
1987-06-30,12.89
1987-07-01,12.87
1987-07-02,12.9
1987-07-03,12.89
1987-07-06,12.9
1987-07-07,12.9
1987-07-08,12.94
1987-07-09,12.94
1987-07-10,13
1987-07-13,12.99
1987-07-14,13.03
1987-07-15,12.96
1987-07-16,12.99
1987-07-17,13.04
1987-07-20,13.1
1987-07-21,13.11
1987-07-22,13.1
1987-07-23,13.05
1987-07-24,13.08
1987-07-27,13.09
1987-07-28,13.11
1987-07-29,13.08
1987-07-30,13.11
1987-07-31,13.11
1987-08-03,13.12
1987-08-04,13.15
1987-08-05,13.09
1987-08-06,13.09
1987-08-07,13.12
1987-08-10,13.11
1987-08-11,13.11
1987-08-12,13.1
1987-08-13,13.09
1987-08-14,13.1
1987-08-17,13.09
1987-08-18,13.04
1987-08-19,13.08
1987-08-20,13.07
1987-08-21,13.06
1987-08-24,13.06
1987-08-25,13.07
1987-08-26,13.09
1987-08-27,13.05
1987-08-28,13.05
1987-08-31,13.05
1987-09-01,12.98
1987-09-02,12.95
1987-09-03,12.94
1987-09-04,12.93
1987-09-08,12.9
1987-09-09,12.92
1987-09-10,12.96
1987-09-11,12.95
1987-09-14,13
1987-09-15,13
1987-09-16,12.99
1987-09-17,12.98
1987-09-18,12.95
1987-09-21,12.96
1987-09-22,13
1987-09-23,13.04
1987-09-24,13.03
1987-09-25,13.07
1987-09-28,13.07
1987-09-29,13.13
1987-09-30,13.11
1987-10-01,13.11
1987-10-02,13.08
1987-10-05,13.1
1987-10-06,13.06
1987-10-07,13.06
1987-10-08,13.08
1987-10-09,13.06
1987-10-13,13.08
1987-10-14,13.05
1987-10-15,13.05
1987-10-16,13.07
1987-10-19,12.99
1987-10-20,13.03
1987-10-21,13.06
1987-10-22,13.04
1987-10-23,13.02
1987-10-26,12.99
1987-10-27,12.99
1987-10-28,12.99
1987-10-29,13
1987-10-30,12.99
1987-11-02,13
1987-11-03,13.01
1987-11-04,12.99
1987-11-05,12.93
1987-11-06,12.9
1987-11-09,12.88
1987-11-10,12.86
1987-11-12,13.04
1987-11-13,13.01
1987-11-16,13.14
1987-11-17,13.04
1987-11-18,13
1987-11-19,12.96
1987-11-20,12.92
1987-11-23,12.95
1987-11-24,13.02
1987-11-25,13
1987-11-27,12.93
1987-11-30,12.89
1987-12-01,12.94
1987-12-02,12.97
1987-12-03,12.98
1987-12-04,12.95
1987-12-07,13
1987-12-08,13.05
1987-12-09,12.99
1987-12-10,12.94
1987-12-11,12.94
1987-12-14,12.89
1987-12-15,12.91
1987-12-16,12.95
1987-12-17,12.9
1987-12-18,12.9
1987-12-21,12.94
1987-12-22,12.96
1987-12-23,13
1987-12-24,13
1987-12-28,12.92
1987-12-29,12.82
1987-12-30,12.86
1987-12-31,12.75
1988-01-04,12.88
1988-01-05,12.99
1988-01-06,13.1
1988-01-07,13.05
1988-01-08,13.09
1988-01-11,13.02
1988-01-12,13.03
1988-01-13,12.99
1988-01-14,13.06
1988-01-15,13.13
1988-01-19,13.08
1988-01-20,13.04
1988-01-21,12.99
1988-01-22,13.03
1988-01-25,13.05
1988-01-26,13.04
1988-01-27,13.05
1988-01-28,13.05
1988-01-29,13.08
1988-02-01,13.1
1988-02-02,13.1
1988-02-03,13.03
1988-02-04,13.07
1988-02-05,13.06
1988-02-08,13.11
1988-02-09,13.11
1988-02-10,13.06
1988-02-11,13.04
1988-02-12,13.11
1988-02-16,13.09
1988-02-17,13.08
1988-02-18,13.07
1988-02-19,13.07
1988-02-22,13.03
1988-02-23,13.03
1988-02-24,13.03
1988-02-25,13.03
1988-02-26,13.02
1988-02-29,13.06
1988-03-01,13.06
1988-03-02,13.06
1988-03-03,13.07
1988-03-04,13.07
1988-03-07,12.97
1988-03-08,12.85
1988-03-09,12.87
1988-03-10,12.93
1988-03-11,12.9
1988-03-14,12.89
1988-03-15,12.92
1988-03-16,12.93
1988-03-17,12.94
1988-03-18,13
1988-03-21,13
1988-03-22,13.02
1988-03-23,13.02
1988-03-24,13.02
1988-03-25,13.03
1988-03-28,13
1988-03-29,12.96
1988-03-30,13.05
1988-03-31,12.96
1988-04-01,13
1988-04-04,12.96
1988-04-05,13.09
1988-04-06,13.09
1988-04-07,13.16
1988-04-08,13.12
1988-04-11,13.17
1988-04-12,13.22
1988-04-13,13.26
1988-04-14,13.2
1988-04-15,13.12
1988-04-18,13.1
1988-04-19,13.17
1988-04-20,13.16
1988-04-21,13.16
1988-04-22,13.2
1988-04-25,13.23
1988-04-26,13.2
1988-04-27,13.27
1988-04-28,13.22
1988-04-29,13.21
1988-05-02,13.3
1988-05-03,13.28
1988-05-04,13.28
1988-05-05,13.27
1988-05-06,13.28
1988-05-09,13.25
1988-05-10,13.26
1988-05-11,13.24
1988-05-12,13.28
1988-05-13,13.25
1988-05-16,13.26
1988-05-17,13.33
1988-05-18,13.31
1988-05-19,13.33
1988-05-20,13.37
1988-05-23,13.36
1988-05-24,13.34
1988-05-25,13.39
1988-05-26,13.39
1988-05-27,13.39
1988-05-31,13.47
1988-06-01,13.51
1988-06-02,13.59
1988-06-03,13.58
1988-06-06,13.6
1988-06-07,13.6
1988-06-08,13.58
1988-06-09,13.59
1988-06-10,13.62
1988-06-13,13.61
1988-06-14,13.68
1988-06-15,13.77
1988-06-16,13.76
1988-06-17,13.85
1988-06-20,13.82
1988-06-21,13.82
1988-06-22,13.9
1988-06-23,13.97
1988-06-24,13.98
1988-06-27,14.17
1988-06-28,14.08
1988-06-29,14.14
1988-06-30,14.07
1988-07-01,14.14
1988-07-05,14.12
1988-07-06,14.02
1988-07-07,14.02
1988-07-08,14.02
1988-07-11,14.07
1988-07-12,14.07
1988-07-13,14.06
1988-07-14,14.09
1988-07-15,14.1
1988-07-18,14.08
1988-07-19,14.06
1988-07-20,14.06
1988-07-21,14.04
1988-07-22,14.06
1988-07-25,14.06
1988-07-26,14.11
1988-07-27,14.1
1988-07-28,14.14
1988-07-29,14.17
1988-08-01,14.18
1988-08-02,14.16
1988-08-03,14.17
1988-08-04,14.17
1988-08-05,14.19
1988-08-08,14.16
1988-08-09,14.17
1988-08-10,14.19
1988-08-11,14.17
1988-08-12,14.14
1988-08-15,14.15
1988-08-16,14.12
1988-08-17,14.19
1988-08-18,14.2
1988-08-19,14.22
1988-08-22,14.35
1988-08-23,14.3
1988-08-24,14.29
1988-08-25,14.23
1988-08-26,14.28
1988-08-29,14.28
1988-08-30,14.32
1988-08-31,14.36
1988-09-01,14.41
1988-09-02,14.44
1988-09-06,14.39
1988-09-07,14.38
1988-09-08,14.4
1988-09-09,14.43
1988-09-12,14.4
1988-09-13,14.43
1988-09-14,14.44
1988-09-15,14.48
1988-09-16,14.51
1988-09-19,14.52
1988-09-20,14.49
1988-09-21,14.56
1988-09-22,14.6
1988-09-23,14.58
1988-09-26,14.6
1988-09-27,14.57
1988-09-28,14.56
1988-09-29,14.54
1988-09-30,14.55
1988-10-03,14.56
1988-10-04,14.56
1988-10-05,14.59
1988-10-06,14.57
1988-10-07,14.56
1988-10-11,14.62
1988-10-12,14.7
1988-10-13,14.67
1988-10-14,14.72
1988-10-17,14.73
1988-10-18,14.74
1988-10-19,14.76
1988-10-20,14.75
1988-10-21,14.75
1988-10-24,14.78
1988-10-25,14.8
1988-10-26,14.82
1988-10-27,14.88
1988-10-28,14.87
1988-10-31,14.97
1988-11-01,14.88
1988-11-02,14.89
1988-11-03,14.9
1988-11-04,14.95
1988-11-07,14.99
1988-11-08,14.98
1988-11-09,14.94
1988-11-10,14.96
1988-11-14,14.96
1988-11-15,14.97
1988-11-16,14.94
1988-11-17,14.95
1988-11-18,15.06
1988-11-21,15.06
1988-11-22,15.02
1988-11-23,15
1988-11-25,14.99
1988-11-28,14.98
1988-11-29,14.95
1988-11-30,14.95
1988-12-01,14.9
1988-12-02,14.87
1988-12-05,14.95
1988-12-06,14.97
1988-12-07,15.09
1988-12-08,15
1988-12-09,15.05
1988-12-12,15.05
1988-12-13,15.09
1988-12-14,15.04
1988-12-15,15.03
1988-12-16,15.06
1988-12-19,15.01
1988-12-20,15.06
1988-12-21,15.03
1988-12-22,15.04
1988-12-23,15.03
1988-12-27,15.03
1988-12-28,15.09
1988-12-29,15.02
1988-12-30,14.99
1989-01-03,15.02
1989-01-04,15.08
1989-01-05,15.05
1989-01-06,15.07
1989-01-09,15.1
1989-01-10,15.07
1989-01-11,15.05
1989-01-12,15.06
1989-01-13,15.04
1989-01-17,15.09
1989-01-18,15.09
1989-01-19,15.11
1989-01-20,15.1
1989-01-23,15.11
1989-01-24,15.12
1989-01-25,15.13
1989-01-26,15.09
1989-01-27,15.12
1989-01-30,15.17
1989-01-31,15.18
1989-02-01,15.2
1989-02-02,15.18
1989-02-03,15.18
1989-02-06,15.23
1989-02-07,15.2
1989-02-08,15.2
1989-02-09,15.19
1989-02-10,15.19
1989-02-13,15.24
1989-02-14,15.22
1989-02-15,15.2
1989-02-16,15.23
1989-02-17,15.19
1989-02-21,15.29
1989-02-22,15.35
1989-02-23,15.3
1989-02-24,15.3
1989-02-27,15.33
1989-02-28,15.35
1989-03-01,15.35
1989-03-02,15.34
1989-03-03,15.31
1989-03-06,15.32
1989-03-07,15.34
1989-03-08,15.32
1989-03-09,15.34
1989-03-10,15.35
1989-03-13,15.38
1989-03-14,15.47
1989-03-15,15.43
1989-03-16,15.49
1989-03-17,15.52
1989-03-20,15.53
1989-03-21,15.53
1989-03-22,15.52
1989-03-23,15.54
1989-03-24,15.5
1989-03-27,15.6
1989-03-28,15.66
1989-03-29,15.64
1989-03-30,15.64
1989-03-31,15.63
1989-04-03,15.62
1989-04-04,15.58
1989-04-05,15.64
1989-04-06,15.64
1989-04-07,15.67
1989-04-10,15.71
1989-04-11,15.69
1989-04-12,15.74
1989-04-13,15.71
1989-04-14,15.69
1989-04-17,15.71
1989-04-18,15.7
1989-04-19,15.72
1989-04-20,15.72
1989-04-21,15.7
1989-04-24,15.76
1989-04-25,15.8
1989-04-26,15.86
1989-04-27,15.84
1989-04-28,15.86
1989-05-01,15.86
1989-05-02,15.92
1989-05-03,15.94
1989-05-04,15.93
1989-05-05,16.02
1989-05-08,16.02
1989-05-09,16.05
1989-05-10,16.05
1989-05-11,16.09
1989-05-12,16.04
1989-05-15,16.06
1989-05-16,16.05
1989-05-17,16.09
1989-05-18,16.12
1989-05-19,16.12
1989-05-22,16.28
1989-05-23,16.24
1989-05-24,16.31
1989-05-25,16.26
1989-05-26,16.18
1989-05-30,16.33
1989-05-31,16.28
1989-06-01,16.32
1989-06-02,16.28
1989-06-05,16.29
1989-06-06,16.35
1989-06-07,16.29
1989-06-08,16.34
1989-06-09,16.42
1989-06-12,16.49
1989-06-13,16.5
1989-06-14,16.49
1989-06-15,16.51
1989-06-16,16.43
1989-06-19,16.42
1989-06-20,16.42
1989-06-21,16.47
1989-06-22,16.43
1989-06-23,16.46
1989-06-26,16.49
1989-06-27,16.44
1989-06-28,16.47
1989-06-29,16.43
1989-06-30,16.49
1989-07-03,16.36
1989-07-05,16.29
1989-07-06,16.3
1989-07-07,16.24
1989-07-10,16.32
1989-07-11,16.33
1989-07-12,16.39
1989-07-13,16.38
1989-07-14,16.38
1989-07-17,16.5
1989-07-18,16.44
1989-07-19,16.49
1989-07-20,16.49
1989-07-21,16.52
1989-07-24,16.57
1989-07-25,16.55
1989-07-26,16.47
1989-07-27,16.41
1989-07-28,16.45
1989-07-31,16.44
1989-08-01,16.46
1989-08-02,16.43
1989-08-03,16.5
1989-08-04,16.57
1989-08-07,16.62
1989-08-08,16.56
1989-08-09,16.57
1989-08-10,16.57
1989-08-11,16.63
1989-08-14,16.65
1989-08-15,16.62
1989-08-16,16.62
1989-08-17,16.68
1989-08-18,16.8
1989-08-21,16.62
1989-08-22,16.55
1989-08-23,16.62
1989-08-24,16.62
1989-08-25,16.64
1989-08-28,16.7
1989-08-29,16.67
1989-08-30,16.66
1989-08-31,16.65
1989-09-01,16.69
1989-09-05,16.74
1989-09-06,16.72
1989-09-07,16.76
1989-09-08,16.74
1989-09-11,16.77
1989-09-12,16.74
1989-09-13,16.7
1989-09-14,16.77
1989-09-15,16.82
1989-09-18,16.8
1989-09-19,16.8
1989-09-20,16.77
1989-09-21,16.77
1989-09-22,16.8
1989-09-25,16.69
1989-09-26,16.69
1989-09-27,16.7
1989-09-28,16.74
1989-09-29,16.69
1989-10-02,16.67
1989-10-03,16.86
1989-10-04,16.78
1989-10-05,16.77
1989-10-06,16.8
1989-10-10,16.85
1989-10-11,16.9
1989-10-12,16.86
1989-10-13,16.86
1989-10-16,16.8
1989-10-17,16.78
1989-10-18,16.8
1989-10-19,16.81
1989-10-20,16.81
1989-10-23,16.82
1989-10-24,16.77
1989-10-25,16.81
1989-10-26,16.82
1989-10-27,16.85
1989-10-30,16.9
1989-10-31,16.88
1989-11-01,16.89
1989-11-02,16.91
1989-11-03,16.91
1989-11-06,16.91
1989-11-07,16.88
1989-11-08,16.88
1989-11-09,16.9
1989-11-10,16.93
1989-11-13,16.93
1989-11-14,16.89
1989-11-15,16.92
1989-11-16,16.9
1989-11-17,16.92
1989-11-20,16.95
1989-11-21,16.92
1989-11-22,16.91
1989-11-24,16.92
1989-11-27,17.03
1989-11-28,16.98
1989-11-29,16.98
1989-11-30,16.96
1989-12-01,16.97
1989-12-04,16.98
1989-12-05,16.96
1989-12-06,16.95
1989-12-07,16.94
1989-12-08,16.94
1989-12-11,16.93
1989-12-12,16.93
1989-12-13,16.92
1989-12-14,16.93
1989-12-15,16.92
1989-12-18,16.94
1989-12-19,16.93
1989-12-20,16.94
1989-12-21,16.93
1989-12-22,16.9
1989-12-26,16.9
1989-12-27,16.88
1989-12-28,16.89
1989-12-29,16.96
1990-01-02,16.96
1990-01-03,16.99
1990-01-04,16.94
1990-01-05,16.93
1990-01-08,16.93
1990-01-09,16.93
1990-01-10,16.92
1990-01-11,16.93
1990-01-12,16.94
1990-01-16,16.97
1990-01-17,16.97
1990-01-18,16.98
1990-01-19,16.97
1990-01-22,17.03
1990-01-23,17
1990-01-24,16.98
1990-01-25,16.99
1990-01-26,16.97
1990-01-29,16.97
1990-01-30,16.96
1990-01-31,16.97
1990-02-01,16.96
1990-02-02,16.96
1990-02-05,16.95
1990-02-06,16.95
1990-02-07,16.95
1990-02-08,16.96
1990-02-09,16.96
1990-02-12,16.99
1990-02-13,16.98
1990-02-14,16.97
1990-02-15,16.97
1990-02-16,16.96
1990-02-20,17
1990-02-21,17.03
1990-02-22,17
1990-02-23,17.02
1990-02-26,17.05
1990-02-27,17.07
1990-02-28,17.07
1990-03-01,17.07
1990-03-02,17.08
1990-03-05,17.05
1990-03-06,17.07
1990-03-07,17.05
1990-03-08,17.06
1990-03-09,17.1
1990-03-12,17.09
1990-03-13,17.1
1990-03-14,17.09
1990-03-15,17.07
1990-03-16,17.08
1990-03-19,17.11
1990-03-20,17.09
1990-03-21,17.13
1990-03-22,17.16
1990-03-23,17.16
1990-03-26,17.22
1990-03-27,17.21
1990-03-28,17.18
1990-03-29,17.17
1990-03-30,17.22
1990-04-02,17.23
1990-04-03,17.24
1990-04-04,17.23
1990-04-05,17.24
1990-04-06,17.24
1990-04-09,17.24
1990-04-10,17.28
1990-04-11,17.25
1990-04-12,17.25
1990-04-13,17.25
1990-04-16,17.25
1990-04-17,17.33
1990-04-18,17.3
1990-04-19,17.29
1990-04-20,17.34
1990-04-23,17.36
1990-04-24,17.35
1990-04-25,17.34
1990-04-26,17.39
1990-04-27,17.39
1990-04-30,17.39
1990-05-01,17.38
1990-05-02,17.39
1990-05-03,17.37
1990-05-04,17.33
1990-05-07,17.33
1990-05-08,17.35
1990-05-09,17.32
1990-05-10,17.3
1990-05-11,17.29
1990-05-14,17.31
1990-05-15,17.31
1990-05-16,17.31
1990-05-17,17.33
1990-05-18,17.25
1990-05-21,17.29
1990-05-22,17.3
1990-05-23,17.29
1990-05-24,17.31
1990-05-25,17.3
1990-05-29,17.37
1990-05-30,17.35
1990-05-31,17.36
1990-06-01,17.38
1990-06-04,17.44
1990-06-05,17.42
1990-06-06,17.4
1990-06-07,17.38
1990-06-08,17.44
1990-06-11,17.46
1990-06-12,17.42
1990-06-13,17.38
1990-06-14,17.42
1990-06-15,17.43
1990-06-18,17.42
1990-06-19,17.42
1990-06-20,17.42
1990-06-21,17.42
1990-06-22,17.45
1990-06-25,17.44
1990-06-26,17.4
1990-06-27,17.42
1990-06-28,17.45
1990-06-29,17.43
1990-07-02,17.45
1990-07-03,17.45
1990-07-05,17.42
1990-07-06,17.42
1990-07-09,17.38
1990-07-10,17.36
1990-07-11,17.39
1990-07-12,17.47
1990-07-13,17.42
1990-07-16,17.45
1990-07-17,17.44
1990-07-18,17.39
1990-07-19,17.42
1990-07-20,17.4
1990-07-23,17.42
1990-07-24,17.42
1990-07-25,17.42
1990-07-26,17.43
1990-07-27,17.4
1990-07-30,17.35
1990-07-31,17.35
1990-08-01,17.37
1990-08-02,17.38
1990-08-03,17.35
1990-08-06,17.28
1990-08-07,17.29
1990-08-08,17.34
1990-08-09,17.35
1990-08-10,17.39
1990-08-13,17.35
1990-08-14,17.34
1990-08-15,17.28
1990-08-16,17.37
1990-08-17,17.26
1990-08-20,17.28
1990-08-21,17.32
1990-08-22,17.32
1990-08-23,17.27
1990-08-24,17.3
1990-08-27,17.39
1990-08-28,17.36
1990-08-29,17.38
1990-08-30,17.48
1990-08-31,17.52
1990-09-04,17.64
1990-09-05,17.54
1990-09-06,17.56
1990-09-07,17.68
1990-09-10,17.76
1990-09-11,17.77
1990-09-12,17.76
1990-09-13,17.8
1990-09-14,17.85
1990-09-17,17.86
1990-09-18,17.83
1990-09-19,17.85
1990-09-20,18
1990-09-21,18.12
1990-09-24,18.06
1990-09-25,18.08
1990-09-26,18.09
1990-09-27,18.08
1990-09-28,18
1990-10-01,18.06
1990-10-02,18.08
1990-10-03,18.01
1990-10-04,18.07
1990-10-05,18.07
1990-10-09,18.04
1990-10-10,18.05
1990-10-11,18
1990-10-12,17.99
1990-10-15,18
1990-10-16,18.05
1990-10-17,18.07
1990-10-18,18.08
1990-10-19,18.1
1990-10-22,18.08
1990-10-23,18.1
1990-10-24,18.12
1990-10-25,18.1
1990-10-26,18.1
1990-10-29,18.15
1990-10-30,18.14
1990-10-31,18.16
1990-11-01,18.1
1990-11-02,18.08
1990-11-05,18.1
1990-11-06,18.1
1990-11-07,18.09
1990-11-08,18.13
1990-11-09,18.13
1990-11-13,18.14
1990-11-14,18.1
1990-11-15,18.08
1990-11-16,18.09
1990-11-19,18.07
1990-11-20,18.07
1990-11-21,18.02
1990-11-23,18.05
1990-11-26,18.08
1990-11-27,18.1
1990-11-28,18.13
1990-11-29,18.12
1990-11-30,18.17
1990-12-03,18.16
1990-12-04,18.11
1990-12-05,18.09
1990-12-06,18.12
1990-12-07,18.1
1990-12-10,18.09
1990-12-11,18.08
1990-12-12,18.06
1990-12-13,18.09
1990-12-14,18.11
1990-12-17,18.14
1990-12-18,18.15
1990-12-19,18.16
1990-12-20,18.18
1990-12-21,18.2
1990-12-24,18.2
1990-12-28,18.12
1990-12-31,18.13
1991-01-02,18.1
1991-01-03,18.12
1991-01-04,18.13
1991-01-07,18.17
1991-01-08,18.22
1991-01-09,18.2
1991-01-10,18.24
1991-01-11,18.29
1991-01-14,18.34
1991-01-15,18.39
1991-01-16,18.38
1991-01-17,18.37
1991-01-18,18.37
1991-01-22,18.41
1991-01-23,18.42
1991-01-24,18.42
1991-01-25,18.4
1991-01-28,18.45
1991-01-29,18.49
1991-01-30,18.6
1991-01-31,18.61
1991-02-01,18.6
1991-02-04,18.59
1991-02-05,18.6
1991-02-06,18.58
1991-02-07,18.69
1991-02-08,18.76
1991-02-11,18.71
1991-02-12,18.72
1991-02-13,18.75
1991-02-14,18.83
1991-02-15,18.9
1991-02-19,19.1
1991-02-20,19.1
1991-02-21,19.08
1991-02-22,19.05
1991-02-25,19.08
1991-02-26,19.06
1991-02-27,19.08
1991-02-28,19.06
1991-03-01,19.08
1991-03-04,19.06
1991-03-05,19.04
1991-03-06,19.03
1991-03-07,19.04
1991-03-08,19.09
1991-03-11,19.11
1991-03-12,19.1
1991-03-13,19.12
1991-03-14,19.14
1991-03-15,19.16
1991-03-18,19.23
1991-03-19,19.3
1991-03-20,19.35
1991-03-21,19.3
1991-03-22,19.21
1991-03-25,19.38
1991-03-26,19.59
1991-03-27,19.59
1991-03-28,19.57
1991-03-29,19.61
1991-04-01,19.61
1991-04-02,19.66
1991-04-03,19.62
1991-04-04,19.68
1991-04-05,19.7
1991-04-08,19.82
1991-04-09,19.73
1991-04-10,19.75
1991-04-11,19.8
1991-04-12,19.8
1991-04-15,19.77
1991-04-16,19.73
1991-04-17,19.72
1991-04-18,19.9
1991-04-19,20.07
1991-04-22,20.25
1991-04-23,20.23
1991-04-24,20.2
1991-04-25,20.25
1991-04-26,20.23
1991-04-29,20.24
1991-04-30,20.18
1991-05-01,20.2
1991-05-02,20.21
1991-05-03,20.21
1991-05-06,20.35
1991-05-07,20.38
1991-05-08,20.35
1991-05-09,20.46
1991-05-10,20.46
1991-05-13,20.48
1991-05-14,20.48
1991-05-15,20.44
1991-05-16,20.48
1991-05-17,20.49
1991-05-20,20.7
1991-05-21,20.65
1991-05-22,20.66
1991-05-23,20.67
1991-05-24,20.7
1991-05-28,20.69
1991-05-29,20.69
1991-05-30,20.77
1991-05-31,20.89
1991-06-03,21
1991-06-04,21
1991-06-05,21.01
1991-06-06,21
1991-06-07,21.06
1991-06-10,21.01
1991-06-11,21.03
1991-06-12,20.94
1991-06-13,21
1991-06-14,20.99
1991-06-17,21.16
1991-06-18,21.16
1991-06-19,21.14
1991-06-20,21.09
1991-06-21,21.08
1991-06-24,21.15
1991-06-25,21.12
1991-06-26,21.09
1991-06-27,21.08
1991-06-28,21.13
1991-07-01,23.09
1991-07-02,23.12
1991-07-03,26.28
1991-07-05,26.07
1991-07-08,25.86
1991-07-09,25.86
1991-07-10,25.92
1991-07-11,25.89
1991-07-12,25.88
1991-07-15,25.9
1991-07-16,25.96
1991-07-17,25.96
1991-07-18,25.87
1991-07-19,25.87
1991-07-22,25.77
1991-07-23,25.78
1991-07-24,25.75
1991-07-25,25.69
1991-07-26,25.72
1991-07-29,25.76
1991-07-30,25.72
1991-07-31,25.76
1991-08-01,25.74
1991-08-02,25.9
1991-08-05,25.72
1991-08-06,25.57
1991-08-07,25.64
1991-08-08,25.57
1991-08-09,25.74
1991-08-12,25.89
1991-08-13,25.82
1991-08-14,26.02
1991-08-15,25.99
1991-08-16,25.96
1991-08-19,26
1991-08-20,26
1991-08-21,25.94
1991-08-22,25.95
1991-08-23,25.94
1991-08-27,25.94
1991-08-28,25.87
1991-08-29,25.74
1991-08-30,25.82
1991-09-03,25.83
1991-09-04,25.76
1991-09-05,25.79
1991-09-06,25.82
1991-09-09,25.79
1991-09-10,25.77
1991-09-11,25.79
1991-09-12,25.78
1991-09-13,25.8
1991-09-16,25.85
1991-09-17,25.96
1991-09-18,25.89
1991-09-19,25.89
1991-09-20,25.92
1991-09-23,25.89
1991-09-24,25.87
1991-09-25,25.83
1991-09-26,25.8
1991-09-27,25.87
1991-09-30,25.77
1991-10-01,25.77
1991-10-02,25.74
1991-10-03,25.76
1991-10-04,25.72
1991-10-07,25.75
1991-10-08,25.83
1991-10-09,25.8
1991-10-10,25.8
1991-10-11,25.78
1991-10-15,25.82
1991-10-16,25.82
1991-10-17,25.8
1991-10-18,25.8
1991-10-21,25.8
1991-10-22,25.84
1991-10-23,25.8
1991-10-24,25.79
1991-10-25,25.79
1991-10-28,25.8
1991-10-29,25.79
1991-10-30,25.9
1991-10-31,25.84
1991-11-01,25.85
1991-11-04,25.8
1991-11-05,25.79
1991-11-06,25.79
1991-11-07,25.82
1991-11-08,25.84
1991-11-12,25.8
1991-11-13,25.8
1991-11-14,25.8
1991-11-15,25.8
1991-11-18,25.79
1991-11-19,25.8
1991-11-20,25.79
1991-11-21,25.78
1991-11-22,25.8
1991-11-25,25.77
1991-11-26,25.8
1991-11-27,25.82
1991-11-29,25.8
1991-12-02,25.78
1991-12-03,25.8
1991-12-04,25.79
1991-12-05,25.81
1991-12-06,25.86
1991-12-09,25.83
1991-12-10,25.86
1991-12-11,25.86
1991-12-12,25.86
1991-12-13,25.83
1991-12-16,25.84
1991-12-17,25.83
1991-12-18,25.81
1991-12-19,25.79
1991-12-20,25.79
1991-12-23,25.82
1991-12-24,25.85
1991-12-27,25.8
1991-12-30,25.79
1991-12-31,25.76
1992-01-02,25.79
1992-01-03,25.81
1992-01-06,25.79
1992-01-07,25.79
1992-01-08,25.79
1992-01-09,25.82
1992-01-10,25.81
1992-01-13,25.8
1992-01-14,25.81
1992-01-15,25.86
1992-01-16,25.84
1992-01-17,25.94
1992-01-21,25.88
1992-01-22,25.86
1992-01-23,25.88
1992-01-24,25.98
1992-01-27,25.95
1992-01-28,25.94
1992-01-29,25.92
1992-01-30,25.91
1992-01-31,25.95
1992-02-03,25.84
1992-02-04,25.81
1992-02-05,25.8
1992-02-06,25.8
1992-02-07,25.8
1992-02-10,25.82
1992-02-11,25.91
1992-02-12,25.94
1992-02-13,25.92
1992-02-14,25.9
1992-02-18,25.91
1992-02-19,27
1992-02-20,26.55
1992-02-21,26.4
1992-02-24,25.9
1992-02-25,25.85
1992-02-26,25.75
1992-02-27,25.75
1992-02-28,26.2
1992-03-02,26.3
1992-03-03,27.9
1992-03-04,27.9
1992-03-05,28.05
1992-03-06,27.9
1992-03-09,27.95
1992-03-10,27.8
1992-03-11,27.85
1992-03-12,28.1
1992-03-13,28.2
1992-03-16,28.58
1992-03-17,28.48
1992-03-18,28.6
1992-03-19,28.6
1992-03-20,28.75
1992-03-23,29.25
1992-03-24,29.25
1992-03-25,29
1992-03-26,29
1992-03-27,29.05
1992-03-30,28.7
1992-03-31,29.1
1992-04-01,29
1992-04-02,28.95
1992-04-03,29
1992-04-06,29
1992-04-07,28.9
1992-04-08,29.05
1992-04-09,29
1992-04-10,29
1992-04-13,29.05
1992-04-14,28.95
1992-04-15,28.97
1992-04-16,28.98
1992-04-17,28.99
1992-04-21,28.7
1992-04-22,28.85
1992-04-23,28.78
1992-04-24,28.75
1992-04-27,28.8
1992-04-28,28.7
1992-04-29,28.7
1992-04-30,28.7
1992-05-01,28.4
1992-05-04,28.6
1992-05-05,28.7
1992-05-06,28.7
1992-05-07,28.7
1992-05-08,28.7
1992-05-11,28.35
1992-05-12,28.45
1992-05-13,28.35
1992-05-14,28.3
1992-05-15,28.4
1992-05-18,28.45
1992-05-19,28.2
1992-05-20,28.25
1992-05-21,28.53
1992-05-22,28.65
1992-05-26,28.78
1992-05-27,28.82
1992-05-28,28.75
1992-05-29,28.75
1992-06-01,28.7
1992-06-02,28.65
1992-06-03,28.7
1992-06-04,28.7
1992-06-05,28.68
1992-06-08,28.7
1992-06-09,28.45
1992-06-10,28.45
1992-06-11,28.45
1992-06-12,28.45
1992-06-15,28.45
1992-06-16,28.45
1992-06-17,28.45
1992-06-18,28.45
1992-06-19,28.38
1992-06-22,28.3
1992-06-23,28.35
1992-06-24,28.3
1992-06-25,28.4
1992-06-26,28.45
1992-06-29,28.8
1992-06-30,28.7
1992-07-01,28.65
1992-07-02,28.55
1992-07-03,28.5
1992-07-06,28.58
1992-07-07,28.6
1992-07-08,28.65
1992-07-09,28.65
1992-07-10,28.65
1992-07-13,28.65
1992-07-14,28.65
1992-07-15,28.65
1992-07-16,28.65
1992-07-17,28.55
1992-07-20,28.55
1992-07-21,28.55
1992-07-22,28.5
1992-07-23,28.45
1992-07-24,28.52
1992-07-27,28.5
1992-07-28,28.48
1992-07-29,28.48
1992-07-30,28.48
1992-07-31,28.48
1992-08-03,28.45
1992-08-04,28.45
1992-08-05,28.45
1992-08-06,28.42
1992-08-07,28.42
1992-08-10,28.42
1992-08-11,28.45
1992-08-12,28.4
1992-08-13,28.45
1992-08-14,28.45
1992-08-17,28.45
1992-08-18,28.45
1992-08-19,28.48
1992-08-20,28.48
1992-08-21,28.48
1992-08-24,28.48
1992-08-25,28.48
1992-08-26,28.48
1992-08-27,28.5
1992-08-28,28.63
1992-09-01,28.48
1992-09-02,28.48
1992-09-03,28.48
1992-09-04,28.48
1992-09-08,28.48
1992-09-09,28.48
1992-09-10,28.45
1992-09-11,28.45
1992-09-14,28.48
1992-09-15,28.48
1992-09-16,28.48
1992-09-17,28.48
1992-09-18,28.48
1992-09-21,28.48
1992-09-22,28.48
1992-09-23,28.48
1992-09-24,28.48
1992-09-25,28.48
1992-09-28,28.48
1992-09-29,28.45
1992-09-30,28.48
1992-10-01,28.48
1992-10-02,28.48
1992-10-05,28.48
1992-10-06,28.45
1992-10-07,28.45
1992-10-08,28.45
1992-10-09,28.45
1992-10-13,28.45
1992-10-14,28.45
1992-10-15,28.45
1992-10-16,28.48
1992-10-19,28.5
1992-10-20,28.5
1992-10-21,28.48
1992-10-22,28.48
1992-10-23,28.58
1992-10-26,28.48
1992-10-27,28.48
1992-10-28,28.48
1992-10-29,28.48
1992-10-30,28.48
1992-11-02,28.48
1992-11-03,28.45
1992-11-04,28.45
1992-11-05,28.45
1992-11-06,28.45
1992-11-09,28.48
1992-11-10,28.47
1992-11-12,28.45
1992-11-13,28.45
1992-11-16,28.45
1992-11-17,28.48
1992-11-18,28.48
1992-11-19,28.48
1992-11-20,28.48
1992-11-23,28.48
1992-11-24,28.45
1992-11-25,28.5
1992-11-27,28.53
1992-11-30,28.54
1992-12-01,28.6
1992-12-02,28.75
1992-12-03,28.75
1992-12-04,28.95
1992-12-07,29.05
1992-12-08,29.05
1992-12-09,29.08
1992-12-10,29.1
1992-12-11,29.16
1992-12-14,29.06
1992-12-15,29
1992-12-16,29
1992-12-17,28.98
1992-12-18,29
1992-12-21,29
1992-12-22,29
1992-12-23,29
1992-12-24,29
1992-12-28,29
1992-12-29,29
1992-12-30,29
1992-12-31,29
1993-01-04,29
1993-01-05,29
1993-01-06,29
1993-01-07,29
1993-01-08,29
1993-01-11,29.02
1993-01-12,29
1993-01-13,29
1993-01-14,29
1993-01-15,29
1993-01-19,29
1993-01-20,29
1993-01-21,29
1993-01-22,29
1993-01-25,29.05
1993-01-26,29.05
1993-01-27,29.2
1993-01-28,29.3
1993-01-29,29.2
1993-02-01,29.35
1993-02-02,29.35
1993-02-03,29.55
1993-02-04,29.6
1993-02-05,29.9
1993-02-08,29.9
1993-02-09,30.05
1993-02-10,30.2
1993-02-11,30.5
1993-02-12,30.4
1993-02-16,30.2
1993-02-17,30.05
1993-02-18,30.18
1993-02-19,30.18
1993-02-22,30.28
1993-02-23,30.28
1993-02-24,30.18
1993-02-25,30.38
1993-02-26,30.27
1993-03-01,33.5
1993-03-02,32.8
1993-03-03,32.3
1993-03-04,32.3
1993-03-05,32.1
1993-03-08,32
1993-03-09,31.8
1993-03-10,31.8
1993-03-11,31.9
1993-03-12,31.8
1993-03-15,31.8
1993-03-16,31.9
1993-03-17,31.8
1993-03-18,31.8
1993-03-19,31.75
1993-03-22,31.75
1993-03-23,31.75
1993-03-24,31.75
1993-03-25,31.75
1993-03-26,31.75
1993-03-29,31.5
1993-03-30,31.5
1993-03-31,31.5
1993-04-01,31.5
1993-04-02,31.6
1993-04-05,31.6
1993-04-06,31.6
1993-04-07,31.6
1993-04-08,31.6
1993-04-09,31.6
1993-04-13,31.6
1993-04-14,31.7
1993-04-15,31.6
1993-04-16,31.6
1993-04-19,31.6
1993-04-20,31.6
1993-04-21,31.6
1993-04-22,31.6
1993-04-23,31.6
1993-04-26,31.6
1993-04-27,31.65
1993-04-28,31.65
1993-04-29,31.65
1993-04-30,31.65
1993-05-03,31.65
1993-05-04,31.6
1993-05-05,31.6
1993-05-06,31.6
1993-05-07,31.6
1993-05-10,31.6
1993-05-11,31.6
1993-05-12,31.6
1993-05-13,31.6
1993-05-14,31.6
1993-05-17,31.6
1993-05-18,31.6
1993-05-19,31.6
1993-05-20,31.6
1993-05-21,31.6
1993-05-24,31.6
1993-05-25,31.6
1993-05-26,31.6
1993-05-27,31.7
1993-05-28,31.7
1993-06-01,31.7
1993-06-02,31.7
1993-06-03,31.7
1993-06-04,31.7
1993-06-07,31.7
1993-06-08,31.7
1993-06-09,31.7
1993-06-10,31.7
1993-06-11,31.7
1993-06-14,31.7
1993-06-15,31.7
1993-06-16,31.7
1993-06-17,31.7
1993-06-18,31.7
1993-06-21,31.7
1993-06-22,31.6
1993-06-23,31.6
1993-06-24,31.6
1993-06-25,31.6
1993-06-28,31.6
1993-06-29,31.6
1993-06-30,31.6
1993-07-01,31.6
1993-07-02,31.6
1993-07-06,31.6
1993-07-07,31.6
1993-07-08,31.6
1993-07-09,31.6
1993-07-12,31.6
1993-07-13,31.6
1993-07-14,31.6
1993-07-15,31.6
1993-07-16,31.6
1993-07-19,31.6
1993-07-20,31.6
1993-07-21,31.6
1993-07-22,31.6
1993-07-23,31.6
1993-07-26,31.6
1993-07-27,31.6
1993-07-28,31.6
1993-07-29,31.6
1993-07-30,31.6
1993-08-02,31.6
1993-08-03,31.6
1993-08-04,31.6
1993-08-05,31.6
1993-08-06,31.6
1993-08-09,31.6
1993-08-10,31.6
1993-08-11,31.6
1993-08-12,31.63
1993-08-13,31.63
1993-08-16,31.63
1993-08-17,31.63
1993-08-18,31.63
1993-08-19,31.63
1993-08-20,31.63
1993-08-23,31.48
1993-08-24,31.63
1993-08-25,31.63
1993-08-26,31.63
1993-08-27,31.63
1993-08-30,31.63
1993-08-31,31.63
1993-09-01,31.63
1993-09-02,31.63
1993-09-03,31.63
1993-09-07,31.63
1993-09-08,31.63
1993-09-09,31.63
1993-09-10,31.63
1993-09-13,31.63
1993-09-14,31.63
1993-09-15,31.63
1993-09-16,31.53
1993-09-17,31.53
1993-09-20,31.53
1993-09-21,31.53
1993-09-22,31.53
1993-09-23,31.53
1993-09-24,31.53
1993-09-27,31.53
1993-09-28,31.53
1993-09-29,31.53
1993-09-30,31.53
1993-10-01,31.53
1993-10-04,31.53
1993-10-05,31.53
1993-10-06,31.53
1993-10-07,31.53
1993-10-08,31.53
1993-10-12,31.53
1993-10-13,31.53
1993-10-14,31.53
1993-10-15,31.53
1993-10-18,31.53
1993-10-19,31.53
1993-10-20,31.53
1993-10-21,31.53
1993-10-22,31.53
1993-10-25,31.43
1993-10-26,31.43
1993-10-27,31.43
1993-10-28,31.43
1993-10-29,31.43
1993-11-01,31.43
1993-11-02,31.43
1993-11-03,31.43
1993-11-04,31.43
1993-11-05,31.43
1993-11-08,31.43
1993-11-09,31.43
1993-11-10,31.43
1993-11-12,31.43
1993-11-15,31.43
1993-11-16,31.43
1993-11-17,31.43
1993-11-18,31.43
1993-11-19,31.44
1993-11-22,31.44
1993-11-23,31.44
1993-11-24,31.44
1993-11-26,31.44
1993-11-29,31.44
1993-11-30,31.44
1993-12-01,31.44
1993-12-02,31.44
1993-12-03,31.44
1993-12-06,31.44
1993-12-07,31.44
1993-12-08,31.44
1993-12-09,31.44
1993-12-10,31.44
1993-12-13,31.44
1993-12-14,31.44
1993-12-15,31.44
1993-12-16,31.44
1993-12-17,31.44
1993-12-20,31.44
1993-12-21,31.44
1993-12-22,31.44
1993-12-23,31.44
1993-12-24,31.44
1993-12-27,31.44
1993-12-28,31.44
1993-12-29,31.44
1993-12-30,31.44
1993-12-31,31.44
1994-01-03,31.44
1994-01-04,31.44
1994-01-05,31.44
1994-01-06,31.44
1994-01-07,31.44
1994-01-10,31.44
1994-01-11,31.44
1994-01-12,31.44
1994-01-13,31.44
1994-01-14,31.44
1994-01-18,31.44
1994-01-19,31.44
1994-01-20,31.44
1994-01-21,31.44
1994-01-24,31.44
1994-01-25,31.44
1994-01-26,31.44
1994-01-27,31.44
1994-01-28,31.44
1994-01-31,31.44
1994-02-01,31.44
1994-02-02,31.44
1994-02-03,31.44
1994-02-04,31.44
1994-02-07,31.44
1994-02-08,31.44
1994-02-09,31.44
1994-02-10,31.44
1994-02-11,31.44
1994-02-14,31.44
1994-02-15,31.44
1994-02-16,31.44
1994-02-17,31.44
1994-02-18,31.37
1994-02-22,31.44
1994-02-23,31.44
1994-02-24,31.75
1994-02-25,31.44
1994-02-28,31.37
1994-03-01,31.72
1994-03-02,31.4
1994-03-03,31.44
1994-03-04,31.4
1994-03-07,31.38
1994-03-08,31.44
1994-03-09,31.44
1994-03-10,31.3725
1994-03-11,31.44
1994-03-14,31.44
1994-03-15,31.37
1994-03-16,31.375
1994-03-17,31.37
1994-03-18,31.43
1994-03-21,31.38
1994-03-22,31.4
1994-03-23,31.42
1994-03-24,31.42
1994-03-25,31.37
1994-03-28,31.37
1994-03-29,31.37
1994-03-30,31.42
1994-03-31,31.37
1994-04-01,31.42
1994-04-04,31.42
1994-04-05,31.37
1994-04-06,31.37
1994-04-07,31.37
1994-04-08,31.37
1994-04-11,31.42
1994-04-12,31.42
1994-04-13,31.42
1994-04-14,31.42
1994-04-15,31.37
1994-04-18,31.37
1994-04-19,31.37
1994-04-20,31.42
1994-04-21,31.37
1994-04-22,31.37
1994-04-25,31.42
1994-04-26,31.37
1994-04-27,31.42
1994-04-28,31.37
1994-04-29,31.37
1994-05-02,31.38
1994-05-03,31.37
1994-05-04,31.37
1994-05-05,31.37
1994-05-06,31.38
1994-05-09,31.37
1994-05-10,31.37
1994-05-11,31.37
1994-05-12,31.3725
1994-05-13,31.37
1994-05-16,31.38
1994-05-17,31.3725
1994-05-18,31.375
1994-05-19,31.42
1994-05-20,31.3725
1994-05-23,31.3725
1994-05-24,31.375
1994-05-25,31.3725
1994-05-26,31.3725
1994-05-27,31.375
1994-05-31,31.3725
1994-06-01,31.38
1994-06-02,31.3725
1994-06-03,31.66
1994-06-06,31.37
1994-06-07,31.3725
1994-06-08,31.37
1994-06-09,31.3725
1994-06-10,31.37
1994-06-13,31.3725
1994-06-14,31.3725
1994-06-15,31.37
1994-06-16,31.37
1994-06-17,31.37
1994-06-20,31.37
1994-06-21,31.3725
1994-06-22,31.37
1994-06-23,31.3725
1994-06-24,31.37
1994-06-27,31.37
1994-06-28,31.37
1994-06-29,31.3725
1994-06-30,31.37
1994-07-01,31.3725
1994-07-05,31.3725
1994-07-06,31.3825
1994-07-07,31.3775
1994-07-08,31.375
1994-07-11,31.375
1994-07-12,31.37
1994-07-13,31.37
1994-07-14,31.3725
1994-07-15,31.3675
1994-07-18,31.37
1994-07-19,31.3725
1994-07-20,31.3725
1994-07-21,31.3775
1994-07-22,31.45
1994-07-25,31.37
1994-07-26,31.37
1994-07-27,31.3675
1994-07-28,31.37
1994-07-29,31.3725
1994-08-01,31.3725
1994-08-02,31.3725
1994-08-03,31.375
1994-08-04,31.375
1994-08-05,31.375
1994-08-08,31.37
1994-08-09,31.3725
1994-08-10,31.3725
1994-08-11,31.37
1994-08-12,31.3725
1994-08-15,31.375
1994-08-16,31.3725
1994-08-17,31.37
1994-08-18,31.3725
1994-08-19,31.375
1994-08-22,31.3675
1994-08-23,31.3675
1994-08-24,31.3775
1994-08-25,31.3725
1994-08-26,31.3725
1994-08-29,31.3775
1994-08-30,31.3725
1994-08-31,31.3725
1994-09-01,31.375
1994-09-02,31.3725
1994-09-06,31.3725
1994-09-07,31.375
1994-09-08,31.3725
1994-09-09,31.375
1994-09-12,31.3725
1994-09-13,31.3725
1994-09-14,31.3725
1994-09-15,31.375
1994-09-16,31.37
1994-09-19,31.3725
1994-09-20,31.37
1994-09-21,31.375
1994-09-22,31.375
1994-09-23,31.3725
1994-09-26,31.37
1994-09-27,31.3725
1994-09-28,31.37
1994-09-29,31.3675
1994-09-30,31.3675
1994-10-03,31.37
1994-10-04,31.375
1994-10-05,31.37
1994-10-06,31.375
1994-10-07,31.3725
1994-10-11,31.37
1994-10-12,31.37
1994-10-13,31.37
1994-10-14,31.3725
1994-10-17,31.37
1994-10-18,31.3725
1994-10-19,31.3725
1994-10-20,31.3725
1994-10-21,31.3725
1994-10-24,31.37
1994-10-25,31.37
1994-10-26,31.3725
1994-10-27,31.385
1994-10-28,31.37
1994-10-31,31.38
1994-11-01,31.39
1994-11-02,31.43
1994-11-03,31.405
1994-11-04,31.41
1994-11-07,31.435
1994-11-08,31.42
1994-11-09,31.425
1994-11-10,31.435
1994-11-14,31.385
1994-11-15,31.375
1994-11-16,31.3725
1994-11-17,31.3725
1994-11-18,31.3725
1994-11-21,31.37
1994-11-22,31.3675
1994-11-23,31.3725
1994-11-25,31.3775
1994-11-28,31.375
1994-11-29,31.39
1994-11-30,31.4
1994-12-01,31.4225
1994-12-02,31.39
1994-12-05,31.395
1994-12-06,31.385
1994-12-07,31.375
1994-12-08,31.3725
1994-12-09,31.3725
1994-12-12,31.3725
1994-12-13,31.3725
1994-12-14,31.37
1994-12-15,31.3725
1994-12-16,31.375
1994-12-19,31.405
1994-12-20,31.41
1994-12-21,31.4025
1994-12-22,31.405
1994-12-23,31.3925
1994-12-27,31.4125
1994-12-28,31.41
1994-12-29,31.3925
1994-12-30,31.3725
1995-01-03,31.3725
1995-01-04,31.37
1995-01-05,31.3675
1995-01-06,31.37
1995-01-09,31.3725
1995-01-10,31.37
1995-01-11,31.3675
1995-01-12,31.37
1995-01-13,31.3675
1995-01-17,31.375
1995-01-18,31.37
1995-01-19,31.3725
1995-01-20,31.3725
1995-01-23,31.375
1995-01-24,31.3775
1995-01-25,31.39
1995-01-26,31.375
1995-01-27,31.38
1995-01-30,31.38
1995-01-31,31.3775
1995-02-01,31.3725
1995-02-02,31.375
1995-02-03,31.3825
1995-02-06,31.37
1995-02-07,31.3725
1995-02-08,31.3675
1995-02-09,31.375
1995-02-10,31.375
1995-02-13,31.3725
1995-02-14,31.37
1995-02-15,31.375
1995-02-16,31.365
1995-02-17,31.37
1995-02-21,31.3875
1995-02-22,31.3775
1995-02-23,31.3825
1995-02-24,31.4
1995-02-27,31.395
1995-02-28,31.425
1995-03-01,31.415
1995-03-02,31.485
1995-03-03,31.365
1995-03-06,31.83
1995-03-07,31.9
1995-03-08,31.81
1995-03-09,31.685
1995-03-10,31.78
1995-03-13,31.8005
1995-03-14,31.835
1995-03-15,31.385
1995-03-16,31.455
1995-03-17,31.405
1995-03-20,31.5
1995-03-21,31.505
1995-03-22,31.565
1995-03-23,31.6
1995-03-24,31.62
1995-03-27,31.615
1995-03-28,31.55
1995-03-29,31.5
1995-03-30,31.455
1995-03-31,31.43
1995-04-03,31.47
1995-04-04,31.41
1995-04-05,31.445
1995-04-06,31.43
1995-04-07,31.41
1995-04-10,31.4
1995-04-11,31.4
1995-04-12,31.39
1995-04-13,31.36
1995-04-14,31.36
1995-04-17,31.41
1995-04-18,31.395
1995-04-19,31.4
1995-04-20,31.44
1995-04-21,31.425
1995-04-24,31.4
1995-04-25,31.38
1995-04-26,31.38
1995-04-27,31.39
1995-04-28,31.45
1995-05-01,31.44
1995-05-02,31.432
1995-05-03,31.43
1995-05-04,31.42
1995-05-05,31.42
1995-05-08,31.4
1995-05-09,31.39
1995-05-10,31.435
1995-05-11,31.38
1995-05-12,31.44
1995-05-15,31.45
1995-05-16,31.45
1995-05-17,31.44
1995-05-18,31.44
1995-05-19,31.42
1995-05-22,31.407
1995-05-23,31.387
1995-05-24,31.4
1995-05-25,31.41
1995-05-26,31.4
1995-05-30,31.3725
1995-05-31,31.43
1995-06-01,31.42
1995-06-02,31.44
1995-06-05,31.4
1995-06-06,31.4
1995-06-07,31.412
1995-06-08,31.41
1995-06-09,31.42
1995-06-12,31.42
1995-06-13,31.4
1995-06-14,31.4
1995-06-15,31.4
1995-06-16,31.4
1995-06-19,31.4
1995-06-20,31.4
1995-06-21,31.39
1995-06-22,31.38
1995-06-23,31.39
1995-06-26,31.377
1995-06-27,31.375
1995-06-28,31.407
1995-06-29,31.43
1995-06-30,31.41
1995-07-03,31.41
1995-07-05,31.38
1995-07-06,31.38
1995-07-07,31.39
1995-07-10,31.372
1995-07-11,31.402
1995-07-12,31.37
1995-07-13,31.372
1995-07-14,31.37
1995-07-17,31.38
1995-07-18,31.38
1995-07-19,31.39
1995-07-20,31.38
1995-07-21,31.37
1995-07-24,31.38
1995-07-25,31.377
1995-07-26,31.39
1995-07-27,31.387
1995-07-28,31.395
1995-07-31,31.43
1995-08-01,31.42
1995-08-02,31.42
1995-08-03,31.417
1995-08-04,31.42
1995-08-07,31.44
1995-08-08,31.45
1995-08-09,31.47
1995-08-10,31.45
1995-08-11,31.457
1995-08-14,31.495
1995-08-15,31.49
1995-08-16,31.62
1995-08-17,31.595
1995-08-18,31.59
1995-08-21,31.62
1995-08-22,31.63
1995-08-23,31.7
1995-08-24,31.82
1995-08-25,31.72
1995-08-28,31.85
1995-08-29,31.85
1995-08-30,31.83
1995-08-31,31.87
1995-09-01,31.925
1995-09-05,32.4
1995-09-06,32.29
1995-09-07,32.21
1995-09-08,32.26
1995-09-11,32.47
1995-09-12,32.71
1995-09-13,32.89
1995-09-14,34.05
1995-09-15,33.9
1995-09-18,33.78
1995-09-19,33.89
1995-09-20,33.84
1995-09-21,34
1995-09-22,33.82
1995-09-25,34
1995-09-26,33.92
1995-09-27,33.91
1995-09-28,33.99
1995-09-29,33.94
1995-10-02,33.92
1995-10-03,33.9
1995-10-04,33.82
1995-10-05,33.91
1995-10-06,33.91
1995-10-10,33.89
1995-10-11,33.87
1995-10-12,33.965
1995-10-13,34.35
1995-10-16,34.6
1995-10-17,34.85
1995-10-18,34.91
1995-10-19,35.09
1995-10-20,35.65
1995-10-23,35.65
1995-10-24,35.6
1995-10-25,35.6
1995-10-26,35.6
1995-10-27,35.5
1995-10-30,34.9
1995-10-31,34.3
1995-11-01,34.6
1995-11-02,34.5
1995-11-03,34.7
1995-11-06,34.77
1995-11-07,34.61
1995-11-08,34.35
1995-11-09,34.53
1995-11-10,34.56
1995-11-13,34.57
1995-11-14,34.59
1995-11-15,34.58
1995-11-16,34.81
1995-11-17,34.71
1995-11-20,34.82
1995-11-21,34.82
1995-11-22,34.83
1995-11-24,34.88
1995-11-27,34.93
1995-11-28,34.93
1995-11-29,34.91
1995-11-30,34.91
1995-12-01,34.93
1995-12-04,34.92
1995-12-05,34.87
1995-12-06,34.84
1995-12-07,34.84
1995-12-08,34.93
1995-12-11,34.84
1995-12-12,34.88
1995-12-13,34.96
1995-12-14,34.975
1995-12-15,34.97
1995-12-18,34.99
1995-12-19,34.98
1995-12-20,34.98
1995-12-21,35.03
1995-12-22,34.99
1995-12-26,35.01
1995-12-27,35.07
1995-12-28,35.14
1995-12-29,35.18
1996-01-02,35.21
1996-01-03,35.22
1996-01-04,35.32
1996-01-05,35.44
1996-01-08,35.85
1996-01-09,35.87
1996-01-10,35.8
1996-01-11,35.81
1996-01-12,35.78
1996-01-16,35.91
1996-01-17,35.86
1996-01-18,35.895
1996-01-19,35.91
1996-01-22,35.85
1996-01-23,35.76
1996-01-24,35.84
1996-01-25,36.06
1996-01-26,36.07
1996-01-29,35.99
1996-01-30,36.14
1996-01-31,36.46
1996-02-01,36.61
1996-02-02,36.8
1996-02-05,38.05
1996-02-06,37.75
1996-02-07,37.3
1996-02-08,37.2
1996-02-09,36.95
1996-02-12,36.97
1996-02-13,36.76
1996-02-14,36.52
1996-02-15,36.53
1996-02-16,36.55
1996-02-20,36.56
1996-02-21,36.63
1996-02-22,36.8
1996-02-23,36.28
1996-02-26,35.92
1996-02-27,35.57
1996-02-28,35.29
1996-02-29,34.85
1996-03-01,34.6
1996-03-04,34.55
1996-03-05,34.3
1996-03-06,34.12
1996-03-07,34.25
1996-03-08,34.2
1996-03-11,34.25
1996-03-12,34.13
1996-03-13,34.21
1996-03-14,34.15
1996-03-15,34.48
1996-03-18,35.2
1996-03-19,35.35
1996-03-20,35.5
1996-03-21,35
1996-03-22,34.6
1996-03-25,34.1
1996-03-26,34.1
1996-03-27,34.55
1996-03-28,34.2
1996-03-29,34.35
1996-04-01,34.25
1996-04-02,34.35
1996-04-03,34.2
1996-04-04,34.5
1996-04-05,34.2
1996-04-08,34.15
1996-04-09,34.15
1996-04-10,34.25
1996-04-11,34.3
1996-04-12,34.25
1996-04-15,34.5
1996-04-16,34.4
1996-04-17,34.25
1996-04-18,34.3
1996-04-19,34.25
1996-04-22,34.2
1996-04-23,34.3
1996-04-24,34.25
1996-04-25,34.35
1996-04-26,34.35
1996-04-29,34.28
1996-04-30,35
1996-05-01,34.8
1996-05-02,34.75
1996-05-03,34.65
1996-05-06,34.65
1996-05-07,34.45
1996-05-08,34.7
1996-05-09,35.2
1996-05-10,35.35
1996-05-13,35.4
1996-05-14,35
1996-05-15,34.9
1996-05-16,35
1996-05-17,35.1
1996-05-20,35.1
1996-05-21,35.2
1996-05-22,35.05
1996-05-23,35.1
1996-05-24,35.25
1996-05-28,35.18
1996-05-29,35.25
1996-05-30,35.24
1996-05-31,35.23
1996-06-03,35.1
1996-06-04,35.1
1996-06-05,35.06
1996-06-06,35
1996-06-07,35
1996-06-10,35
1996-06-11,35.05
1996-06-12,35.05
1996-06-13,35.1
1996-06-14,35.1
1996-06-17,35.1
1996-06-18,35.15
1996-06-19,35.1
1996-06-20,35.1
1996-06-21,35.05
1996-06-24,35.1
1996-06-25,35.1
1996-06-26,35.1
1996-06-27,35.2
1996-06-28,35.43
1996-07-01,35.1
1996-07-02,35.15
1996-07-03,35.15
1996-07-05,35.2
1996-07-08,35.45
1996-07-09,35.4
1996-07-10,35.45
1996-07-11,35.6
1996-07-12,35.6
1996-07-15,35.7
1996-07-16,35.95
1996-07-17,36
1996-07-18,35.83
1996-07-19,35.8
1996-07-22,35.75
1996-07-23,35.8
1996-07-24,35.75
1996-07-25,35.85
1996-07-26,35.8
1996-07-29,35.8
1996-07-30,36.85
1996-07-31,35.7
1996-08-01,35.65
1996-08-02,35.55
1996-08-05,35.8
1996-08-06,35.8
1996-08-07,35.8
1996-08-08,35.95
1996-08-09,35.9
1996-08-12,35.8
1996-08-13,35.8
1996-08-14,35.8
1996-08-15,35.8
1996-08-16,35.8
1996-08-19,35.8
1996-08-20,35.8
1996-08-21,35.7
1996-08-22,35.8
1996-08-23,35.8
1996-08-26,35.85
1996-08-27,35.85
1996-08-28,35.85
1996-08-29,35.85
1996-08-30,35.85
1996-09-03,35.75
1996-09-04,35.95
1996-09-05,35.95
1996-09-06,35.85
1996-09-09,35.85
1996-09-10,35.85
1996-09-11,35.85
1996-09-12,35.95
1996-09-13,35.85
1996-09-16,35.9
1996-09-17,35.9
1996-09-18,35.9
1996-09-19,35.85
1996-09-20,35.9
1996-09-23,35.85
1996-09-24,35.85
1996-09-25,35.85
1996-09-26,35.85
1996-09-27,35.85
1996-09-30,35.85
1996-10-01,35.85
1996-10-02,35.85
1996-10-03,35.8
1996-10-04,35.8
1996-10-07,35.85
1996-10-08,35.85
1996-10-09,35.85
1996-10-10,35.85
1996-10-11,35.7
1996-10-15,35.75
1996-10-16,35.75
1996-10-17,35.8
1996-10-18,35.73
1996-10-21,35.85
1996-10-22,35.85
1996-10-23,35.65
1996-10-24,35.75
1996-10-25,35.75
1996-10-28,35.8
1996-10-29,35.85
1996-10-30,35.85
1996-10-31,35.9
1996-11-01,35.84
1996-11-04,35.75
1996-11-05,35.74
1996-11-06,35.85
1996-11-07,35.85
1996-11-08,36.12
1996-11-12,35.9
1996-11-13,35.9
1996-11-14,36
1996-11-15,35.95
1996-11-18,35.85
1996-11-19,35.757
1996-11-20,35.7
1996-11-21,35.75
1996-11-22,35.75
1996-11-25,35.85
1996-11-26,35.9
1996-11-27,35.74
1996-11-29,35.747
1996-12-02,35.8
1996-12-03,35.75
1996-12-04,35.83
1996-12-05,35.87
1996-12-06,35.9
1996-12-09,35.922
1996-12-10,35.91
1996-12-11,35.9
1996-12-12,35.9
1996-12-13,35.9
1996-12-16,35.89
1996-12-17,35.85
1996-12-18,35.95
1996-12-19,35.92
1996-12-20,35.89
1996-12-23,35.88
1996-12-24,35.85
1996-12-26,35.85
1996-12-27,35.85
1996-12-30,35.95
1996-12-31,35.95
1997-01-02,36
1997-01-03,35.95
1997-01-06,35.93
1997-01-07,35.97
1997-01-08,35.95
1997-01-09,35.897
1997-01-10,35.9
1997-01-13,35.9
1997-01-14,35.9
1997-01-15,35.88
1997-01-16,35.88
1997-01-17,35.89
1997-01-21,35.9
1997-01-22,35.9
1997-01-23,35.88
1997-01-24,35.82
1997-01-27,35.9
1997-01-28,35.9
1997-01-29,35.9
1997-01-30,35.83
1997-01-31,35.9
1997-02-03,35.88
1997-02-04,35.87
1997-02-05,35.88
1997-02-06,35.9
1997-02-07,35.88
1997-02-10,35.89
1997-02-11,35.89
1997-02-12,35.84
1997-02-13,35.95
1997-02-14,35.89
1997-02-18,35.9
1997-02-19,35.9
1997-02-20,35.88
1997-02-21,35.9
1997-02-24,35.9
1997-02-25,35.9
1997-02-26,35.86
1997-02-27,35.9
1997-02-28,35.91
1997-03-03,35.86
1997-03-04,35.895
1997-03-05,35.88
1997-03-06,35.88
1997-03-07,35.87
1997-03-10,35.9
1997-03-11,35.86
1997-03-12,35.85
1997-03-13,35.87
1997-03-14,35.85
1997-03-17,35.89
1997-03-18,35.89
1997-03-19,35.9
1997-03-20,35.91
1997-03-21,35.9
1997-03-24,35.885
1997-03-25,35.9
1997-03-26,35.9
1997-03-27,35.9
1997-03-28,35.91
1997-03-31,35.88
1997-04-01,35.89
1997-04-02,35.9
1997-04-03,35.87
1997-04-04,35.88
1997-04-07,35.88
1997-04-08,35.89
1997-04-09,35.86
1997-04-10,35.85
1997-04-11,35.88
1997-04-14,35.85
1997-04-15,35.837
1997-04-16,35.8
1997-04-17,35.83
1997-04-18,35.8
1997-04-21,35.78
1997-04-22,35.79
1997-04-23,35.76
1997-04-24,35.77
1997-04-25,35.782
1997-04-28,35.77
1997-04-29,35.77
1997-04-30,35.78
1997-05-01,35.77
1997-05-02,35.76
1997-05-05,35.8
1997-05-06,35.86
1997-05-07,35.889
1997-05-08,35.872
1997-05-09,35.86
1997-05-12,35.86
1997-05-13,35.86
1997-05-14,35.855
1997-05-15,35.84
1997-05-16,35.84
1997-05-19,35.82
1997-05-20,35.795
1997-05-21,35.81
1997-05-22,35.79
1997-05-23,35.76
1997-05-27,35.84
1997-05-28,35.82
1997-05-29,35.82
1997-05-30,35.8
1997-06-02,35.83
1997-06-03,35.82
1997-06-04,35.797
1997-06-05,35.755
1997-06-06,35.8
1997-06-09,35.8
1997-06-10,35.8
1997-06-11,35.827
1997-06-12,35.85
1997-06-13,35.83
1997-06-16,35.83
1997-06-17,35.82
1997-06-18,35.79
1997-06-19,35.845
1997-06-20,35.83
1997-06-23,35.83
1997-06-24,35.84
1997-06-25,35.82
1997-06-26,35.83
1997-06-27,35.83
1997-06-30,35.85
1997-07-01,35.83
1997-07-02,35.8
1997-07-03,35.79
1997-07-07,35.82
1997-07-08,35.8
1997-07-09,35.78
1997-07-10,35.77
1997-07-11,35.73
1997-07-14,35.75
1997-07-15,35.73
1997-07-16,35.73
1997-07-17,35.72
1997-07-18,35.71
1997-07-21,35.72
1997-07-22,35.71
1997-07-23,35.71
1997-07-24,35.71
1997-07-25,35.705
1997-07-28,35.75
1997-07-29,35.737
1997-07-30,35.72
1997-07-31,35.72
1997-08-01,35.8
1997-08-04,35.8
1997-08-05,35.737
1997-08-06,35.735
1997-08-07,35.727
1997-08-08,35.74
1997-08-11,35.727
1997-08-12,35.73
1997-08-13,35.732
1997-08-14,35.74
1997-08-15,35.81
1997-08-18,35.74
1997-08-19,35.73
1997-08-20,36.2
1997-08-21,36.3
1997-08-22,36.4
1997-08-25,36.6
1997-08-26,36.5
1997-08-27,36.5
1997-08-28,36.45
1997-08-29,36.48
1997-09-02,36.57
1997-09-03,36.48
1997-09-04,36.51
1997-09-05,37
1997-09-08,36.56
1997-09-09,36.66
1997-09-10,36.47
1997-09-11,36.65
1997-09-12,36.6
1997-09-15,36.46
1997-09-16,36.65
1997-09-17,36.46
1997-09-18,36.4
1997-09-19,36.5
1997-09-22,36.4
1997-09-23,36.4
1997-09-24,36.3
1997-09-25,36.25
1997-09-26,36.25
1997-09-29,36.227
1997-09-30,36.19
1997-10-01,36.2
1997-10-02,37
1997-10-03,36.25
1997-10-06,36.2
1997-10-07,36.25
1997-10-08,36.25
1997-10-09,36.22
1997-10-10,36.25
1997-10-14,36.3
1997-10-15,36.257
1997-10-16,36.235
1997-10-17,36.237
1997-10-20,36.25
1997-10-21,36.25
1997-10-22,36.2
1997-10-23,36.3
1997-10-24,36.3
1997-10-27,36.34
1997-10-28,36.3
1997-10-29,36.345
1997-10-30,36.32
1997-10-31,36.39
1997-11-03,36.405
1997-11-04,36.4
1997-11-05,36.4
1997-11-06,36.5
1997-11-07,36.55
1997-11-10,36.64
1997-11-12,36.76
1997-11-13,36.8
1997-11-14,36.8
1997-11-17,36.94
1997-11-18,37.6
1997-11-19,37.6
1997-11-20,37.54
1997-11-21,37.83
1997-11-24,38.32
1997-11-25,38.265
1997-11-26,38.75
1997-11-28,39.1
1997-12-01,39.45
1997-12-02,39.5
1997-12-03,39.45
1997-12-04,39.15
1997-12-05,39
1997-12-08,38.995
1997-12-09,39.15
1997-12-10,39.15
1997-12-11,39.6
1997-12-12,39.6
1997-12-15,39.575
1997-12-16,40
1997-12-17,40
1997-12-18,40
1997-12-19,40
1997-12-22,39.06
1997-12-23,39.01
1997-12-24,39
1997-12-26,39.3
1997-12-29,39.16
1997-12-30,39.35
1997-12-31,39.3
1998-01-02,39.4
1998-01-05,39.48
1998-01-06,39.55
1998-01-07,39.76
1998-01-08,39.8
1998-01-09,39.95
1998-01-12,39.97
1998-01-13,40
1998-01-14,40.3
1998-01-15,40.4
1998-01-16,40
1998-01-20,39.2
1998-01-21,38.9
1998-01-22,38.9
1998-01-23,38.85
1998-01-26,38.41
1998-01-27,38.45
1998-01-28,38.9
1998-01-29,38.8
1998-01-30,38.8
1998-02-02,38.95
1998-02-03,38.9
1998-02-04,38.85
1998-02-05,38.85
1998-02-06,38.85
1998-02-09,38.56
1998-02-10,38.9
1998-02-11,38.79
1998-02-12,38.85
1998-02-13,38.85
1998-02-17,38.95
1998-02-18,38.9
1998-02-19,38.9
1998-02-20,39.39
1998-02-23,39.3
1998-02-24,39.35
1998-02-25,39.26
1998-02-26,39.3
1998-02-27,39.45
1998-03-02,39.6
1998-03-03,39.53
1998-03-04,39.54
1998-03-05,39.54
1998-03-06,39.55
1998-03-09,39.455
1998-03-10,39.55
1998-03-11,39.53
1998-03-12,39.55
1998-03-13,39.8
1998-03-16,39.575
1998-03-17,39.55
1998-03-18,39.65
1998-03-19,39.68
1998-03-20,39.55
1998-03-23,39.54
1998-03-24,39.58
1998-03-25,39.6
1998-03-26,39.55
1998-03-27,39.51
1998-03-30,39.55
1998-03-31,39.53
1998-04-01,39.55
1998-04-02,39.55
1998-04-03,39.56
1998-04-06,39.58
1998-04-07,39.74
1998-04-08,39.409
1998-04-09,39.8
1998-04-10,39.9
1998-04-13,39.7
1998-04-14,39.65
1998-04-15,39.72
1998-04-16,39.74
1998-04-17,39.73
1998-04-20,39.71
1998-04-21,39.8
1998-04-22,39.75
1998-04-23,39.78
1998-04-24,39.72
1998-04-27,39.75
1998-04-28,39.805
1998-04-29,39.78
1998-04-30,39.74
1998-05-01,39.82
1998-05-04,39.75
1998-05-05,39.8
1998-05-06,39.84
1998-05-07,39.8
1998-05-08,39.805
1998-05-11,39.79
1998-05-12,39.85
1998-05-13,39.85
1998-05-14,40.65
1998-05-15,40.65
1998-05-18,40.57
1998-05-19,40.572
1998-05-20,40.53
1998-05-21,40.546
1998-05-22,40.7
1998-05-26,41.3
1998-05-27,41.45
1998-05-28,42.35
1998-05-29,41.75
1998-06-01,41.85
1998-06-02,41.87
1998-06-03,41.8
1998-06-04,41.95
1998-06-05,41.85
1998-06-08,41.86
1998-06-09,42.45
1998-06-10,42.45
1998-06-11,42.45
1998-06-12,42.2
1998-06-15,42.4
1998-06-16,42.35
1998-06-17,42.25
1998-06-18,42.3
1998-06-19,42.6
1998-06-22,42.8
1998-06-23,42.95
1998-06-24,42.85
1998-06-25,42.85
1998-06-26,42.9
1998-06-29,42.59
1998-06-30,42.5
1998-07-01,42.35
1998-07-02,42.75
1998-07-03,42.6
1998-07-06,42.56
1998-07-07,42.6
1998-07-08,42.75
1998-07-09,42.75
1998-07-10,42.6
1998-07-13,42.7
1998-07-14,42.65
1998-07-15,42.75
1998-07-16,42.75
1998-07-17,42.55
1998-07-20,42.55
1998-07-21,42.49
1998-07-22,42.47
1998-07-23,42.55
1998-07-24,42.632
1998-07-27,42.6
1998-07-28,42.65
1998-07-29,42.55
1998-07-30,42.62
1998-07-31,42.6
1998-08-03,42.6
1998-08-04,42.57
1998-08-05,42.6
1998-08-06,42.56
1998-08-07,42.7
1998-08-10,42.75
1998-08-11,43
1998-08-12,43.05
1998-08-13,43.05
1998-08-14,43.23
1998-08-17,43.28
1998-08-18,43.4
1998-08-19,43.6
1998-08-20,42.9
1998-08-21,42.7
1998-08-24,42.6
1998-08-25,42.56
1998-08-26,42.55
1998-08-27,42.65
1998-08-28,42.7
1998-08-31,42.65
1998-09-01,42.65
1998-09-02,42.58
1998-09-03,42.6
1998-09-04,42.655
1998-09-08,42.6
1998-09-09,42.6
1998-09-10,42.6
1998-09-11,42.57
1998-09-14,42.6
1998-09-15,42.55
1998-09-16,42.55
1998-09-17,42.55
1998-09-18,42.585
1998-09-21,42.55
1998-09-22,42.6
1998-09-23,42.63
1998-09-24,42.55
1998-09-25,42.55
1998-09-28,42.56
1998-09-29,42.55
1998-09-30,42.48
1998-10-01,42.5
1998-10-02,42.45
1998-10-05,42.5
1998-10-06,42.45
1998-10-07,42.4
1998-10-08,42.4
1998-10-09,42.4
1998-10-13,42.4
1998-10-14,42.35
1998-10-15,42.33
1998-10-16,42.35
1998-10-19,42.35
1998-10-20,42.34
1998-10-21,42.34
1998-10-22,42.32
1998-10-23,42.35
1998-10-26,42.4
1998-10-27,42.4
1998-10-28,42.35
1998-10-29,42.45
1998-10-30,42.45
1998-11-02,42.35
1998-11-03,42.4
1998-11-04,42.33
1998-11-05,42.39
1998-11-06,42.3
1998-11-09,42.32
1998-11-10,42.33
1998-11-12,42.37
1998-11-13,42.39
1998-11-16,42.41
1998-11-17,42.5
1998-11-18,42.5
1998-11-19,42.5
1998-11-20,42.45
1998-11-23,42.44
1998-11-24,42.48
1998-11-25,42.43
1998-11-27,42.6
1998-11-30,42.65
1998-12-01,42.61
1998-12-02,42.61
1998-12-03,42.56
1998-12-04,42.58
1998-12-07,42.59
1998-12-08,42.62
1998-12-09,42.6
1998-12-10,42.61
1998-12-11,42.61
1998-12-14,42.6
1998-12-15,42.6
1998-12-16,42.6
1998-12-17,42.62
1998-12-18,42.6
1998-12-21,42.58
1998-12-22,42.58
1998-12-23,42.55
1998-12-24,42.6
1998-12-28,42.58
1998-12-29,42.6
1998-12-30,42.58
1998-12-31,42.52
1999-01-04,42.6
1999-01-05,42.56
1999-01-06,42.55
1999-01-07,42.55
1999-01-08,42.55
1999-01-11,42.55
1999-01-12,42.55
1999-01-13,42.53
1999-01-14,42.55
1999-01-15,42.5
1999-01-19,42.55
1999-01-20,42.55
1999-01-21,42.54
1999-01-22,42.55
1999-01-25,42.55
1999-01-26,42.52
1999-01-27,42.52
1999-01-28,42.55
1999-01-29,42.54
1999-02-01,42.55
1999-02-02,42.54
1999-02-03,42.5
1999-02-04,42.52
1999-02-05,42.5
1999-02-08,42.5
1999-02-09,42.5
1999-02-10,42.45
1999-02-11,42.51
1999-02-12,42.6
1999-02-16,42.51
1999-02-17,42.5
1999-02-18,42.51
1999-02-19,42.47
1999-02-22,42.43
1999-02-23,42.48
1999-02-24,42.6
1999-02-25,42.6
1999-02-26,42.83
1999-03-01,42.54
1999-03-02,42.58
1999-03-03,42.58
1999-03-04,42.55
1999-03-05,42.55
1999-03-08,42.56
1999-03-09,42.53
1999-03-10,42.5
1999-03-11,42.48
1999-03-12,42.52
1999-03-15,42.5
1999-03-16,42.5
1999-03-17,42.5
1999-03-18,42.5
1999-03-19,42.5
1999-03-22,42.5
1999-03-23,42.5
1999-03-24,42.5
1999-03-25,42.5
1999-03-26,42.5
1999-03-29,42.48
1999-03-30,42.5
1999-03-31,42.5
1999-04-01,42.5
1999-04-02,42.5
1999-04-05,42.5
1999-04-06,42.75
1999-04-07,42.75
1999-04-08,42.76
1999-04-09,42.78
1999-04-12,42.77
1999-04-13,42.9
1999-04-14,42.85
1999-04-15,42.9
1999-04-16,42.75
1999-04-19,42.95
1999-04-20,42.9
1999-04-21,42.9
1999-04-22,42.81
1999-04-23,42.85
1999-04-26,42.9
1999-04-27,42.91
1999-04-28,42.9
1999-04-29,42.86
1999-04-30,42.84
1999-05-03,42.85
1999-05-04,42.8
1999-05-05,42.8
1999-05-06,42.8
1999-05-07,42.8
1999-05-10,42.8
1999-05-11,42.8
1999-05-12,42.8
1999-05-13,42.8
1999-05-14,42.83
1999-05-17,42.76
1999-05-18,42.77
1999-05-19,42.8
1999-05-20,42.8
1999-05-21,42.8
1999-05-24,42.8
1999-05-25,42.8
1999-05-26,42.95
1999-05-27,43.45
1999-05-28,43.17
1999-06-01,43
1999-06-02,43
1999-06-03,43
1999-06-04,43
1999-06-07,43.05
1999-06-08,43.05
1999-06-09,43.07
1999-06-10,43.15
1999-06-11,43.06
1999-06-14,43.25
1999-06-15,43.45
1999-06-16,43.2
1999-06-17,43.2
1999-06-18,43.16
1999-06-21,43.17
1999-06-22,43.3
1999-06-23,43.27
1999-06-24,43.45
1999-06-25,43.45
1999-06-28,43.45
1999-06-29,43.5
1999-06-30,43.45
1999-07-01,43.35
1999-07-02,43.45
1999-07-06,43.4
1999-07-07,43.45
1999-07-08,43.5
1999-07-09,43.35
1999-07-12,43.3
1999-07-13,43.35
1999-07-14,43.35
1999-07-15,43.26
1999-07-16,43.35
1999-07-19,43.25
1999-07-20,43.26
1999-07-21,43.35
1999-07-22,43.35
1999-07-23,43.28
1999-07-26,43.28
1999-07-27,43.4
1999-07-28,43.33
1999-07-29,43.43
1999-07-30,43.45
1999-08-02,43.38
1999-08-03,43.38
1999-08-04,43.4
1999-08-05,43.45
1999-08-06,43.48
1999-08-09,43.35
1999-08-10,43.45
1999-08-11,43.47
1999-08-12,43.5
1999-08-13,43.52
1999-08-16,43.5
1999-08-17,43.54
1999-08-18,43.55
1999-08-19,43.59
1999-08-20,43.59
1999-08-23,43.53
1999-08-24,43.65
1999-08-25,43.55
1999-08-26,43.55
1999-08-27,43.53
1999-08-30,43.56
1999-08-31,43.55
1999-09-01,43.55
1999-09-02,43.6
1999-09-03,43.57
1999-09-07,43.58
1999-09-08,43.57
1999-09-09,43.58
1999-09-10,43.55
1999-09-13,43.58
1999-09-14,43.6
1999-09-15,43.6
1999-09-16,43.61
1999-09-17,43.61
1999-09-20,43.61
1999-09-21,43.63
1999-09-22,43.58
1999-09-23,43.59
1999-09-24,43.59
1999-09-27,43.59
1999-09-28,43.68
1999-09-29,43.7
1999-09-30,43.59
1999-10-01,43.73
1999-10-04,43.73
1999-10-05,43.73
1999-10-06,43.7
1999-10-07,43.65
1999-10-08,43.55
1999-10-12,43.55
1999-10-13,43.56
1999-10-14,43.55
1999-10-15,43.56
1999-10-18,43.52
1999-10-19,43.4
1999-10-20,43.5
1999-10-21,43.5
1999-10-22,43.5
1999-10-25,43.385
1999-10-26,43.4
1999-10-27,43.52
1999-10-28,43.51
1999-10-29,43.51
1999-11-01,43.51
1999-11-02,43.45
1999-11-03,43.46
1999-11-04,43.45
1999-11-05,43.45
1999-11-08,43.46
1999-11-09,43.46
1999-11-10,43.45
1999-11-12,43.45
1999-11-15,43.45
1999-11-16,43.47
1999-11-17,43.45
1999-11-18,43.45
1999-11-19,43.46
1999-11-22,43.45
1999-11-23,43.45
1999-11-24,43.45
1999-11-26,43.48
1999-11-29,43.43
1999-11-30,43.48
1999-12-01,43.45
1999-12-02,43.45
1999-12-03,43.45
1999-12-06,43.43
1999-12-07,43.5
1999-12-08,43.5
1999-12-09,43.5
1999-12-10,43.5
1999-12-13,43.57
1999-12-14,43.6
1999-12-15,43.54
1999-12-16,43.55
1999-12-17,43.55
1999-12-20,43.55
1999-12-21,43.55
1999-12-22,43.55
1999-12-23,43.55
1999-12-24,43.55
1999-12-27,43.55
1999-12-28,43.55
1999-12-29,43.55
1999-12-30,43.55
1999-12-31,43.51
2000-01-03,43.55
2000-01-04,43.55
2000-01-05,43.55
2000-01-06,43.55
2000-01-07,43.55
2000-01-10,43.55
2000-01-11,43.6
2000-01-12,43.6
2000-01-13,43.522772
2000-01-14,43.494377
2000-01-17,43.569447
2000-01-18,43.592589
2000-01-19,43.548738
2000-01-20,43.552384
2000-01-21,43.545608
2000-01-24,43.613244
2000-01-25,43.595124
2000-01-26,43.571215
2000-01-27,43.520449
2000-01-28,43.5987
2000-01-31,43.629864
2000-02-01,43.629248
2000-02-02,43.583411
2000-02-03,43.528929
2000-02-04,43.655313
2000-02-07,43.598853
2000-02-08,43.612037
2000-02-09,43.599758
2000-02-10,43.5985
2000-02-11,43.638404
2000-02-14,43.599878
2000-02-15,43.627531
2000-02-16,43.644431
2000-02-17,43.634439
2000-02-18,43.642082
2000-02-21,43.630922
2000-02-22,43.596089
2000-02-23,43.605483
2000-02-24,43.626995
2000-02-25,43.623764
2000-02-28,43.604108
2000-02-29,43.599959
2000-03-01,43.587463
2000-03-02,43.574293
2000-03-03,43.564551
2000-03-06,43.573651
2000-03-07,43.543209
2000-03-08,43.561773
2000-03-09,43.575291
2000-03-10,43.54832
2000-03-13,43.565253
2000-03-14,43.585239
2000-03-15,43.628071
2000-03-16,43.586878
2000-03-17,43.558726
2000-03-20,43.559444
2000-03-21,43.558396
2000-03-22,43.585338
2000-03-23,43.596727
2000-03-24,43.5965
2000-03-27,43.603789
2000-03-28,43.609412
2000-03-29,43.596363
2000-03-30,43.609628
2000-03-31,43.603057
2000-04-03,43.546633
2000-04-04,43.61082
2000-04-05,43.63486
2000-04-06,43.627013
2000-04-07,43.663739
2000-04-10,43.633994
2000-04-11,43.608505
2000-04-12,43.615288
2000-04-13,43.645801
2000-04-14,43.666667
2000-04-17,43.650893
2000-04-18,43.675898
2000-04-19,43.661347
2000-04-20,43.664676
2000-04-25,43.651903
2000-04-26,43.659306
2000-04-27,43.662556
2000-04-28,43.647771
2000-05-02,43.678148
2000-05-03,43.647481
2000-05-04,43.67721
2000-05-05,43.744435
2000-05-08,43.62824
2000-05-09,43.607708
2000-05-10,44.093554
2000-05-11,43.993832
2000-05-12,44.071326
2000-05-15,44.202471
2000-05-16,43.995587
2000-05-17,43.992378
2000-05-18,44.210467
2000-05-19,43.95831
2000-05-22,43.978889
2000-05-23,44.042366
2000-05-24,44.14047
2000-05-25,44.167687
2000-05-26,44.319151
2000-05-29,44.515223
2000-05-30,44.562453
2000-05-31,44.569494
2000-06-01,44.572347
2000-06-02,44.595404
2000-06-05,44.677197
2000-06-06,44.626252
2000-06-07,44.697509
2000-06-08,44.64729
2000-06-09,44.750263
2000-06-12,44.752808
2000-06-13,44.745904
2000-06-14,44.707347
2000-06-15,44.698656
2000-06-16,44.730789
2000-06-19,44.732365
2000-06-20,44.643531
2000-06-21,44.667371
2000-06-22,44.693248
2000-06-23,44.658451
2000-06-26,44.68425
2000-06-27,44.637804
2000-06-28,44.677642
2000-06-29,44.681187
2000-06-30,44.667225
2000-07-03,44.66449
2000-07-04,44.669548
2000-07-05,44.682814
2000-07-06,44.786208
2000-07-07,44.712644
2000-07-10,44.677098
2000-07-11,44.682481
2000-07-12,44.675229
2000-07-13,44.69355
2000-07-14,44.715325
2000-07-17,44.775449
2000-07-18,44.771731
2000-07-19,44.767795
2000-07-20,44.903471
2000-07-21,44.859554
2000-07-24,44.723532
2000-07-25,45.125399
2000-07-26,44.882854
2000-07-27,44.853552
2000-07-28,44.893273
2000-07-31,45.050308
2000-08-01,45.17487
2000-08-02,45.293152
2000-08-03,45.327869
2000-08-04,45.378142
2000-08-07,45.520696
2000-08-08,45.74334
2000-08-09,45.745013
2000-08-10,45.863138
2000-08-11,45.808147
2000-08-14,45.752969
2000-08-15,45.812678
2000-08-16,45.74515
2000-08-17,45.882932
2000-08-18,45.833242
2000-08-21,45.605674
2000-08-22,45.663174
2000-08-23,45.892577
2000-08-24,45.935419
2000-08-25,45.88294
2000-08-28,45.7855
2000-08-29,45.828221
2000-08-30,45.841284
2000-08-31,45.811812
2000-09-01,45.748146
2000-09-04,45.717778
2000-09-05,45.713482
2000-09-06,45.641869
2000-09-07,45.590134
2000-09-08,45.637092
2000-09-11,45.591823
2000-09-12,45.608312
2000-09-13,45.622833
2000-09-14,45.775912
2000-09-15,45.716773
2000-09-18,46.028618
2000-09-19,46.355228
2000-09-20,46.217555
2000-09-21,45.903332
2000-09-22,46.055118
2000-09-25,45.984036
2000-09-26,46.045449
2000-09-27,46.082835
2000-09-28,46.065444
2000-09-29,46.005705
2000-10-02,46.005453
2000-10-03,46.104074
2000-10-04,46.120275
2000-10-05,46.009561
2000-10-06,46.134666
2000-10-09,46.082806
2000-10-10,46.152964
2000-10-11,46.309633
2000-10-12,46.322849
2000-10-13,46.39388
2000-10-16,46.334156
2000-10-17,46.314736
2000-10-18,46.313196
2000-10-19,46.35834
2000-10-20,46.338145
2000-10-23,46.412797
2000-10-24,46.427379
2000-10-25,46.653425
2000-10-26,46.651721
2000-10-27,46.764777
2000-10-30,46.730724
2000-10-31,46.838541
2000-11-01,46.74772
2000-11-02,46.637752
2000-11-03,46.655212
2000-11-06,46.611284
2000-11-07,46.712472
2000-11-08,46.654983
2000-11-09,46.715508
2000-11-10,46.738153
2000-11-13,46.765661
2000-11-14,46.814634
2000-11-15,46.758958
2000-11-16,46.769751
2000-11-17,46.845929
2000-11-20,46.7295
2000-11-21,46.747699
2000-11-22,46.85016
2000-11-23,46.823306
2000-11-24,46.848032
2000-11-27,46.818939
2000-11-28,46.91508
2000-11-29,46.784971
2000-11-30,46.824044
2000-12-01,46.847167
2000-12-04,46.815222
2000-12-05,46.772985
2000-12-06,46.737653
2000-12-07,46.748295
2000-12-08,46.690275
2000-12-11,46.719673
2000-12-12,46.752448
2000-12-13,46.794696
2000-12-14,46.786967
2000-12-15,46.778718
2000-12-18,46.695293
2000-12-19,46.680894
2000-12-20,46.747985
2000-12-21,46.723158
2000-12-22,46.662338
2000-12-27,46.677766
2000-12-28,46.753904
2000-12-29,46.672757
2001-01-02,46.710177
2001-01-03,46.725079
2001-01-04,46.722351
2001-01-05,46.71032
2001-01-08,46.702116
2001-01-09,46.65993
2001-01-10,46.635147
2001-01-11,46.619763
2001-01-12,46.572027
2001-01-15,46.530547
2001-01-16,46.502337
2001-01-17,46.395275
2001-01-18,46.415355
2001-01-19,46.33617
2001-01-22,46.375673
2001-01-23,46.347401
2001-01-24,46.377233
2001-01-25,46.51323
2001-01-26,46.518205
2001-01-29,46.46035
2001-01-30,46.41731
2001-01-31,46.380071
2001-02-01,46.422496
2001-02-02,46.393112
2001-02-05,46.377719
2001-02-06,46.305514
2001-02-07,46.367828
2001-02-08,46.342733
2001-02-09,46.492901
2001-02-12,46.514858
2001-02-13,46.562803
2001-02-14,46.633253
2001-02-15,46.519252
2001-02-16,46.509382
2001-02-19,46.560295
2001-02-20,46.597574
2001-02-21,46.566805
2001-02-22,46.575751
2001-02-23,46.592012
2001-02-26,46.628226
2001-02-27,46.638655
2001-02-28,46.545199
2001-03-01,46.543316
2001-03-02,46.544911
2001-03-05,46.527673
2001-03-06,46.525488
2001-03-07,46.535941
2001-03-08,46.50988
2001-03-09,46.550176
2001-03-12,46.557377
2001-03-13,46.687677
2001-03-14,46.645611
2001-03-15,46.63835
2001-03-16,46.690511
2001-03-19,46.696309
2001-03-20,46.672949
2001-03-21,46.677419
2001-03-22,46.78929
2001-03-23,46.647613
2001-03-26,46.648013
2001-03-27,46.615282
2001-03-28,46.600451
2001-03-29,46.641403
2001-03-30,46.630435
2001-04-02,46.623347
2001-04-03,46.615037
2001-04-04,46.562223
2001-04-05,46.559867
2001-04-06,46.564877
2001-04-09,46.504768
2001-04-10,46.54332
2001-04-11,46.711538
2001-04-12,46.857272
2001-04-17,46.882038
2001-04-18,46.862611
2001-04-19,46.884559
2001-04-20,46.807209
2001-04-23,46.785159
2001-04-24,46.80263
2001-04-25,46.914049
2001-04-26,46.775768
2001-04-27,46.83808
2001-04-30,46.843173
2001-05-02,46.849669
2001-05-03,46.790969
2001-05-04,46.81508
2001-05-07,46.802332
2001-05-08,46.815926
2001-05-09,46.77127
2001-05-10,46.99887
2001-05-11,46.867662
2001-05-14,47.200686
2001-05-15,47.048358
2001-05-16,46.980983
2001-05-17,46.926829
2001-05-18,46.916942
2001-05-21,46.993374
2001-05-22,46.97179
2001-05-23,46.95166
2001-05-24,46.970014
2001-05-25,46.967757
2001-05-28,46.978099
2001-05-29,46.978485
2001-05-30,46.909325
2001-05-31,47.008255
2001-06-01,47.088936
2001-06-04,47.010455
2001-06-05,47.018311
2001-06-06,46.989348
2001-06-07,46.944248
2001-06-08,47.227208
2001-06-11,46.953143
2001-06-12,47.019117
2001-06-13,46.922266
2001-06-14,46.993641
2001-06-15,47.022628
2001-06-18,46.97005
2001-06-19,46.984702
2001-06-20,46.916481
2001-06-21,46.959775
2001-06-22,46.973499
2001-06-25,47.03381
2001-06-26,47.022413
2001-06-27,46.963582
2001-06-28,47.029726
2001-06-29,47.042453
2001-07-02,47.151981
2001-07-03,47.122514
2001-07-04,47.096889
2001-07-05,47.102826
2001-07-06,47.168416
2001-07-09,47.145053
2001-07-10,47.172616
2001-07-11,47.136221
2001-07-12,47.146873
2001-07-13,47.16126
2001-07-16,47.156006
2001-07-17,47.101926
2001-07-18,47.151796
2001-07-19,47.113378
2001-07-20,47.105743
2001-07-23,47.096588
2001-07-24,47.099219
2001-07-25,47.143182
2001-07-26,47.142857
2001-07-27,47.151004
2001-07-30,47.127185
2001-07-31,47.073672
2001-08-01,47.138482
2001-08-02,47.104005
2001-08-03,47.112196
2001-08-06,47.107325
2001-08-07,47.128193
2001-08-08,47.126555
2001-08-09,47.127527
2001-08-10,47.117278
2001-08-13,47.110444
2001-08-14,47.110839
2001-08-15,47.16919
2001-08-16,47.140201
2001-08-17,47.149267
2001-08-20,47.123183
2001-08-21,47.153812
2001-08-22,47.098524
2001-08-23,47.122476
2001-08-24,47.120114
2001-08-27,47.132013
2001-08-28,47.147755
2001-08-29,47.110283
2001-08-30,47.122595
2001-08-31,47.124918
2001-09-03,47.170414
2001-09-04,47.219621
2001-09-05,47.116185
2001-09-06,47.183512
2001-09-07,47.201743
2001-09-10,47.338344
2001-09-11,47.415216
2001-09-12,47.390632
2001-09-13,47.545254
2001-09-14,47.853346
2001-09-17,47.875715
2001-09-18,47.966724
2001-09-19,48.001728
2001-09-20,47.959823
2001-09-21,47.973913
2001-09-24,47.936491
2001-09-25,47.88143
2001-09-26,47.837076
2001-09-27,47.852254
2001-09-28,47.921367
2001-10-01,47.976986
2001-10-02,47.972576
2001-10-03,47.907482
2001-10-04,47.971921
2001-10-05,47.981251
2001-10-08,48.143043
2001-10-09,48.112694
2001-10-10,48.050569
2001-10-11,48.068859
2001-10-12,48.038717
2001-10-15,48.022425
2001-10-16,48.008175
2001-10-17,47.992685
2001-10-18,48.002437
2001-10-19,48.021978
2001-10-22,48.024306
2001-10-23,47.983572
2001-10-24,48.030728
2001-10-25,48.011025
2001-10-26,47.978902
2001-10-29,47.95447
2001-10-30,47.972198
2001-10-31,47.981641
2001-11-01,47.991646
2001-11-02,47.995804
2001-11-05,47.936614
2001-11-06,47.982368
2001-11-07,47.993122
2001-11-08,48.00156
2001-11-09,47.991041
2001-11-12,47.995291
2001-11-13,47.967654
2001-11-14,48.055208
2001-11-15,47.975071
2001-11-16,47.977388
2001-11-19,47.929034
2001-11-20,47.982774
2001-11-21,47.977477
2001-11-22,48.033721
2001-11-23,48.044343
2001-11-26,47.99501
2001-11-27,47.961994
2001-11-28,47.990035
2001-11-29,47.959941
2001-11-30,47.973702
2001-12-03,47.967507
2001-12-04,47.899348
2001-12-05,47.887656
2001-12-06,47.860277
2001-12-07,47.80496
2001-12-10,47.850847
2001-12-11,47.781769
2001-12-12,47.786977
2001-12-13,47.787187
2001-12-14,47.826087
2001-12-17,47.803072
2001-12-18,47.805149
2001-12-19,47.760214
2001-12-20,47.811211
2001-12-21,47.79716
2001-12-24,47.908616
2001-12-27,48.161623
2001-12-28,48.218541
2002-01-02,48.266209
2002-01-03,48.213811
2002-01-04,48.266696
2002-01-07,48.262774
2002-01-08,48.244472
2002-01-09,48.289429
2002-01-10,48.365698
2002-01-11,48.431439
2002-01-14,48.29394
2002-01-15,48.254876
2002-01-16,48.261313
2002-01-17,48.275315
2002-01-18,48.220204
2002-01-21,48.222851
2002-01-22,48.298981
2002-01-23,48.278004
2002-01-24,48.302726
2002-01-25,48.350456
2002-01-28,48.342271
2002-01-29,48.395176
2002-01-30,48.488776
2002-01-31,48.515688
2002-02-01,48.489342
2002-02-04,48.62795
2002-02-05,48.631809
2002-02-06,48.671514
2002-02-07,48.689982
2002-02-08,48.657895
2002-02-11,48.694564
2002-02-12,48.648463
2002-02-13,48.650785
2002-02-14,48.639135
2002-02-15,48.685813
2002-02-18,48.628801
2002-02-19,48.620571
2002-02-20,48.581723
2002-02-21,48.63464
2002-02-22,48.689837
2002-02-25,48.796424
2002-02-26,48.70076
2002-02-27,48.724708
2002-02-28,48.707664
2002-03-01,48.71529
2002-03-04,48.64493
2002-03-05,48.65584
2002-03-06,48.662764
2002-03-07,48.687814
2002-03-08,48.699557
2002-03-11,48.710674
2002-03-12,48.707203
2002-03-13,48.705061
2002-03-14,48.74361
2002-03-15,48.731503
2002-03-18,48.69768
2002-03-19,48.709933
2002-03-20,48.707738
2002-03-21,48.729727
2002-03-22,48.756111
2002-03-25,48.757849
2002-03-26,48.736408
2002-03-27,48.737709
2002-03-28,48.774645
2002-04-02,48.819713
2002-04-03,48.893559
2002-04-04,48.87276
2002-04-05,48.860687
2002-04-08,48.871041
2002-04-09,48.865685
2002-04-10,48.869061
2002-04-11,48.837844
2002-04-12,48.887879
2002-04-15,48.928653
2002-04-16,48.896967
2002-04-17,48.915541
2002-04-18,48.897133
2002-04-19,48.864506
2002-04-22,48.897771
2002-04-23,48.960775
2002-04-24,48.950742
2002-04-25,48.969785
2002-04-26,48.948835
2002-04-29,48.935605
2002-04-30,48.938721
2002-05-02,48.932684
2002-05-03,48.939778
2002-05-06,48.920604
2002-05-07,48.962192
2002-05-08,48.885343
2002-05-09,48.94824
2002-05-10,48.966879
2002-05-13,49.017328
2002-05-14,48.970426
2002-05-15,48.987818
2002-05-16,49.022359
2002-05-17,48.979458
2002-05-20,48.967616
2002-05-21,48.943884
2002-05-22,48.963283
2002-05-23,49.046999
2002-05-24,48.988899
2002-05-27,48.949946
2002-05-28,48.970286
2002-05-29,48.957082
2002-05-30,48.962133
2002-05-31,48.978374
2002-06-03,49.02824
2002-06-04,49.043985
2002-06-05,49.012912
2002-06-06,49.001705
2002-06-07,49.000212
2002-06-10,48.970293
2002-06-11,48.97101
2002-06-12,48.975878
2002-06-13,48.979505
2002-06-14,48.982908
2002-06-17,48.964566
2002-06-18,48.98566
2002-06-19,48.917477
2002-06-20,48.894912
2002-06-21,48.918638
2002-06-24,48.937736
2002-06-25,48.865321
2002-06-26,48.803065
2002-06-27,48.839577
2002-06-28,48.865163
2002-07-01,48.791486
2002-07-02,48.752795
2002-07-03,48.797546
2002-07-04,48.790603
2002-07-05,48.86581
2002-07-08,48.793244
2002-07-09,48.802618
2002-07-10,48.679531
2002-07-11,48.804392
2002-07-12,48.777474
2002-07-15,48.780926
2002-07-16,48.763701
2002-07-17,48.806638
2002-07-18,48.753231
2002-07-19,48.732505
2002-07-22,48.692247
2002-07-23,48.654894
2002-07-24,48.667675
2002-07-25,48.647893
2002-07-26,48.633094
2002-07-29,48.754709
2002-07-30,48.70971
2002-07-31,48.637432
2002-08-01,48.588115
2002-08-02,48.644789
2002-08-05,48.620374
2002-08-06,48.685107
2002-08-07,48.627552
2002-08-08,48.642511
2002-08-09,48.598006
2002-08-12,48.622699
2002-08-13,48.594755
2002-08-14,48.607081
2002-08-15,48.617163
2002-08-16,48.56285
2002-08-19,48.558016
2002-08-20,48.547794
2002-08-21,48.554599
2002-08-22,48.497441
2002-08-23,48.50263
2002-08-26,48.470261
2002-08-27,48.485779
2002-08-28,48.447995
2002-08-29,48.49233
2002-08-30,48.453168
2002-09-02,48.462478
2002-09-03,48.445005
2002-09-04,48.447773
2002-09-05,48.438095
2002-09-06,48.641863
2002-09-09,48.450071
2002-09-10,48.477459
2002-09-11,48.417274
2002-09-12,48.43087
2002-09-13,48.457696
2002-09-16,48.377569
2002-09-17,48.420562
2002-09-18,48.392802
2002-09-19,48.330956
2002-09-20,48.407559
2002-09-23,48.400977
2002-09-24,48.310948
2002-09-25,48.343056
2002-09-26,48.357493
2002-09-27,48.342366
2002-09-30,48.352941
2002-10-01,48.332826
2002-10-02,48.333503
2002-10-03,48.332659
2002-10-04,48.323365
2002-10-07,48.303426
2002-10-08,48.318367
2002-10-09,48.302425
2002-10-10,48.317975
2002-10-11,48.317947
2002-10-14,48.293325
2002-10-15,48.275229
2002-10-16,48.363026
2002-10-17,48.357062
2002-10-18,48.407807
2002-10-21,48.347353
2002-10-22,48.337428
2002-10-23,48.33555
2002-10-24,48.375436
2002-10-25,48.340674
2002-10-28,48.400205
2002-10-29,48.332994
2002-10-30,48.370483
2002-10-31,48.342457
2002-11-01,48.269501
2002-11-04,48.302494
2002-11-05,48.283121
2002-11-06,48.317428
2002-11-07,48.276241
2002-11-08,48.207183
2002-11-11,48.271776
2002-11-12,48.260093
2002-11-13,48.267779
2002-11-14,48.244676
2002-11-15,48.197228
2002-11-18,48.196721
2002-11-19,48.165926
2002-11-20,48.185448
2002-11-21,48.097469
2002-11-22,48.192338
2002-11-25,48.182736
2002-11-26,48.185671
2002-11-27,48.225043
2002-11-28,48.296759
2002-11-29,48.312683
2002-12-02,48.302097
2002-12-03,48.23016
2002-12-04,48.192254
2002-12-05,48.304474
2002-12-06,48.178093
2002-12-09,48.197761
2002-12-10,48.201958
2002-12-11,48.221913
2002-12-12,48.15577
2002-12-13,48.152823
2002-12-16,48.126714
2002-12-17,48.117784
2002-12-18,48.1875
2002-12-19,48.06775
2002-12-20,48.007801
2002-12-23,47.996499
2002-12-24,47.978827
2002-12-27,47.97128
2002-12-30,47.921704
2002-12-31,47.957471
2003-01-02,48.049014
2003-01-03,47.996536
2003-01-06,47.950992
2003-01-07,47.966427
2003-01-08,47.948347
2003-01-09,47.917579
2003-01-10,47.945349
2003-01-13,47.946725
2003-01-14,47.911506
2003-01-15,47.922288
2003-01-16,47.933548
2003-01-17,47.90368
2003-01-20,47.90857
2003-01-21,47.922651
2003-01-22,47.814891
2003-01-23,47.876731
2003-01-24,47.861647
2003-01-27,47.882245
2003-01-28,47.885825
2003-01-29,47.784321
2003-01-30,47.847972
2003-01-31,47.763499
2003-02-03,47.746295
2003-02-04,47.770283
2003-02-05,47.701192
2003-02-06,47.719412
2003-02-07,47.679118
2003-02-10,47.642487
2003-02-11,47.699421
2003-02-12,47.855745
2003-02-13,47.822086
2003-02-14,47.861577
2003-02-17,47.787421
2003-02-18,47.666604
2003-02-19,47.652328
2003-02-20,47.719967
2003-02-21,47.627791
2003-02-24,47.782856
2003-02-25,47.66382
2003-02-26,47.618339
2003-02-27,47.639993
2003-02-28,47.616398
2003-03-03,47.611111
2003-03-04,47.584944
2003-03-05,47.591647
2003-03-06,47.565447
2003-03-07,47.640185
2003-03-10,47.648071
2003-03-11,47.647112
2003-03-12,47.704933
2003-03-13,47.607695
2003-03-14,47.612065
2003-03-17,47.627997
2003-03-18,47.674287
2003-03-19,47.646168
2003-03-20,47.783233
2003-03-21,47.681612
2003-03-24,47.634945
2003-03-25,47.551211
2003-03-26,47.542889
2003-03-27,47.539868
2003-03-28,47.50233
2003-03-31,47.479578
2003-04-01,47.452943
2003-04-02,47.377655
2003-04-03,47.350962
2003-04-04,47.429104
2003-04-07,47.404082
2003-04-08,47.390244
2003-04-09,47.446472
2003-04-10,47.347524
2003-04-11,47.359106
2003-04-14,47.345627
2003-04-15,47.306194
2003-04-16,47.297896
2003-04-17,47.305861
2003-04-22,47.383101
2003-04-23,47.338268
2003-04-24,47.301962
2003-04-25,47.374465
2003-04-28,47.333333
2003-04-29,47.394122
2003-04-30,47.323691
2003-05-02,47.259543
2003-05-05,47.300767
2003-05-06,47.240832
2003-05-07,47.203115
2003-05-08,47.267162
2003-05-09,47.149834
2003-05-12,47.150125
2003-05-13,47.148811
2003-05-14,47.147578
2003-05-15,47.128644
2003-05-16,47.146711
2003-05-19,46.930141
2003-05-20,46.875644
2003-05-21,46.838053
2003-05-22,46.882253
2003-05-23,46.877863
2003-05-26,46.892407
2003-05-27,46.842282
2003-05-28,46.942409
2003-05-29,47.030453
2003-05-30,47.075791
2003-06-02,47.161583
2003-06-03,46.95641
2003-06-04,46.861688
2003-06-05,46.87983
2003-06-06,46.729027
2003-06-09,46.850588
2003-06-10,46.739892
2003-06-11,46.648791
2003-06-12,46.637975
2003-06-13,46.664114
2003-06-16,46.658512
2003-06-17,46.530474
2003-06-18,46.579195
2003-06-19,46.555985
2003-06-20,46.554269
2003-06-23,46.621891
2003-06-24,46.518807
2003-06-25,46.562202
2003-06-26,46.51592
2003-06-27,46.362919
2003-06-30,46.418132
2003-07-01,46.402148
2003-07-02,46.360642
2003-07-03,46.346338
2003-07-04,46.32217
2003-07-07,46.28169
2003-07-08,46.28024
2003-07-09,46.200793
2003-07-10,46.190266
2003-07-11,46.05833
2003-07-14,46.016462
2003-07-15,46.094178
2003-07-16,46.154606
2003-07-17,46.230077
2003-07-18,46.227577
2003-07-21,46.233605
2003-07-22,46.226748
2003-07-23,46.102096
2003-07-24,46.13238
2003-07-25,46.101769
2003-07-28,46.091914
2003-07-29,46.100157
2003-07-30,46.063923
2003-07-31,46.122106
2003-08-01,46.099024
2003-08-04,46.124525
2003-08-05,46.114003
2003-08-06,46.116573
2003-08-07,45.924425
2003-08-08,45.9721
2003-08-11,45.934484
2003-08-12,45.839816
2003-08-13,45.870356
2003-08-14,45.872227
2003-08-15,45.89046
2003-08-18,45.817841
2003-08-19,45.808405
2003-08-20,45.813305
2003-08-21,45.828867
2003-08-22,45.827979
2003-08-25,45.86058
2003-08-26,45.787722
2003-08-27,45.784359
2003-08-28,45.857961
2003-08-29,45.857051
2003-09-01,45.863201
2003-09-02,45.792239
2003-09-03,45.882407
2003-09-04,45.914217
2003-09-05,45.83814
2003-09-08,45.822419
2003-09-09,45.778177
2003-09-10,45.714286
2003-09-11,45.700276
2003-09-12,45.758145
2003-09-15,45.798245
2003-09-16,45.858478
2003-09-17,45.965037
2003-09-18,45.937998
2003-09-19,45.93087
2003-09-22,45.306069
2003-09-23,45.756281
2003-09-24,45.756149
2003-09-25,45.753067
2003-09-26,45.807434
2003-09-29,45.834575
2003-09-30,45.742362
2003-10-01,45.529946
2003-10-02,45.513171
2003-10-03,45.410748
2003-10-06,45.423612
2003-10-07,45.295717
2003-10-08,45.353535
2003-10-09,45.223108
2003-10-10,45.346115
2003-10-13,45.385866
2003-10-14,45.671308
2003-10-15,45.697146
2003-10-16,45.256995
2003-10-17,45.34243
2003-10-20,45.346117
2003-10-21,45.313602
2003-10-22,45.355738
2003-10-23,45.284236
2003-10-24,45.283083
2003-10-27,45.340483
2003-10-28,45.313972
2003-10-29,45.297843
2003-10-30,45.287151
2003-10-31,45.330408
2003-11-03,45.286047
2003-11-04,45.277293
2003-11-05,45.254075
2003-11-06,45.248493
2003-11-07,45.230217
2003-11-10,45.207698
2003-11-11,45.250065
2003-11-12,45.298276
2003-11-13,45.393836
2003-11-14,45.387165
2003-11-17,45.492289
2003-11-18,45.635931
2003-11-19,45.621327
2003-11-20,45.770426
2003-11-21,45.716447
2003-11-24,45.825933
2003-11-25,45.896651
2003-11-26,45.864051
2003-11-27,45.889766
2003-11-28,45.826246
2003-12-01,45.675181
2003-12-02,45.661795
2003-12-03,45.590811
2003-12-04,45.583899
2003-12-05,45.572102
2003-12-08,45.476346
2003-12-09,45.504976
2003-12-10,45.440804
2003-12-11,45.496841
2003-12-12,45.495348
2003-12-15,45.529845
2003-12-16,45.516655
2003-12-17,45.480263
2003-12-18,45.504313
2003-12-19,45.48317
2003-12-22,45.523564
2003-12-23,45.472079
2003-12-24,45.548481
2003-12-29,45.213217
2003-12-30,45.552177
2003-12-31,45.588282
2004-01-02,45.621029
2004-01-05,45.601643
2004-01-06,45.56444
2004-01-07,45.570629
2004-01-08,45.482033
2004-01-09,45.520138
2004-01-12,45.403804
2004-01-13,45.368264
2004-01-14,45.415222
2004-01-15,45.410368
2004-01-16,45.381414
2004-01-19,45.396428
2004-01-20,45.390874
2004-01-21,45.370826
2004-01-22,45.003147
2004-01-23,45.343523
2004-01-26,45.329622
2004-01-27,45.327155
2004-01-28,45.325957
2004-01-29,45.317613
2004-01-30,45.29635
2004-02-02,45.274055
2004-02-03,45.276122
2004-02-04,45.284254
2004-02-05,45.268219
2004-02-06,45.301301
2004-02-09,45.22064
2004-02-10,45.184895
2004-02-11,45.229495
2004-02-12,45.190595
2004-02-13,45.202091
2004-02-16,45.243701
2004-02-17,45.294758
2004-02-18,45.228478
2004-02-19,45.583936
2004-02-20,45.197031
2004-02-23,45.228212
2004-02-24,45.253672
2004-02-25,45.192018
2004-02-26,45.221794
2004-02-27,45.203737
2004-03-01,45.181833
2004-03-02,45.228995
2004-03-03,45.238409
2004-03-04,45.300074
2004-03-05,45.27313
2004-03-08,45.180479
2004-03-09,45.25362
2004-03-10,45.216684
2004-03-11,45.267624
2004-03-12,45.20474
2004-03-15,45.223163
2004-03-16,45.173279
2004-03-17,45.188148
2004-03-18,45.189626
2004-03-19,45.137719
2004-03-22,45.053024
2004-03-23,44.818345
2004-03-24,44.72696
2004-03-25,44.671118
2004-03-26,44.397437
2004-03-29,44.049348
2004-03-30,44.092886
2004-03-31,43.50949
2004-04-01,43.386364
2004-04-02,43.731125
2004-04-05,43.666446
2004-04-06,43.742763
2004-04-07,43.564168
2004-04-08,43.645833
2004-04-13,43.76618
2004-04-14,43.775579
2004-04-15,44.001847
2004-04-16,43.879484
2004-04-19,43.835935
2004-04-20,43.946839
2004-04-21,44.002197
2004-04-22,44.07058
2004-04-23,44.056374
2004-04-26,44.095857
2004-04-27,44.145705
2004-04-28,44.142941
2004-04-29,44.35312
2004-04-30,44.502386
2004-05-03,44.722664
2004-05-04,44.669596
2004-05-05,44.577767
2004-05-06,44.60383
2004-05-07,44.655844
2004-05-10,45.006333
2004-05-11,45.389698
2004-05-12,45.406089
2004-05-13,45.231329
2004-05-14,45.607524
2004-05-17,45.450387
2004-05-18,45.416006
2004-05-19,45.158062
2004-05-20,45.332159
2004-05-21,44.921453
2004-05-24,45.311664
2004-05-25,45.312111
2004-05-26,45.320502
2004-05-27,45.349774
2004-05-28,45.391965
2004-05-31,45.499262
2004-06-01,45.372414
2004-06-02,45.321766
2004-06-03,45.268281
2004-06-04,45.127428
2004-06-07,44.985794
2004-06-08,45.017895
2004-06-09,44.910751
2004-06-10,45.055592
2004-06-11,45.087456
2004-06-14,45.327056
2004-06-15,45.373828
2004-06-16,45.325095
2004-06-17,45.495226
2004-06-18,45.657698
2004-06-21,45.902411
2004-06-22,46.182284
2004-06-23,45.662282
2004-06-24,45.84227
2004-06-25,45.76866
2004-06-28,45.93709
2004-06-29,46.016107
2004-06-30,45.972028
2004-07-01,45.880999
2004-07-02,45.819888
2004-07-05,45.800781
2004-07-06,45.982614
2004-07-07,45.786194
2004-07-08,45.722384
2004-07-09,45.609441
2004-07-12,45.68686
2004-07-13,45.799386
2004-07-14,45.888862
2004-07-15,46.107968
2004-07-16,45.95321
2004-07-19,46.083629
2004-07-20,46.105773
2004-07-21,46.117437
2004-07-22,46.286273
2004-07-23,46.343204
2004-07-26,46.285456
2004-07-27,46.236029
2004-07-28,46.249792
2004-07-29,46.421919
2004-07-30,46.388404
2004-08-02,46.2837
2004-08-03,46.316753
2004-08-04,46.313945
2004-08-05,46.309583
2004-08-06,46.382626
2004-08-09,46.420348
2004-08-10,46.272498
2004-08-11,46.246219
2004-08-12,46.219811
2004-08-13,46.298388
2004-08-16,46.418902
2004-08-17,46.323553
2004-08-18,46.289028
2004-08-19,46.253742
2004-08-20,46.186448
2004-08-23,46.202449
2004-08-24,46.251751
2004-08-25,46.370334
2004-08-26,46.279339
2004-08-27,46.255689
2004-08-30,46.284552
2004-08-31,46.335563
2004-09-01,46.279586
2004-09-02,46.252054
2004-09-03,46.229158
2004-09-06,46.336675
2004-09-07,46.297707
2004-09-08,46.253842
2004-09-09,46.310393
2004-09-10,46.208364
2004-09-13,46.09186
2004-09-14,45.903408
2004-09-15,45.801602
2004-09-16,45.874321
2004-09-17,45.866841
2004-09-20,45.817672
2004-09-21,45.842701
2004-09-22,45.793385
2004-09-23,45.845717
2004-09-24,45.901942
2004-09-27,45.874816
2004-09-28,46.111066
2004-09-29,45.938489
2004-09-30,45.841728
2004-10-01,45.849513
2004-10-04,45.788704
2004-10-05,45.809493
2004-10-06,45.799544
2004-10-07,45.791399
2004-10-08,45.748274
2004-10-11,45.778728
2004-10-12,45.876381
2004-10-13,45.779734
2004-10-14,45.796235
2004-10-15,45.812792
2004-10-18,45.808882
2004-10-19,45.745463
2004-10-20,45.707705
2004-10-21,45.725052
2004-10-22,45.726638
2004-10-25,45.585522
2004-10-26,45.615613
2004-10-27,45.54878
2004-10-28,45.839037
2004-10-29,45.319934
2004-11-01,45.338092
2004-11-02,45.514364
2004-11-03,45.319116
2004-11-04,45.11496
2004-11-05,45.182794
2004-11-08,45.100255
2004-11-09,45.175432
2004-11-10,45.159128
2004-11-11,45.164469
2004-11-12,45.036762
2004-11-15,45.063682
2004-11-16,45.079022
2004-11-17,45.050668
2004-11-18,45.003839
2004-11-19,45.011521
2004-11-22,44.976598
2004-11-23,44.968294
2004-11-24,45.069983
2004-11-25,45.044275
2004-11-26,45.007554
2004-11-29,44.735412
2004-11-30,44.596465
2004-12-01,44.399729
2004-12-02,44.118973
2004-12-03,44.135338
2004-12-06,43.499814
2004-12-07,43.731421
2004-12-08,43.961654
2004-12-09,44.175122
2004-12-10,44.665302
2004-12-13,44.181489
2004-12-14,44.118796
2004-12-15,44.060375
2004-12-16,43.871353
2004-12-17,43.909831
2004-12-20,43.855584
2004-12-21,43.706884
2004-12-22,43.862074
2004-12-23,43.688317
2004-12-24,43.685571
2004-12-27,43.795372
2004-12-28,43.732854
2004-12-29,43.736038
2004-12-30,43.731256
2004-12-31,43.505616
2005-01-03,43.453765
2005-01-04,43.551814
2005-01-05,43.80369
2005-01-06,43.905029
2005-01-07,43.837121
2005-01-10,43.803709
2005-01-11,43.802024
2005-01-12,43.727072
2005-01-13,43.625302
2005-01-14,43.663586
2005-01-17,43.624761
2005-01-18,43.696784
2005-01-19,43.73156
2005-01-20,43.74227
2005-01-21,43.746818
2005-01-24,43.767317
2005-01-25,43.793474
2005-01-26,43.698577
2005-01-27,43.714878
2005-01-28,43.695435
2005-01-31,43.717683
2005-02-01,43.675443
2005-02-02,43.428528
2005-02-03,43.410507
2005-02-04,43.457324
2005-02-07,43.478667
2005-02-08,43.67518
2005-02-09,43.688293
2005-02-10,43.800579
2005-02-11,43.811746
2005-02-14,43.677026
2005-02-15,43.75
2005-02-16,43.69862
2005-02-17,43.746645
2005-02-18,43.853823
2005-02-21,43.811566
2005-02-22,43.645115
2005-02-23,43.727183
2005-02-24,43.605581
2005-02-25,43.708318
2005-02-28,43.636569
2005-03-01,43.634988
2005-03-02,43.658499
2005-03-03,43.708156
2005-03-04,43.700343
2005-03-07,43.666742
2005-03-08,43.661483
2005-03-09,43.627304
2005-03-10,43.533448
2005-03-11,43.509988
2005-03-14,43.564912
2005-03-15,43.536576
2005-03-16,43.558663
2005-03-17,43.606668
2005-03-18,43.601928
2005-03-21,43.723009
2005-03-22,43.681973
2005-03-23,43.710345
2005-03-24,43.708211
2005-03-29,43.806282
2005-03-30,43.760334
2005-03-31,43.723388
2005-04-01,43.740258
2005-04-04,43.733602
2005-04-05,43.741608
2005-04-06,43.705288
2005-04-07,43.704248
2005-04-08,43.723379
2005-04-11,43.708272
2005-04-12,43.690412
2005-04-13,43.761802
2005-04-14,43.725429
2005-04-15,43.758937
2005-04-18,43.750289
2005-04-19,43.738843
2005-04-20,43.68534
2005-04-21,43.721856
2005-04-22,43.696566
2005-04-25,43.666512
2005-04-26,43.612202
2005-04-27,43.732198
2005-04-28,43.652073
2005-04-29,43.456819
2005-05-02,43.577703
2005-05-03,43.599098
2005-05-04,43.480275
2005-05-05,43.425969
2005-05-06,43.43709
2005-05-09,43.446663
2005-05-10,43.451066
2005-05-11,43.272784
2005-05-12,43.29888
2005-05-13,43.365255
2005-05-16,43.505866
2005-05-17,43.490028
2005-05-18,43.461691
2005-05-19,43.466224
2005-05-20,43.465535
2005-05-23,43.521677
2005-05-24,43.510343
2005-05-25,43.540274
2005-05-26,43.522319
2005-05-27,43.525615
2005-05-30,43.588037
2005-05-31,43.745844
2005-06-01,43.747956
2005-06-02,43.657343
2005-06-03,43.615428
2005-06-06,43.586213
2005-06-07,43.505088
2005-06-08,43.475333
2005-06-09,43.478225
2005-06-10,43.541581
2005-06-13,43.606367
2005-06-14,43.605285
2005-06-15,43.62499
2005-06-16,43.459348
2005-06-17,43.558348
2005-06-20,43.574939
2005-06-21,43.601555
2005-06-22,43.54306
2005-06-23,43.564562
2005-06-24,43.535011
2005-06-27,43.510358
2005-06-28,43.458454
2005-06-29,43.564792
2005-06-30,43.527952
2005-07-01,43.487218
2005-07-04,43.542963
2005-07-05,43.547926
2005-07-06,43.591874
2005-07-07,43.599565
2005-07-08,43.613911
2005-07-11,43.551558
2005-07-12,43.53855
2005-07-13,43.539068
2005-07-14,43.555979
2005-07-15,43.506171
2005-07-18,43.533267
2005-07-19,43.560384
2005-07-20,43.511564
2005-07-21,43.230492
2005-07-22,43.481018
2005-07-25,43.550767
2005-07-26,43.464587
2005-07-27,43.401168
2005-07-28,43.395868
2005-07-29,43.50368
2005-08-01,43.358704
2005-08-02,43.544242
2005-08-03,43.460351
2005-08-04,43.490543
2005-08-05,43.457129
2005-08-08,43.527082
2005-08-09,43.538449
2005-08-10,43.525895
2005-08-11,43.555824
2005-08-12,43.560247
2005-08-15,43.529174
2005-08-16,43.52473
2005-08-17,43.506831
2005-08-18,43.580611
2005-08-19,43.584503
2005-08-22,43.624397
2005-08-23,43.658955
2005-08-24,43.698305
2005-08-25,43.682366
2005-08-26,43.705208
2005-08-29,43.905118
2005-08-30,44.036614
2005-08-31,44.084276
2005-09-01,43.976429
2005-09-02,43.86891
2005-09-05,43.821981
2005-09-06,43.862853
2005-09-07,43.848687
2005-09-08,43.823482
2005-09-09,43.799436
2005-09-12,43.719646
2005-09-13,43.897035
2005-09-14,43.904499
2005-09-15,43.887753
2005-09-16,43.888753
2005-09-19,43.909712
2005-09-20,43.876913
2005-09-21,43.851943
2005-09-22,43.929156
2005-09-23,43.908236
2005-09-26,43.971407
2005-09-27,44.041649
2005-09-28,44.031735
2005-09-29,43.968333
2005-09-30,43.925428
2005-10-03,44.104584
2005-10-04,44.217624
2005-10-05,44.260484
2005-10-06,44.325512
2005-10-07,44.344532
2005-10-10,44.752647
2005-10-11,44.957578
2005-10-12,44.786809
2005-10-13,44.963272
2005-10-14,44.807067
2005-10-17,44.935951
2005-10-18,45.18472
2005-10-19,45.153138
2005-10-20,45.235506
2005-10-21,45.024143
2005-10-24,45.162425
2005-10-25,45.083632
2005-10-26,45.046853
2005-10-27,45.051113
2005-10-28,45.055199
2005-10-31,45.103552
2005-11-01,45.083278
2005-11-02,45.248499
2005-11-03,45.271157
2005-11-04,45.49317
2005-11-07,45.87703
2005-11-08,45.774636
2005-11-09,45.773556
2005-11-10,45.703112
2005-11-11,45.686928
2005-11-14,45.686844
2005-11-15,45.64241
2005-11-16,45.748052
2005-11-17,45.70219
2005-11-18,45.738505
2005-11-21,45.746338
2005-11-22,45.810614
2005-11-23,45.730299
2005-11-24,45.717559
2005-11-25,45.79614
2005-11-28,45.964523
2005-11-29,45.873823
2005-11-30,45.906194
2005-12-01,45.999149
2005-12-02,46.166538
2005-12-05,46.333815
2005-12-06,46.168208
2005-12-07,46.222032
2005-12-08,46.246175
2005-12-09,46.182435
2005-12-12,46.08218
2005-12-13,46.103983
2005-12-14,45.690516
2005-12-15,45.359613
2005-12-16,45.314195
2005-12-19,45.017951
2005-12-20,45.144291
2005-12-21,45.188679
2005-12-22,45.183556
2005-12-23,45.121848
2005-12-27,45.265778
2005-12-28,45.120007
2005-12-29,45.153488
2005-12-30,45.022463
2006-01-02,45.091324
2006-01-03,45.019789
2006-01-04,44.755442
2006-01-05,44.617803
2006-01-06,44.57372
2006-01-09,44.261467
2006-01-10,44.24569
2006-01-11,44.008107
2006-01-12,44.105506
2006-01-13,44.205499
2006-01-16,44.223085
2006-01-17,44.311387
2006-01-18,44.36866
2006-01-19,44.293879
2006-01-20,44.232681
2006-01-23,44.205425
2006-01-24,44.22751
2006-01-25,44.140231
2006-01-26,44.033785
2006-01-27,44.100394
2006-01-30,44.10197
2006-01-31,44.069979
2006-02-01,44.209395
2006-02-02,44.215979
2006-02-03,44.182904
2006-02-06,44.166597
2006-02-07,44.181909
2006-02-08,44.199029
2006-02-09,44.122118
2006-02-10,44.147034
2006-02-13,44.200034
2006-02-14,44.170449
2006-02-15,44.249832
2006-02-16,44.298364
2006-02-17,44.401079
2006-02-20,44.368086
2006-02-21,44.391903
2006-02-22,44.580211
2006-02-23,44.392406
2006-02-24,44.377942
2006-02-27,44.454944
2006-02-28,44.250947
2006-03-01,44.295633
2006-03-02,44.286553
2006-03-03,44.177205
2006-03-06,44.238995
2006-03-07,44.260052
2006-03-08,44.307537
2006-03-09,44.32802
2006-03-10,44.427385
2006-03-13,44.413689
2006-03-14,44.387345
2006-03-15,44.259937
2006-03-16,44.428702
2006-03-17,44.375872
2006-03-20,44.356005
2006-03-21,44.309124
2006-03-22,44.393902
2006-03-23,44.435504
2006-03-24,44.575988
2006-03-27,44.664449
2006-03-28,44.617676
2006-03-29,44.647852
2006-03-30,44.551918
2006-03-31,44.606742
2006-04-03,44.517118
2006-04-04,44.654989
2006-04-05,44.652585
2006-04-06,44.475309
2006-04-07,44.639954
2006-04-10,44.785519
2006-04-11,44.745973
2006-04-12,45.178557
2006-04-13,45.151315
2006-04-18,45.176298
2006-04-19,45.043739
2006-04-20,45.131217
2006-04-21,45.138449
2006-04-24,44.909826
2006-04-25,44.912676
2006-04-26,45.105835
2006-04-27,44.96214
2006-04-28,44.942171
2006-05-02,44.895199
2006-05-03,44.874029
2006-05-04,44.901525
2006-05-05,44.867591
2006-05-08,44.872217
2006-05-09,44.925573
2006-05-10,44.882229
2006-05-11,44.990563
2006-05-12,44.989159
2006-05-15,45.392172
2006-05-16,45.367871
2006-05-17,45.086943
2006-05-18,45.285043
2006-05-19,45.493068
2006-05-22,45.426174
2006-05-23,45.395218
2006-05-24,45.605789
2006-05-25,45.874559
2006-05-26,45.874033
2006-05-29,46.109108
2006-05-30,46.287094
2006-05-31,46.283805
2006-06-01,46.198178
2006-06-02,45.857199
2006-06-05,45.768637
2006-06-06,45.80836
2006-06-07,45.853468
2006-06-08,45.823322
2006-06-09,45.811675
2006-06-12,45.856666
2006-06-13,45.915202
2006-06-14,45.876781
2006-06-15,45.991277
2006-06-16,45.780571
2006-06-19,45.841474
2006-06-20,45.813805
2006-06-21,45.885845
2006-06-22,45.999046
2006-06-23,46.023036
2006-06-26,46.373696
2006-06-27,46.322113
2006-06-28,46.234686
2006-06-29,46.22396
2006-06-30,45.955321
2006-07-03,46.075841
2006-07-04,45.947932
2006-07-05,46.004377
2006-07-06,46.083235
2006-07-07,45.939897
2006-07-10,45.984944
2006-07-11,46.047425
2006-07-12,46.194781
2006-07-13,46.215726
2006-07-14,46.381652
2006-07-17,46.725939
2006-07-18,46.649908
2006-07-19,46.998077
2006-07-20,46.751562
2006-07-21,46.700315
2006-07-24,46.883559
2006-07-25,46.805951
2006-07-26,46.75856
2006-07-27,46.587894
2006-07-28,46.687461
2006-07-31,46.5309
2006-08-01,46.567129
2006-08-02,46.701047
2006-08-03,46.556607
2006-08-04,46.564259
2006-08-07,46.550195
2006-08-08,46.501285
2006-08-09,46.470223
2006-08-10,46.327293
2006-08-11,46.497065
2006-08-14,46.599308
2006-08-15,46.544597
2006-08-16,46.547331
2006-08-17,46.433729
2006-08-18,46.464615
2006-08-21,46.442449
2006-08-22,46.493912
2006-08-23,46.488448
2006-08-24,46.475723
2006-08-25,46.506817
2006-08-28,46.507813
2006-08-29,46.442067
2006-08-30,46.485411
2006-08-31,46.45942
2006-09-01,46.447687
2006-09-04,46.346094
2006-09-05,46.20687
2006-09-06,46.101774
2006-09-07,46.172335
2006-09-08,46.243216
2006-09-11,46.201526
2006-09-12,46.214494
2006-09-13,46.181273
2006-09-14,46.076397
2006-09-15,46.014201
2006-09-18,46.143703
2006-09-19,46.014699
2006-09-20,45.90486
2006-09-21,45.770953
2006-09-22,45.823516
2006-09-25,45.906955
2006-09-26,45.838519
2006-09-27,45.897193
2006-09-28,45.864863
2006-09-29,45.85861
2006-10-02,45.776114
2006-10-03,45.750177
2006-10-04,45.591296
2006-10-05,45.556953
2006-10-06,45.515635
2006-10-09,45.669285
2006-10-10,45.696283
2006-10-11,45.643785
2006-10-12,45.626047
2006-10-13,45.389641
2006-10-16,45.430284
2006-10-17,45.214788
2006-10-18,45.312126
2006-10-19,45.299737
2006-10-20,45.256776
2006-10-23,45.318573
2006-10-24,45.242006
2006-10-25,45.284579
2006-10-26,45.260413
2006-10-27,45.188835
2006-10-30,44.92569
2006-10-31,44.957467
2006-11-01,44.83656
2006-11-02,44.855487
2006-11-03,44.757837
2006-11-06,44.876397
2006-11-07,44.665621
2006-11-08,44.626644
2006-11-09,44.496718
2006-11-10,44.62842
2006-11-13,44.910366
2006-11-14,45.10917
2006-11-15,45.34162
2006-11-16,44.851609
2006-11-17,44.846563
2006-11-20,44.953664
2006-11-21,44.784611
2006-11-22,44.792022
2006-11-23,44.686945
2006-11-24,44.623796
2006-11-27,44.630166
2006-11-28,44.623108
2006-11-29,44.638595
2006-11-30,44.684091
2006-12-01,44.608879
2006-12-04,44.527012
2006-12-05,44.443778
2006-12-06,44.661745
2006-12-07,44.604798
2006-12-08,44.635432
2006-12-11,44.756773
2006-12-12,44.800664
2006-12-13,44.714663
2006-12-14,44.580049
2006-12-15,44.608576
2006-12-18,44.666667
2006-12-19,44.639763
2006-12-20,44.639097
2006-12-21,44.511307
2006-12-22,44.454973
2006-12-27,44.228285
2006-12-28,44.158506
2006-12-29,44.205011
2007-01-02,44.189902
2007-01-03,44.248356
2007-01-04,44.249962
2007-01-05,44.260165
2007-01-08,44.394895
2007-01-09,44.318636
2007-01-10,44.463351
2007-01-11,44.534812
2007-01-12,44.39153
2007-01-15,44.280195
2007-01-16,44.22682
2007-01-17,44.169959
2007-01-18,44.165764
2007-01-19,44.210526
2007-01-22,44.168213
2007-01-23,44.180215
2007-01-24,44.265283
2007-01-25,44.168593
2007-01-26,44.133788
2007-01-29,44.143642
2007-01-30,44.058742
2007-01-31,44.10684
2007-02-01,44.045315
2007-02-02,44.033794
2007-02-05,44.082012
2007-02-06,44.040139
2007-02-07,44.037114
2007-02-08,44.066662
2007-02-09,44.055509
2007-02-12,44.022075
2007-02-13,44.132238
2007-02-14,43.933649
2007-02-15,44.003958
2007-02-16,43.865386
2007-02-19,44.118946
2007-02-20,44.075314
2007-02-21,44.138456
2007-02-22,44.063788
2007-02-23,44.132024
2007-02-26,44.048632
2007-02-27,44.080121
2007-02-28,44.185149
2007-03-01,44.099811
2007-03-02,44.133556
2007-03-05,44.427119
2007-03-06,44.205344
2007-03-07,44.198706
2007-03-08,44.203923
2007-03-09,44.110224
2007-03-12,44.130435
2007-03-13,44.085338
2007-03-14,44.153076
2007-03-15,44.093452
2007-03-16,44.005253
2007-03-19,43.987071
2007-03-20,43.545427
2007-03-21,43.310013
2007-03-22,43.510598
2007-03-23,43.38861
2007-03-26,43.301922
2007-03-27,43.053121
2007-03-28,42.825892
2007-03-29,43.478131
2007-03-30,43.273765
2007-04-02,43.100404
2007-04-03,42.833508
2007-04-04,42.940383
2007-04-05,42.798923
2007-04-10,42.624758
2007-04-11,42.700104
2007-04-12,42.82394
2007-04-13,42.336683
2007-04-16,41.77786
2007-04-17,41.785372
2007-04-18,41.856817
2007-04-19,41.91383
2007-04-20,41.584595
2007-04-23,41.504758
2007-04-24,40.756148
2007-04-25,40.580995
2007-04-26,40.551633
2007-04-27,40.810672
2007-04-30,41.045204
2007-05-02,41.03768
2007-05-03,40.858738
2007-05-04,40.766168
2007-05-07,40.699229
2007-05-08,40.66234
2007-05-09,40.755079
2007-05-10,41.044578
2007-05-11,41.07074
2007-05-14,40.723301
2007-05-15,40.845029
2007-05-16,40.570208
2007-05-17,40.876739
2007-05-18,40.514951
2007-05-21,40.482743
2007-05-22,40.489074
2007-05-23,40.479615
2007-05-24,40.45583
2007-05-25,40.407708
2007-05-28,40.506207
2007-05-29,40.484862
2007-05-30,40.566319
2007-05-31,40.411804
2007-06-01,40.517267
2007-06-04,40.407951
2007-06-05,40.376145
2007-06-06,40.594243
2007-06-07,40.521901
2007-06-08,40.996329
2007-06-11,40.70161
2007-06-12,40.66317
2007-06-13,40.818845
2007-06-14,40.788485
2007-06-15,40.761604
2007-06-18,40.679648
2007-06-19,40.719242
2007-06-20,40.607731
2007-06-21,40.538927
2007-06-22,40.715721
2007-06-25,40.767402
2007-06-26,40.859584
2007-06-27,40.908617
2007-06-28,40.784139
2007-06-29,40.687893
2007-07-02,40.63144
2007-07-03,40.493346
2007-07-04,40.422235
2007-07-05,40.38783
2007-07-06,40.344219
2007-07-09,40.323031
2007-07-10,40.351968
2007-07-11,40.317749
2007-07-12,40.507688
2007-07-13,40.280801
2007-07-16,40.333793
2007-07-17,40.303536
2007-07-18,40.317149
2007-07-19,40.275687
2007-07-20,40.279649
2007-07-23,40.206208
2007-07-24,40.203137
2007-07-25,40.267045
2007-07-26,40.271826
2007-07-27,40.405099
2007-07-30,40.378505
2007-07-31,40.237105
2007-08-01,40.390837
2007-08-02,40.242242
2007-08-03,40.300131
2007-08-06,40.22724
2007-08-07,40.339278
2007-08-08,40.512542
2007-08-09,40.497487
2007-08-10,40.481319
2007-08-13,40.597758
2007-08-14,40.562872
2007-08-15,40.585485
2007-08-16,41.167475
2007-08-17,41.128289
2007-08-20,41.038884
2007-08-21,41.047527
2007-08-22,40.825613
2007-08-23,40.865625
2007-08-24,41.05986
2007-08-27,41.023576
2007-08-28,40.986534
2007-08-29,41.084293
2007-08-30,41.127847
2007-08-31,40.694637
2007-09-03,40.69909
2007-09-04,40.797496
2007-09-05,40.945687
2007-09-06,40.744751
2007-09-07,40.613318
2007-09-10,40.47046
2007-09-11,40.486111
2007-09-12,40.375225
2007-09-13,40.395769
2007-09-14,40.414141
2007-09-17,40.509476
2007-09-18,40.302877
2007-09-19,40.137388
2007-09-20,39.687099
2007-09-21,39.725959
2007-09-24,39.725076
2007-09-25,39.562597
2007-09-26,39.675798
2007-09-27,39.614245
2007-09-28,39.751746
2007-10-01,39.807476
2007-10-02,39.660431
2007-10-03,39.391335
2007-10-04,39.305408
2007-10-05,39.477221
2007-10-08,39.438569
2007-10-09,39.248415
2007-10-10,39.121306
2007-10-11,39.306993
2007-10-12,39.168842
2007-10-15,39.11711
2007-10-16,39.34841
2007-10-17,39.538028
2007-10-18,39.581789
2007-10-19,39.547872
2007-10-22,39.864464
2007-10-23,39.571348
2007-10-24,39.397048
2007-10-25,39.353554
2007-10-26,39.251251
2007-10-29,39.300257
2007-10-30,39.210106
2007-10-31,39.242749
2007-11-01,39.234556
2007-11-02,39.290006
2007-11-05,39.274572
2007-11-06,39.207397
2007-11-07,39.207309
2007-11-08,39.247239
2007-11-09,39.068991
2007-11-12,39.278414
2007-11-13,39.343465
2007-11-14,39.219048
2007-11-15,39.216477
2007-11-16,39.248515
2007-11-19,39.251399
2007-11-20,39.274264
2007-11-21,39.306737
2007-11-22,39.485468
2007-11-23,39.628604
2007-11-26,39.58774
2007-11-27,39.629555
2007-11-28,39.713162
2007-11-29,39.67499
2007-11-30,39.537972
2007-12-03,39.412246
2007-12-04,39.335866
2007-12-05,39.412364
2007-12-06,39.428336
2007-12-07,39.407468
2007-12-10,39.314445
2007-12-11,39.259133
2007-12-12,39.30494
2007-12-13,39.314173
2007-12-14,39.299056
2007-12-17,39.492809
2007-12-18,39.501249
2007-12-19,39.509906
2007-12-20,39.443864
2007-12-21,39.317107
2007-12-24,39.347826
2007-12-27,39.269082
2007-12-28,39.324122
2007-12-31,39.305754
2008-01-02,39.313725
2008-01-03,39.27269
2008-01-04,39.242208
2008-01-07,39.181553
2008-01-08,39.16423
2008-01-09,39.177112
2008-01-10,39.168599
2008-01-11,39.17861
2008-01-14,39.176234
2008-01-15,39.167003
2008-01-16,39.192131
2008-01-17,39.167518
2008-01-18,39.215619
2008-01-21,39.484187
2008-01-22,39.369394
2008-01-23,39.51489
2008-01-24,39.380072
2008-01-25,39.321999
2008-01-28,39.285666
2008-01-29,39.335951
2008-01-30,39.309926
2008-01-31,39.3423
2008-02-01,39.137618
2008-02-04,39.374874
2008-02-05,39.463508
2008-02-06,39.4248
2008-02-07,39.450889
2008-02-08,39.555571
2008-02-11,39.686426
2008-02-12,39.665704
2008-02-13,39.676402
2008-02-14,39.518665
2008-02-15,39.567943
2008-02-18,39.689123
2008-02-19,39.825668
2008-02-20,40.114629
2008-02-21,39.845277
2008-02-22,39.966999
2008-02-25,39.86637
2008-02-26,39.815786
2008-02-27,39.696889
2008-02-28,39.787712
2008-02-29,39.937364
2008-03-03,40.283497
2008-03-04,40.228199
2008-03-05,40.265201
2008-03-06,40.153404
2008-03-07,40.406694
2008-03-10,40.404172
2008-03-11,40.258794
2008-03-12,40.061381
2008-03-13,40.160493
2008-03-14,40.188291
2008-03-17,40.539632
2008-03-18,40.278359
2008-03-19,40.226867
2008-03-20,40.381249
2008-03-25,39.97495
2008-03-26,39.987906
2008-03-27,39.910047
2008-03-28,39.84743
2008-03-31,40.020238
2008-04-01,39.980204
2008-04-02,39.876535
2008-04-03,39.946541
2008-04-04,39.903956
2008-04-07,39.964953
2008-04-08,39.93437
2008-04-09,39.883632
2008-04-10,39.954016
2008-04-11,39.851576
2008-04-14,39.885311
2008-04-15,39.966515
2008-04-16,39.939101
2008-04-17,39.892263
2008-04-18,39.762991
2008-04-21,39.897471
2008-04-22,39.967359
2008-04-23,39.941029
2008-04-24,40.183905
2008-04-25,40.094896
2008-04-28,40.20796
2008-04-29,40.387258
2008-04-30,40.491634
2008-05-02,40.694139
2008-05-05,40.612549
2008-05-06,40.945389
2008-05-07,41.265716
2008-05-08,41.673291
2008-05-09,41.483374
2008-05-12,41.98639
2008-05-13,42.11142
2008-05-14,42.347302
2008-05-15,42.632157
2008-05-16,42.537102
2008-05-19,42.428581
2008-05-20,42.615896
2008-05-21,42.734717
2008-05-22,42.860679
2008-05-23,42.706772
2008-05-26,42.608972
2008-05-27,42.855964
2008-05-28,42.645631
2008-05-29,42.682143
2008-05-30,42.458731
2008-06-02,42.397397
2008-06-03,42.613993
2008-06-04,42.671667
2008-06-05,42.900922
2008-06-06,42.649869
2008-06-09,42.786999
2008-06-10,42.969213
2008-06-11,42.818563
2008-06-12,42.832587
2008-06-13,42.90819
2008-06-16,42.960735
2008-06-17,42.780255
2008-06-18,42.808365
2008-06-19,42.956527
2008-06-20,42.90583
2008-06-23,42.965659
2008-06-24,42.875771
2008-06-25,42.643759
2008-06-26,42.604412
2008-06-27,42.790196
2008-06-30,42.928825
2008-07-01,43.241838
2008-07-02,43.183601
2008-07-03,43.303116
2008-07-04,43.144662
2008-07-07,43.286052
2008-07-08,43.288073
2008-07-09,43.110404
2008-07-10,43.002928
2008-07-11,42.768551
2008-07-14,42.808734
2008-07-15,43.128205
2008-07-16,42.959466
2008-07-17,42.824153
2008-07-18,42.668184
2008-07-21,42.740573
2008-07-22,42.703059
2008-07-23,42.010673
2008-07-24,42.13051
2008-07-25,42.263887
2008-07-28,42.543503
2008-07-29,42.644381
2008-07-30,42.376676
2008-07-31,42.49952
2008-08-01,42.357776
2008-08-04,42.426442
2008-08-05,42.247046
2008-08-06,42.079726
2008-08-07,41.986943
2008-08-08,42.060502
2008-08-11,42.169598
2008-08-12,42.381432
2008-08-13,42.631685
2008-08-14,42.926142
2008-08-15,42.685179
2008-08-18,43.586099
2008-08-19,43.527969
2008-08-20,43.708429
2008-08-21,43.419738
2008-08-22,43.354268
2008-08-25,43.719781
2008-08-26,43.838882
2008-08-27,43.647322
2008-08-28,43.730282
2008-08-29,43.765864
2008-09-01,44.179605
2008-09-02,44.499173
2008-09-03,43.95956
2008-09-04,44.430563
2008-09-05,44.658525
2008-09-08,44.598283
2008-09-09,44.754666
2008-09-10,45.116362
2008-09-11,45.51098
2008-09-12,45.746481
2008-09-15,45.93951
2008-09-16,46.742833
2008-09-17,46.170557
2008-09-18,46.309475
2008-09-19,45.749508
2008-09-22,45.473886
2008-09-23,45.663567
2008-09-24,45.960517
2008-09-25,46.108844
2008-09-26,46.431011
2008-09-29,46.981671
2008-09-30,46.476264
2008-10-01,46.621689
2008-10-02,46.246853
2008-10-03,47.063033
2008-10-06,47.631656
2008-10-07,47.775822
2008-10-08,47.871969
2008-10-09,47.552989
2008-10-10,48.446866
2008-10-13,48.060708
2008-10-14,48.054101
2008-10-15,48.39633
2008-10-16,48.682905
2008-10-17,48.893614
2008-10-20,49.022646
2008-10-21,48.852397
2008-10-22,49.256404
2008-10-23,49.691647
2008-10-24,49.868212
2008-10-27,49.888443
2008-10-28,49.912183
2008-10-29,49.372749
2008-10-30,49.32336
2008-10-31,49.350161
2008-11-03,48.452659
2008-11-04,47.560842
2008-11-05,47.376845
2008-11-06,47.615505
2008-11-07,47.545469
2008-11-10,47.295788
2008-11-11,48.014435
2008-11-12,49.220271
2008-11-13,48.686627
2008-11-14,48.699803
2008-11-17,49.056082
2008-11-18,49.445981
2008-11-19,49.768086
2008-11-20,50.046245
2008-11-21,49.794477
2008-11-24,49.95146
2008-11-25,49.683085
2008-11-26,49.197526
2008-11-27,49.067442
2008-11-28,49.768995
2008-12-01,49.92703
2008-12-02,49.994487
2008-12-03,49.815416
2008-12-04,49.650555
2008-12-05,49.436242
2008-12-08,49.448421
2008-12-09,49.194579
2008-12-10,48.578723
2008-12-11,48.031782
2008-12-12,48.129685
2008-12-15,47.750555
2008-12-16,47.910884
2008-12-17,47.563127
2008-12-18,46.7604
2008-12-19,47.050215
2008-12-22,47.752326
2008-12-23,48.555587
2008-12-24,47.77151
2008-12-29,48.098108
2008-12-30,48.129522
2008-12-31,48.456564
2009-01-02,48.409779
2009-01-05,48.514946
2009-01-06,48.625113
2009-01-07,48.815006
2009-01-08,48.415216
2009-01-09,48.184741
2009-01-12,48.845005
2009-01-13,48.924747
2009-01-14,48.604722
2009-01-15,48.780283
2009-01-16,48.529766
2009-01-19,48.620088
2009-01-20,49.139985
2009-01-21,49.209915
2009-01-22,48.924831
2009-01-23,49.159828
2009-01-26,48.569669
2009-01-27,48.77486
2009-01-28,48.925339
2009-01-29,48.720159
2009-01-30,48.689919
2009-02-02,48.640282
2009-02-03,48.399875
2009-02-04,48.56998
2009-02-05,48.660067
2009-02-06,48.52532
2009-02-09,48.600092
2009-02-10,48.665073
2009-02-11,48.659762
2009-02-12,48.590353
2009-02-13,48.424706
2009-02-16,48.619663
2009-02-17,49.434858
2009-02-18,49.680057
2009-02-19,49.685006
2009-02-20,49.625129
2009-02-23,49.824973
2009-02-24,49.917731
2009-02-25,49.839781
2009-02-26,50.395087
2009-02-27,51.070073
2009-03-02,51.884725
2009-03-03,51.969877
2009-03-04,51.534847
2009-03-05,51.769813
2009-03-06,51.695371
2009-03-09,51.870275
2009-03-10,51.559962
2009-03-11,51.159862
2009-03-12,51.890158
2009-03-13,51.494769
2009-03-16,51.400092
2009-03-17,51.410138
2009-03-18,51.290175
2009-03-19,50.310146
2009-03-20,50.569784
2009-03-23,50.379112
2009-03-24,50.720367
2009-03-25,50.669927
2009-03-26,50.155067
2009-03-27,50.645355
2009-03-30,51.515197
2009-03-31,50.640216
2009-04-01,50.569983
2009-04-02,50.350209
2009-04-03,50.079702
2009-04-06,50
2009-04-07,50.02037
2009-04-08,50.189706
2009-04-09,49.984932
2009-04-14,49.575173
2009-04-15,49.675093
2009-04-16,49.757502
2009-04-17,49.859856
2009-04-20,50.179701
2009-04-21,50.472471
2009-04-22,50.329806
2009-04-23,49.934866
2009-04-24,49.774788
2009-04-27,50.247619
2009-04-28,50.517241
2009-04-29,50.034675
2009-04-30,49.914878
2009-05-04,49.910005
2009-05-05,49.300157
2009-05-06,49.590152
2009-05-07,49.099753
2009-05-08,49.282682
2009-05-11,49.510093
2009-05-12,49.317401
2009-05-13,49.710049
2009-05-14,49.710241
2009-05-15,49.392662
2009-05-18,47.890173
2009-05-19,47.785043
2009-05-20,47.420015
2009-05-21,47.280009
2009-05-22,47.109934
2009-05-25,47.304782
2009-05-26,47.860224
2009-05-27,47.669952
2009-05-28,47.6097
2009-05-29,47.117322
2009-06-01,46.962729
2009-06-02,47.016435
2009-06-03,47.0599
2009-06-04,47.204683
2009-06-05,47.112224
2009-06-08,47.555171
2009-06-09,47.489792
2009-06-10,47.330166
2009-06-11,47.614718
2009-06-12,47.603542
2009-06-15,47.714801
2009-06-16,47.599712
2009-06-17,47.989884
2009-06-18,48.109914
2009-06-19,48.010336
2009-06-22,48.429788
2009-06-23,48.552726
2009-06-24,48.530187
2009-06-25,48.602582
2009-06-26,48.10017
2009-06-29,48.050221
2009-06-30,47.769917
2009-07-01,47.895148
2009-07-02,47.945049
2009-07-03,47.879934
2009-07-06,48.575232
2009-07-07,48.230259
2009-07-08,48.890008
2009-07-09,48.709793
2009-07-10,48.790015
2009-07-13,49.089803
2009-07-14,48.965049
2009-07-15,48.630137
2009-07-16,48.670205
2009-07-17,48.730305
2009-07-20,48.204966
2009-07-21,48.439851
2009-07-22,48.520189
2009-07-23,48.450348
2009-07-24,48.230126
2009-07-27,48.165253
2009-07-28,48.214913
2009-07-29,48.425978
2009-07-30,48.309969
2009-07-31,48.061961
2009-08-03,47.590016
2009-08-04,47.57995
2009-08-05,47.419847
2009-08-06,47.599861
2009-08-07,47.764853
2009-08-10,47.810168
2009-08-11,47.959904
2009-08-12,48.364855
2009-08-13,48.059889
2009-08-14,48.244718
2009-08-17,48.899943
2009-08-18,48.795121
2009-08-19,48.795351
2009-08-20,48.705329
2009-08-21,48.630147
2009-08-24,48.614815
2009-08-25,48.755236
2009-08-26,48.894884
2009-08-27,48.915055
2009-08-28,48.659844
2009-08-31,48.899944
2009-09-01,49.000279
2009-09-02,48.974684
2009-09-03,48.915242
2009-09-04,48.890057
2009-09-07,48.660154
2009-09-08,48.44469
2009-09-09,48.500207
2009-09-10,48.605019
2009-09-11,48.474716
2009-09-14,48.734977
2009-09-15,48.640066
2009-09-16,48.235294
2009-09-17,48.155247
2009-09-18,48.135328
2009-09-21,48.00996
2009-09-22,47.963464
2009-09-23,48.005141
2009-09-24,47.974675
2009-09-25,47.940014
2009-09-28,47.753584
2009-09-29,48.115334
2009-09-30,47.805095
2009-10-01,47.759818
2009-10-02,47.747128
2009-10-05,47.519841
2009-10-06,46.920255
2009-10-07,46.689805
2009-10-08,46.319854
2009-10-09,46.410169
2009-10-12,46.489672
2009-10-13,46.34486
2009-10-14,46.11518
2009-10-15,46.284984
2009-10-16,46.299684
2009-10-19,46.079903
2009-10-20,46.115156
2009-10-21,46.460023
2009-10-22,46.74
2009-10-23,46.509987
2009-10-26,46.630268
2009-10-27,46.945005
2009-10-28,47.23977
2009-10-29,47.190289
2009-10-30,47.010135
2009-11-02,46.909694
2009-11-03,47.395279
2009-11-04,47.103855
2009-11-05,46.989978
2009-11-06,46.760194
2009-11-09,46.446877
2009-11-10,46.449953
2009-11-11,46.309769
2009-11-12,46.640464
2009-11-13,46.253699
2009-11-16,46.189776
2009-11-17,46.33479
2009-11-18,46.160326
2009-11-19,46.650071
2009-11-20,46.606142
2009-11-23,46.485168
2009-11-24,46.355134
2009-11-25,46.22953
2009-11-26,46.444828
2009-11-27,46.65002
2009-11-30,46.4348
2009-12-01,46.275043
2009-12-02,46.335321
2009-12-03,46.074735
2009-12-04,46.294996
2009-12-07,46.509975
2009-12-08,46.5509
2009-12-09,46.569813
2009-12-10,46.639511
2009-12-11,46.560954
2009-12-14,46.690107
2009-12-15,46.674919
2009-12-16,46.688393
2009-12-17,46.886286
2009-12-18,46.730139
2009-12-21,46.8402
2009-12-22,46.795994
2009-12-23,46.824741
2009-12-24,46.666204
2009-12-28,46.570635
2009-12-29,46.684681
2009-12-30,46.770819
2009-12-31,46.536165
2010-01-04,46.299951
2010-01-05,46.24498
2010-01-06,45.829965
2010-01-07,45.707494
2010-01-08,45.757724
2010-01-11,45.33315
2010-01-12,45.721981
2010-01-13,45.544874
2010-01-14,45.64407
2010-01-15,45.707527
2010-01-18,45.520217
2010-01-19,45.805028
2010-01-20,45.950326
2010-01-21,46.039534
2010-01-22,46.309869
2010-01-25,46.220055
2010-01-26,46.020589
2010-01-27,46.299744
2010-01-28,46.279734
2010-01-29,46.195045
2010-02-01,46.375332
2010-02-02,46.207936
2010-02-03,45.974685
2010-02-04,46.254784
2010-02-05,46.797166
2010-02-08,46.810238
2010-02-09,46.654797
2010-02-10,46.494905
2010-02-11,46.500948
2010-02-12,46.492779
2010-02-15,46.324686
2010-02-16,46.21181
2010-02-17,46.113216
2010-02-18,46.274784
2010-02-19,46.3052
2010-02-22,46.215324
2010-02-23,46.214922
2010-02-24,46.282572
2010-02-25,46.33405
2010-02-26,46.104643
2010-03-01,46.144917
2010-03-02,45.944789
2010-03-03,45.825086
2010-03-04,45.815042
2010-03-05,45.594169
2010-03-08,45.458205
2010-03-09,45.605222
2010-03-10,45.382807
2010-03-11,45.614703
2010-03-12,45.441337
2010-03-15,45.592849
2010-03-16,45.518473
2010-03-17,45.347485
2010-03-18,45.455344
2010-03-19,45.504872
2010-03-22,45.585331
2010-03-23,45.555145
2010-03-24,45.441595
2010-03-25,45.50015
2010-03-26,45.218303
2010-03-29,44.918714
2010-03-30,45.09865
2010-03-31,44.895022
2010-04-01,44.70003
2010-04-06,44.455061
2010-04-07,44.509745
2010-04-08,44.471646
2010-04-09,44.284967
2010-04-12,44.387928
2010-04-13,44.548332
2010-04-14,44.229894
2010-04-15,44.441819
2010-04-16,44.31474
2010-04-19,44.734961
2010-04-20,44.495032
2010-04-21,44.5547
2010-04-22,44.507084
2010-04-23,44.487266
2010-04-26,44.395316
2010-04-27,44.444695
2010-04-28,44.644772
2010-04-29,44.514937
2010-04-30,44.359745
2010-05-03,44.485572
2010-05-04,44.615326
2010-05-05,44.939647
2010-05-06,45.314685
2010-05-07,45.480151
2010-05-10,44.850027
2010-05-11,45.280359
2010-05-12,45.119817
2010-05-13,45.071502
2010-05-14,45.215338
2010-05-17,45.619888
2010-05-18,45.594625
2010-05-19,46.355338
2010-05-20,46.825036
2010-05-21,46.944867
2010-05-24,46.984628
2010-05-25,47.713327
2010-05-26,47.294662
2010-05-27,46.860057
2010-05-28,46.378149
2010-05-31,46.359795
2010-06-01,47.15508
2010-06-02,46.984777
2010-06-03,46.670199
2010-06-04,46.849917
2010-06-07,47.095075
2010-06-08,46.947747
2010-06-09,47.021066
2010-06-10,46.909921
2010-06-11,46.845056
2010-06-14,46.495224
2010-06-15,46.525534
2010-06-16,46.560235
2010-06-17,46.305104
2010-06-18,46.170385
2010-06-21,45.750948
2010-06-22,46.291402
2010-06-23,46.185315
2010-06-24,46.485076
2010-06-25,46.28518
2010-06-28,46.204717
2010-06-29,46.48467
2010-06-30,46.445277
2010-07-01,46.62719
2010-07-02,46.796302
2010-07-05,46.775198
2010-07-06,46.824072
2010-07-07,47.051007
2010-07-08,46.862559
2010-07-09,46.665348
2010-07-12,46.81077
2010-07-13,46.754714
2010-07-14,46.730694
2010-07-15,46.613658
2010-07-16,46.78
2010-07-19,47.115073
2010-07-20,47.3474
2010-07-21,47.164703
2010-07-22,47.136187
2010-07-23,46.934946
2010-07-26,47.055139
2010-07-27,46.657715
2010-07-28,46.760314
2010-07-29,46.535313
2010-07-30,46.400061
2010-08-02,46.244932
2010-08-03,46.165192
2010-08-04,46.164622
2010-08-05,46.190079
2010-08-06,46.159684
2010-08-09,46.124651
2010-08-10,46.402193
2010-08-11,46.704825
2010-08-12,46.774824
2010-08-13,46.753653
2010-08-16,46.804992
2010-08-17,46.617418
2010-08-18,46.490683
2010-08-19,46.369586
2010-08-20,46.652506
2010-08-23,46.67034
2010-08-24,46.905083
2010-08-25,46.89606
2010-08-26,46.848814
2010-08-27,46.895304
2010-08-30,46.914961
2010-08-31,47.062303
2010-09-01,46.814844
2010-09-02,46.724918
2010-09-03,46.609787
2010-09-06,46.540314
2010-09-07,46.820465
2010-09-08,46.656612
2010-09-09,46.472198
2010-09-10,46.239686
2010-09-13,46.398719
2010-09-14,46.420233
2010-09-15,46.350758
2010-09-16,46.110262
2010-09-17,45.82925
2010-09-20,45.712865
2010-09-21,45.667683
2010-09-22,45.594882
2010-09-23,45.586955
2010-09-24,45.256487
2010-09-27,45.019663
2010-09-28,45.159733
2010-09-29,44.926897
2010-09-30,44.876172
2010-10-01,44.500219
2010-10-04,44.555272
2010-10-05,44.669811
2010-10-06,44.385104
2010-10-07,44.215032
2010-10-08,44.424823
2010-10-11,44.440299
2010-10-12,44.664643
2010-10-13,44.476286
2010-10-14,44.120275
2010-10-15,44.099652
2010-10-18,44.383276
2010-10-19,44.406523
2010-10-20,44.369815
2010-10-21,44.295091
2010-10-22,44.569399
2010-10-25,44.35892
2010-10-26,44.55506
2010-10-27,44.535246
2010-10-28,44.504583
2010-10-29,44.396334
2010-11-01,44.439968
2010-11-02,44.350121
2010-11-03,44.329956
2010-11-04,44.18492
2010-11-05,44.021585
2010-11-08,44.420493
2010-11-09,44.356759
2010-11-10,44.305011
2010-11-11,44.475182
2010-11-12,44.621107
2010-11-15,45.165125
2010-11-16,45.312959
2010-11-17,45.37334
2010-11-18,45.229721
2010-11-19,45.33092
2010-11-22,45.434894
2010-11-23,45.583877
2010-11-24,45.708074
2010-11-25,45.56715
2010-11-26,45.85482
2010-11-29,45.941731
2010-11-30,45.960917
2010-12-01,45.34228
2010-12-02,45.294565
2010-12-03,45.097388
2010-12-06,44.932229
2010-12-07,44.632193
2010-12-08,45.097197
2010-12-09,45.242924
2010-12-10,45.021897
2010-12-13,45.158664
2010-12-14,44.887235
2010-12-15,45.332335
2010-12-16,45.382233
2010-12-17,45.342081
2010-12-20,45.420248
2010-12-21,45.229951
2010-12-22,45.097239
2010-12-23,45.139314
2010-12-24,45.114284
2010-12-27,45.238276
2010-12-28,45.066313
2010-12-29,45.032734
2010-12-30,44.917169
2010-12-31,44.722347
2011-01-03,44.635901
2011-01-04,45.039937
2011-01-05,45.394687
2011-01-06,45.284929
2011-01-07,45.459455
2011-01-10,45.535147
2011-01-11,45.165276
2011-01-12,45.09751
2011-01-13,45.16327
2011-01-14,45.441232
2011-01-17,45.545038
2011-01-18,45.475282
2011-01-19,45.39997
2011-01-20,45.635392
2011-01-21,45.619407
2011-01-24,45.626704
2011-01-25,45.825022
2011-01-26,45.706308
2011-01-27,45.605862
2011-01-28,45.765135
2011-01-31,45.907829
2011-02-01,45.770265
2011-02-02,45.560023
2011-02-03,45.594762
2011-02-04,45.597535
2011-02-07,45.469638
2011-02-08,45.297396
2011-02-09,45.467868
2011-02-10,45.727727
2011-02-11,45.687666
2011-02-14,45.5
2011-02-15,45.520355
2011-02-16,45.520355
2011-02-17,45.345133
2011-02-18,45.199971
2011-02-21,44.987562
2011-02-22,45.265237
2011-02-23,45.132183
2011-02-24,45.467945
2011-02-25,45.324807
2011-02-28,45.272517
2011-03-01,44.949729
2011-03-02,44.949671
2011-03-03,45.042599
2011-03-04,44.987461
2011-03-07,45.052752
2011-03-08,45.088502
2011-03-09,45.005026
2011-03-10,45.182746
2011-03-11,45.239962
2011-03-14,45.060295
2011-03-15,45.246327
2011-03-16,45.117196
2011-03-17,45.151385
2011-03-18,45.036447
2011-03-21,45.009863
2011-03-22,44.955316
2011-03-23,44.845076
2011-03-24,44.750142
2011-03-25,44.675168
2011-03-28,44.839652
2011-03-29,44.782454
2011-03-30,44.752307
2011-03-31,44.587175
2011-04-01,44.537161
2011-04-04,44.587781
2011-04-05,44.41762
2011-04-06,44.16993
2011-04-07,44.204999
2011-04-08,44.074717
2011-04-11,44.388943
2011-04-12,44.389081
2011-04-13,44.504933
2011-04-14,44.644816
2011-04-15,44.332872
2011-04-18,44.449737
2011-04-19,44.484687
2011-04-20,44.330003
2011-04-21,44.3678
2011-04-26,44.520079
2011-04-27,44.440278
2011-04-28,44.430174
2011-04-29,44.21467
2011-05-02,44.339826
2011-05-03,44.517591
2011-05-04,44.469829
2011-05-05,44.759687
2011-05-06,44.794842
2011-05-09,44.719733
2011-05-10,44.754841
2011-05-11,44.695271
2011-05-12,44.997527
2011-05-13,44.867647
2011-05-16,45.16015
2011-05-17,45.127373
2011-05-18,45.055177
2011-05-19,44.980021
2011-05-20,45.012292
2011-05-23,45.237518
2011-05-24,45.20477
2011-05-25,45.330159
2011-05-26,45.304912
2011-05-27,45.165089
2011-05-30,45.077775
2011-05-31,45.057351
2011-06-01,44.844808
2011-06-02,44.829184
2011-06-03,44.821922
2011-06-06,44.760208
2011-06-07,44.679907
2011-06-08,44.702218
2011-06-09,44.735185
2011-06-10,44.714897
2011-06-13,44.864846
2011-06-14,44.73768
2011-06-15,44.760006
2011-06-16,44.904884
2011-06-17,44.867554
2011-06-20,45.007376
2011-06-21,44.847283
2011-06-22,44.89477
2011-06-23,44.95356
2011-06-24,44.995077
2011-06-27,45.037663
2011-06-28,45.04032
2011-06-29,44.867244
2011-06-30,44.670311
2011-07-01,44.585174
2011-07-04,44.424828
2011-07-05,44.39527
2011-07-06,44.404945
2011-07-07,44.43532
2011-07-08,44.394748
2011-07-11,44.465709
2011-07-12,44.714848
2011-07-13,44.517871
2011-07-14,44.509928
2011-07-15,44.515057
2011-07-18,44.575294
2011-07-19,44.5
2011-07-20,44.454846
2011-07-21,44.504992
2011-07-22,44.349941
2011-07-25,44.404729
2011-07-26,44.184922
2011-07-27,44.084868
2011-07-28,44.098177
2011-07-29,44.194951
2011-08-01,44.074922
2011-08-02,44.277347
2011-08-03,44.32028
2011-08-04,44.547755
2011-08-05,44.74532
2011-08-08,44.970123
2011-08-09,45.209925
2011-08-10,45.259971
2011-08-11,45.365198
2011-08-12,45.345263
2011-08-15,45.344888
2011-08-16,45.389972
2011-08-17,45.368516
2011-08-18,45.749878
2011-08-19,45.749739
2011-08-22,45.665025
2011-08-23,45.625086
2011-08-24,46.004989
2011-08-25,46.044786
2011-08-26,46.154701
2011-08-29,46.055084
2011-08-30,46.056103
2011-08-31,46.069204
2011-09-01,46.087504
2011-09-02,45.787443
2011-09-05,45.998159
2011-09-06,45.984822
2011-09-07,46.164862
2011-09-08,46.194816
2011-09-09,46.562206
2011-09-12,47.229789
2011-09-13,47.594723
2011-09-14,47.650229
2011-09-15,47.554911
2011-09-16,47.255087
2011-09-19,47.812477
2011-09-20,48.054705
2011-09-21,48.330155
2011-09-22,49.577632
2011-09-23,49.432614
2011-09-26,49.447407
2011-09-27,49.075042
2011-09-28,48.760179
2011-09-29,48.966581
2011-09-30,48.966156
2011-10-03,49.160351
2011-10-04,49.40748
2011-10-05,49.349929
2011-10-06,49.350366
2011-10-07,49.160339
2011-10-10,48.975208
2011-10-11,49.325347
2011-10-12,48.959756
2011-10-13,49.130181
2011-10-14,49.020062
2011-10-17,48.954704
2011-10-18,49.393097
2011-10-19,49.164738
2011-10-20,49.807344
2011-10-21,50.024641
2011-10-24,49.825346
2011-10-25,49.509987
2011-10-26,49.507432
2011-10-27,49.509902
2011-10-28,48.766243
2011-10-31,48.695093
2011-11-01,49.280106
2011-11-02,49.185314
2011-11-03,49.144703
2011-11-04,49.104988
2011-11-07,49.111483
2011-11-08,49.479983
2011-11-09,50.165041
2011-11-10,50.024971
2011-11-11,50.122491
2011-11-14,50.374844
2011-11-15,50.67987
2011-11-16,50.754969
2011-11-17,50.945104
2011-11-18,51.255156
2011-11-21,52.304949
2011-11-22,52.375323
2011-11-23,52.474789
2011-11-24,52.034697
2011-11-25,52.239776
2011-11-28,52.034762
2011-11-29,52.055339
2011-11-30,52.25518
2011-12-01,51.369701
2011-12-02,51.105026
2011-12-05,51.374795
2011-12-06,51.314768
2011-12-07,51.717126
2011-12-08,51.724832
2011-12-09,52.074866
2011-12-12,52.861671
2011-12-13,53.190198
2011-12-14,53.935196
2011-12-15,53.537138
2011-12-16,52.699786
2011-12-19,52.935041
2011-12-20,52.975371
2011-12-21,52.685001
2011-12-22,52.629723
2011-12-23,52.855173
2011-12-27,52.937486
2011-12-28,52.897354
2011-12-29,53.052215
2011-12-30,53.10534
2012-01-02,53.304986
2012-01-03,53.119717
2012-01-04,52.92941
2012-01-05,52.924719
2012-01-06,52.72464
2012-01-09,52.502357
2012-01-10,51.794972
2012-01-11,51.865073
2012-01-12,51.520101
2012-01-13,51.447811
2012-01-16,51.424738
2012-01-17,50.647381
2012-01-18,50.399034
2012-01-19,50.280381
2012-01-20,50.281352
2012-01-23,49.994622
2012-01-24,50.10536
2012-01-25,50.244939
2012-01-26,50.24496
2012-01-27,49.395207
2012-01-30,49.759725
2012-01-31,49.435337
2012-02-01,49.165085
2012-02-02,49.144646
2012-02-03,48.804711
2012-02-06,49.05536
2012-02-07,49.344925
2012-02-08,49.144945
2012-02-09,49.355057
2012-02-10,49.489726
2012-02-13,49.149691
2012-02-14,49.404662
2012-02-15,49.375191
2012-02-16,49.395317
2012-02-17,49.240064
2012-02-20,49.13463
2012-02-21,49.329905
2012-02-22,49.139078
2012-02-23,49.150376
2012-02-24,49.005368
2012-02-27,49.285181
2012-02-28,49.08503
2012-02-29,48.954846
2012-03-01,49.27509
2012-03-02,49.459787
2012-03-05,49.795008
2012-03-06,50.384703
2012-03-07,50.404726
2012-03-08,50.404999
2012-03-09,49.795315
2012-03-12,49.984755
2012-03-13,49.974726
2012-03-14,50.025264
2012-03-15,50.375278
2012-03-16,50.13495
2012-03-19,50.215209
2012-03-20,50.457645
2012-03-21,50.675236
2012-03-22,51.225032
2012-03-23,51.274732
2012-03-26,51.205182
2012-03-27,50.774769
2012-03-28,50.779786
2012-03-29,51.320072
2012-03-30,50.944894
2012-04-02,50.876192
2012-04-03,50.70522
2012-04-04,51.089636
2012-04-05,51.174625
2012-04-10,51.47476
2012-04-11,51.475135
2012-04-12,51.588991
2012-04-13,51.30286
2012-04-16,51.658477
2012-04-17,51.477307
2012-04-18,51.804781
2012-04-19,52.145041
2012-04-20,52.099757
2012-04-23,52.574823
2012-04-24,52.675329
2012-04-25,52.545055
2012-04-26,52.554673
2012-04-27,52.509638
2012-04-30,52.704707
2012-05-02,52.855076
2012-05-03,53.425284
2012-05-04,53.474718
2012-05-07,52.910305
2012-05-08,53.119002
2012-05-09,53.874903
2012-05-10,53.337705
2012-05-11,53.634889
2012-05-14,53.96486
2012-05-15,53.764697
2012-05-16,54.495211
2012-05-17,54.485097
2012-05-18,54.467416
2012-05-21,54.980392
2012-05-22,55.344612
2012-05-23,56.005214
2012-05-24,55.619973
2012-05-25,55.408895
2012-05-28,55.184625
2012-05-29,55.675158
2012-05-30,56.232513
2012-05-31,56.109812
2012-06-01,55.607044
2012-06-04,55.665353
2012-06-05,55.644863
2012-06-06,55.364838
2012-06-07,54.944819
2012-06-08,55.465191
2012-06-11,55.745376
2012-06-12,55.805315
2012-06-13,55.599968
2012-06-14,55.814676
2012-06-15,55.412829
2012-06-18,55.994611
2012-06-19,55.952928
2012-06-20,56.154754
2012-06-21,56.304657
2012-06-22,57.152085
2012-06-25,57.014734
2012-06-26,57.01483
2012-06-27,57.134958
2012-06-28,56.855371
2012-06-29,55.694996
2012-07-02,55.441912
2012-07-03,54.372167
2012-07-04,54.487261
2012-07-05,54.952519
2012-07-06,55.51426
2012-07-09,55.935085
2012-07-10,55.414733
2012-07-11,55.628059
2012-07-12,55.924618
2012-07-13,55.14485
2012-07-16,55.325614
2012-07-17,55.045192
2012-07-18,55.44221
2012-07-19,55.04517
2012-07-20,55.354918
2012-07-23,55.973565
2012-07-24,56.119613
2012-07-25,56.160376
2012-07-26,55.525285
2012-07-27,55.334903
2012-07-30,55.584681
2012-07-31,55.655324
2012-08-01,55.474061
2012-08-02,55.835088
2012-08-03,55.755002
2012-08-06,55.527102
2012-08-07,55.069154
2012-08-08,55.415045
2012-08-09,55.294691
2012-08-10,55.284619
2012-08-13,55.344031
2012-08-14,55.659812
2012-08-15,55.685891
2012-08-16,55.7749
2012-08-17,55.715328
2012-08-20,55.699187
2012-08-21,55.395076
2012-08-22,55.491645
2012-08-23,55.254939
2012-08-24,55.484928
2012-08-27,55.682362
2012-08-28,55.675008
2012-08-29,55.630132
2012-08-30,55.633769
2012-08-31,55.527714
2012-09-03,55.534691
2012-09-04,55.661022
2012-09-05,55.891239
2012-09-06,55.664662
2012-09-07,55.284905
2012-09-10,55.445366
2012-09-11,55.324939
2012-09-12,55.228753
2012-09-13,55.427576
2012-09-14,54.306224
2012-09-17,54.054715
2012-09-18,54.02482
2012-09-19,53.99477
2012-09-20,54.335804
2012-09-21,53.464737
2012-09-24,53.47476
2012-09-25,53.315032
2012-09-26,53.514986
2012-09-27,53.07519
2012-09-28,52.860015
2012-10-01,52.408946
2012-10-02,52.395205
2012-10-03,52.265189
2012-10-04,51.735001
2012-10-05,51.855099
2012-10-08,52.619231
2012-10-09,52.712036
2012-10-10,53.00256
2012-10-11,52.65521
2012-10-12,52.818813
2012-10-15,53.015188
2012-10-16,52.855281
2012-10-17,52.865091
2012-10-18,53.397622
2012-10-19,53.839662
2012-10-22,53.4747
2012-10-23,53.764706
2012-10-24,53.831711
2012-10-25,53.575002
2012-10-26,53.733344
2012-10-29,54.085129
2012-10-30,53.966209
2012-10-31,53.813592
2012-11-01,53.704817
2012-11-02,53.810895
2012-11-05,54.607498
2012-11-06,54.435156
2012-11-07,54.214656
2012-11-08,54.364793
2012-11-09,54.784938
2012-11-12,54.874755
2012-11-13,54.970069
2012-11-14,54.809052
2012-11-15,54.684854
2012-11-16,55.175363
2012-11-19,55.065037
2012-11-20,55.094855
2012-11-21,55.115189
2012-11-22,55.142946
2012-11-23,55.535053
2012-11-26,55.624807
2012-11-27,55.359926
2012-11-28,55.465053
2012-11-29,54.825304
2012-11-30,54.424765
2012-12-03,54.776748
2012-12-04,54.667736
2012-12-05,54.556449
2012-12-06,54.137852
2012-12-07,54.47501
2012-12-10,54.505027
2012-12-11,54.269992
2012-12-12,54.255368
2012-12-13,54.253499
2012-12-14,54.491247
2012-12-17,54.87538
2012-12-18,54.855061
2012-12-19,54.554954
2012-12-20,54.864865
2012-12-21,55.075327
2012-12-24,54.955364
2012-12-27,54.96231
2012-12-28,54.754987
2012-12-31,54.994695
2013-01-02,54.313075
2013-01-03,54.504656
2013-01-04,55.075315
2013-01-07,55.225094
2013-01-08,55.064955
2013-01-09,54.754902
2013-01-10,54.653474
2013-01-11,54.759681
2013-01-14,54.499663
2013-01-15,54.625197
2013-01-16,54.834677
2013-01-17,54.390335
2013-01-18,53.845692
2013-01-21,53.75516
2013-01-22,53.720057
2013-01-23,53.607652
2013-01-24,53.755337
2013-01-25,53.799837
2013-01-28,53.914758
2013-01-29,53.745254
2013-01-30,53.290008
2013-01-31,53.225092
2013-02-01,53.197743
2013-02-04,53.274793
2013-02-05,53.135111
2013-02-06,53.154546
2013-02-07,53.285103
2013-02-08,53.505309
2013-02-11,53.854828
2013-02-12,53.835467
2013-02-13,53.818991
2013-02-14,53.930367
2013-02-15,54.300188
2013-02-18,54.304973
2013-02-19,54.344895
2013-02-20,54.077038
2013-02-21,54.604884
2013-02-22,54.252237
2013-02-25,53.825165
2013-02-26,54.094976
2013-02-27,53.845155
2013-02-28,54.372763
2013-03-01,54.913846
2013-03-04,54.865073
2013-03-05,54.864969
2013-03-06,54.752589
2013-03-07,54.612606
2013-03-08,54.375095
2013-03-11,54.412806
2013-03-12,54.19214
2013-03-13,54.306294
2013-03-14,54.366546
2013-03-15,54.005044
2013-03-18,54.124836
2013-03-19,54.375
2013-03-20,54.345307
2013-03-21,54.244771
2013-03-22,54.341211
2013-03-25,54.225976
2013-03-26,54.432781
2013-03-27,54.465069
2013-03-28,54.327216
2013-04-02,54.176791
2013-04-03,54.455098
2013-04-04,54.8978
2013-04-05,54.834672
2013-04-08,54.537357
2013-04-09,54.539877
2013-04-10,54.524683
2013-04-11,54.524735
2013-04-12,54.524977
2013-04-15,54.628851
2013-04-16,54.104654
2013-04-17,54.205195
2013-04-18,53.972403
2013-04-19,53.972551
2013-04-22,54.14666
2013-04-23,54.354888
2013-04-24,54.22036
2013-04-25,54.125382
2013-04-26,54.324948
2013-04-29,54.172958
2013-04-30,53.759945
2013-05-02,53.764688
2013-05-03,53.924813
2013-05-06,54.16495
2013-05-07,54.087892
2013-05-08,54.124857
2013-05-09,54.280931
2013-05-10,54.905297
2013-05-13,54.737763
2013-05-14,54.765354
2013-05-15,54.767335
2013-05-16,54.775019
2013-05-17,54.86518
2013-05-20,55.085194
2013-05-21,55.415047
2013-05-22,55.565271
2013-05-23,55.714618
2013-05-24,55.746194
2013-05-27,55.576165
2013-05-28,55.965373
2013-05-29,56.175108
2013-05-30,56.434642
2013-05-31,56.510841
2013-06-03,56.74508
2013-06-04,56.494806
2013-06-05,56.785031
2013-06-06,56.840982
2013-06-07,57.076169
2013-06-10,58.176243
2013-06-11,58.405033
2013-06-12,57.815018
2013-06-13,58.084867
2013-06-14,57.535142
2013-06-17,57.905076
2013-06-18,58.770749
2013-06-19,58.795316
2013-06-20,59.684848
2013-06-21,59.271624
2013-06-24,59.699679
2013-06-25,59.67489
2013-06-26,60.741708
2013-06-27,60.200276
2013-06-28,59.419725
2013-07-01,59.544374
2013-07-02,59.635093
2013-07-03,60.264681
2013-07-04,60.224892
2013-07-05,60.364822
2013-07-08,60.754864
2013-07-09,60.144668
2013-07-10,59.655038
2013-07-11,59.828274
2013-07-12,59.630198
2013-07-15,59.894713
2013-07-16,59.144687
2013-07-17,59.464829
2013-07-18,59.650195
2013-07-19,59.504686
2013-07-22,59.72353
2013-07-23,59.725341
2013-07-24,59.079722
2013-07-25,59.108468
2013-07-26,59.042232
2013-07-29,59.419744
2013-07-30,60.484794
2013-07-31,60.405273
2013-08-01,60.443487
2013-08-02,61.105052
2013-08-05,60.875009
2013-08-06,60.808735
2013-08-07,61.252161
2013-08-08,60.861527
2013-08-09,60.797129
2013-08-12,61.274849
2013-08-13,61.283672
2013-08-14,61.443782
2013-08-15,61.319847
2013-08-16,61.713643
2013-08-19,63.367806
2013-08-20,63.570042
2013-08-21,64.457561
2013-08-22,64.880282
2013-08-23,64.02471
2013-08-26,64.465235
2013-08-27,67.31519
2013-08-28,68.978048
2013-08-29,66.955375
2013-08-30,66.374764
2013-09-02,66.27016
2013-09-03,68.244762
2013-09-04,67.025283
2013-09-05,66.114983
2013-09-06,65.245102
2013-09-09,65.244808
2013-09-10,63.889728
2013-09-11,63.36524
2013-09-12,63.450715
2013-09-13,63.580293
2013-09-16,62.847196
2013-09-17,63.372267
2013-09-18,63.44967
2013-09-19,61.901071
2013-09-20,62.277638
2013-09-23,62.654723
2013-09-24,62.980034
2013-09-25,62.511108
2013-09-26,62.078672
2013-09-27,62.497599
2013-09-30,62.824139
2013-10-01,62.622842
2013-10-02,62.591195
2013-10-03,61.739738
2013-10-04,61.525785
2013-10-07,61.827291
2013-10-08,61.79508
2013-10-09,61.855716
2013-10-10,61.180166
2013-10-11,61.079906
2013-10-14,61.433943
2013-10-15,61.620099
2013-10-16,61.844997
2013-10-17,61.220173
2013-10-18,61.264981
2013-10-21,61.564352
2013-10-22,61.591341
2013-10-23,61.652123
2013-10-24,61.436436
2013-10-25,61.528635
2013-10-28,61.524956
2013-10-29,61.470076
2013-10-30,61.237368
2013-10-31,61.482296
2013-11-01,61.728619
2013-11-04,62.215312
2013-11-05,61.813399
2013-11-06,62.435452
2013-11-07,62.590348
2013-11-08,62.765245
2013-11-11,63.240257
2013-11-12,63.695652
2013-11-13,63.440924
2013-11-14,63.349955
2013-11-15,63.120357
2013-11-18,62.303026
2013-11-19,62.179677
2013-11-20,62.48466
2013-11-21,62.940172
2013-11-22,62.870987
2013-11-25,62.49519
2013-11-26,62.483945
2013-11-27,62.155046
2013-11-28,62.410241
2013-11-29,62.430387
2013-12-02,62.31974
2013-12-03,62.35749
2013-12-04,61.954091
2013-12-05,61.692659
2013-12-06,61.602372
2013-12-09,61.134674
2013-12-10,61.029018
2013-12-11,61.305295
2013-12-12,62.007985
2013-12-13,62.165805
2013-12-16,61.750145
2013-12-17,61.883773
2013-12-18,62.101971
2013-12-19,62.375796
2013-12-20,62.040278
2013-12-23,61.817983
2013-12-24,61.794797
2013-12-27,61.982771
2013-12-30,61.890735
2013-12-31,61.89979
2014-01-02,62.267536
2014-01-03,62.198914
2014-01-06,62.245258
2014-01-07,62.187523
2014-01-08,62.027365
2014-01-09,62.107699
2014-01-10,61.904762
2014-01-13,61.466969
2014-01-14,61.48533
2014-01-15,61.54329
2014-01-16,61.565051
2014-01-17,61.550353
2014-01-20,61.578947
2014-01-21,62.043472
2014-01-22,61.884859
2014-01-23,61.878437
2014-01-24,62.606123
2014-01-27,63.101479
2014-01-28,62.515203
2014-01-29,62.544827
2014-01-30,62.681597
2014-01-31,62.657591
2014-02-03,62.506297
2014-02-04,62.527554
2014-02-05,62.580004
2014-02-06,62.420007
2014-02-07,62.418594
2014-02-10,62.354524
2014-02-11,62.218777
2014-02-12,62.104988
2014-02-13,62.33638
2014-02-14,61.944992
2014-02-17,61.857508
2014-02-18,62.109096
2014-02-19,62.226264
2014-02-20,62.365387
2014-02-21,62.12738
2014-02-24,62.063779
2014-02-25,61.903519
2014-02-26,62.134999
2014-02-27,61.984988
2014-02-28,61.757475
2014-03-03,62.020991
2014-03-04,61.864977
2014-03-05,61.755025
2014-03-06,61.110004
2014-03-07,61.061034
2014-03-10,60.842519
2014-03-11,60.953791
2014-03-12,61.21999
2014-03-13,61.180032
2014-03-14,61.190003
2014-03-17,61.294477
2014-03-18,61.146022
2014-03-19,60.945015
2014-03-20,61.33251
2014-03-21,60.925036
2014-03-24,60.787498
2014-03-25,60.448909
2014-03-26,60.10079
2014-03-27,60.341474
2014-03-28,60.304964
2014-03-31,59.8915
2014-04-01,59.967368
2014-04-02,59.862486
2014-04-03,60.175005
2014-04-04,60.19708
2014-04-07,60.191649
2014-04-08,60.125018
2014-04-09,60.134986
2014-04-10,60.155982
2014-04-11,60.176326
2014-04-14,60.176322
2014-04-15,60.232486
2014-04-16,60.349494
2014-04-17,60.326236
2014-04-22,60.769993
2014-04-23,61.13503
2014-04-24,61.085022
2014-04-25,60.695033
2014-04-28,60.629969
2014-04-29,60.424996
2014-04-30,60.24
2014-05-02,60.234021
2014-05-05,60.098025
2014-05-06,60.097526
2014-05-07,60.064982
2014-05-08,59.943023
2014-05-09,60.025034
2014-05-12,60.049982
2014-05-13,59.623075
2014-05-14,59.465486
2014-05-15,59.289992
2014-05-16,58.916034
2014-05-19,58.476121
2014-05-20,58.63998
2014-05-21,58.77998
2014-05-22,58.45998
2014-05-23,58.508584
2014-05-26,58.714998
2014-05-27,58.840006
2014-05-28,58.927469
2014-05-29,58.974434
2014-05-30,59.088704
2014-06-02,59.156271
2014-06-03,59.408575
2014-06-04,59.372202
2014-06-05,59.19201
2014-06-06,59.182525
2014-06-09,59.086567
2014-06-10,59.21311
2014-06-11,59.316011
2014-06-12,59.145033
2014-06-13,59.784986
2014-06-16,60.169967
2014-06-17,60.130012
2014-06-18,60.330015
2014-06-19,60.035022
2014-06-20,60.19348
2014-06-23,60.155487
2014-06-24,60.119988
2014-06-25,60.132501
2014-06-26,60.179994
2014-06-27,60.104993
2014-06-30,60.186191
2014-07-01,60.075029
2014-07-02,59.554994
2014-07-03,59.645024
2014-07-04,59.734987
2014-07-07,60.017437
2014-07-08,59.793142
2014-07-09,59.764978
2014-07-10,60.206042
2014-07-11,59.99897
2014-07-14,60.049974
2014-07-15,60.109968
2014-07-16,60.080033
2014-07-17,60.172495
2014-07-18,60.340037
2014-07-21,60.305001
2014-07-22,60.220013
2014-07-23,60.049981
2014-07-24,60.129973
2014-07-25,60.095015
2014-07-28,60.062011
2014-07-29,60.172016
2014-07-30,60.089247
2014-07-31,60.555348
2014-08-01,61.235536
2014-08-04,60.935032
2014-08-05,60.879988
2014-08-06,61.479955
2014-08-07,61.232496
2014-08-08,61.190021
2014-08-11,61.135141
2014-08-12,61.300015
2014-08-13,61.25
2014-08-14,60.832498
2014-08-15,60.866522
2014-08-18,60.849585
2014-08-19,60.733263
2014-08-20,60.708371
2014-08-21,60.671015
2014-08-22,60.522499
2014-08-25,60.555
2014-08-26,60.515995
2014-08-27,60.451165
2014-08-28,60.629989
2014-08-29,60.517137
2014-09-01,60.534988
2014-09-02,60.689973
2014-09-03,60.415025
2014-09-04,60.253477
2014-09-05,60.406318
2014-09-08,60.248706
2014-09-09,60.605022
2014-09-10,60.954985
2014-09-11,60.954981
2014-09-12,60.781842
2014-09-15,61.127023
2014-09-16,61.075527
2014-09-17,60.919111
2014-09-18,61.042961
2014-09-19,60.829988
2014-09-22,60.887038
2014-09-23,60.951986
2014-09-24,61
2014-09-25,61.428021
2014-09-26,61.250471
2014-09-29,61.614991
2014-09-30,61.874275
2014-10-01,61.719987
2014-10-02,61.816483
2014-10-03,61.816503
2014-10-06,61.480302
2014-10-07,61.425002
2014-10-08,61.391854
2014-10-09,60.957533
2014-10-10,61.335021
2014-10-13,60.995031
2014-10-14,61.461015
2014-10-15,61.424996
2014-10-16,61.858028
2014-10-17,61.430009
2014-10-20,61.294997
2014-10-21,61.200987
2014-10-22,61.22603
2014-10-23,61.185019
2014-10-24,61.185007
2014-10-27,61.304993
2014-10-28,61.232507
2014-10-29,61.287509
2014-10-30,61.434037
2014-10-31,61.364979
2014-11-03,61.405027
2014-11-04,61.404986
2014-11-05,61.499279
2014-11-06,61.482783
2014-11-07,61.636166
2014-11-10,61.504966
2014-11-11,61.544994
2014-11-12,61.430015
2014-11-13,61.51999
2014-11-14,61.815294
2014-11-17,61.828025
2014-11-18,61.750839
2014-11-19,61.994017
2014-11-20,61.929978
2014-11-21,61.655128
2014-11-24,61.909025
2014-11-25,61.892305
2014-11-26,61.85002
2014-11-27,61.875
2014-11-28,62.122006
2014-12-01,62.038977
2014-12-02,61.882968
2014-12-03,61.809991
2014-12-04,61.900983
2014-12-05,61.784986
2014-12-08,61.919971
2014-12-09,61.962568
2014-12-10,62.074968
2014-12-11,62.411007
2014-12-12,62.464016
2014-12-15,63.239981
2014-12-16,63.988035
2014-12-17,63.62251
2014-12-18,63.066504
2014-12-19,63.304992
2014-12-22,63.200016
2014-12-23,63.292475
2014-12-24,63.474016
2014-12-29,63.676314
2014-12-30,63.46102
2014-12-31,63.190017
2015-01-02,63.356307
2015-01-05,63.462526
2015-01-06,63.572268
2015-01-07,63.174964
2015-01-08,62.567981
2015-01-09,62.323965
2015-01-12,62.164012
2015-01-13,62.043032
2015-01-14,62.18879
2015-01-15,61.783481
2015-01-16,61.862012
2015-01-19,61.712538
2015-01-20,61.706538
2015-01-21,61.575002
2015-01-22,61.55896
2015-01-23,61.498482
2015-01-26,61.427517
2015-01-27,61.384221
2015-01-28,61.404972
2015-01-29,61.900398
2015-01-30,62.019726
2015-02-02,61.8687
2015-02-03,61.716421
2015-02-04,61.832605
2015-02-05,61.738475
2015-02-06,61.714161
2015-02-09,62.129933
2015-02-10,62.195008
2015-02-11,62.355489
2015-02-12,62.276571
2015-02-13,62.17002
2015-02-16,62.213885
2015-02-17,62.189488
2015-02-18,62.302146
2015-02-19,62.209888
2015-02-20,62.234201
2015-02-23,62.315012
2015-02-24,62.202507
2015-02-25,61.967478
2015-02-26,61.751171
2015-02-27,61.816904
2015-03-02,61.941302
2015-03-03,61.92192
2015-03-04,62.264114
2015-03-05,62.254766
2015-03-06,62.397519
2015-03-09,62.680479
2015-03-10,62.786832
2015-03-11,62.781339
2015-03-12,62.44813
2015-03-13,63.027998
2015-03-16,62.872312
2015-03-17,62.732111
2015-03-18,62.760008
2015-03-19,62.583029
2015-03-20,62.332034
2015-03-23,62.277493
2015-03-24,62.327306
2015-03-25,62.371416
2015-03-26,62.726328
2015-03-27,62.518423
2015-03-30,62.626095
2015-03-31,62.52793
2015-04-01,62.497536
2015-04-02,62.181902
2015-04-07,62.319535
2015-04-08,62.244983
2015-04-09,62.19742
2015-04-10,62.355724
2015-04-13,62.421437
2015-04-14,62.386407
2015-04-15,62.371302
2015-04-16,62.260573
2015-04-17,62.395043
2015-04-20,62.973049
2015-04-21,62.905701
2015-04-22,62.945174
2015-04-23,63.322503
2015-04-24,63.562546
2015-04-27,63.567363
2015-04-28,63.144962
2015-04-29,63.428558
2015-04-30,63.500045
2015-05-04,63.662213
2015-05-05,63.429163
2015-05-06,63.539982
2015-05-07,64.155595
2015-05-08,63.98993
2015-05-11,63.844014
2015-05-12,64.289172
2015-05-13,64.009981
2015-05-14,63.680007
2015-05-15,63.661635
2015-05-18,63.668013
2015-05-19,63.698837
2015-05-20,63.794298
2015-05-21,63.612773
2015-05-22,63.470889
2015-05-25,63.559938
2015-05-26,63.925041
2015-05-27,64.051183
2015-05-28,63.822504
2015-05-29,63.800638
2015-06-01,63.699105
2015-06-02,63.835978
2015-06-03,63.905335
2015-06-04,64.006539
2015-06-05,63.790515
2015-06-08,64.088873
2015-06-09,63.974131
2015-06-10,63.874812
2015-06-11,63.981838
2015-06-12,64.07959
2015-06-15,64.167499
2015-06-16,64.309318
2015-06-17,64.139995
2015-06-18,63.732462
2015-06-19,63.562528
2015-06-22,63.525782
2015-06-23,63.614959
2015-06-24,63.588335
2015-06-25,63.58201
2015-06-26,63.600964
2015-06-29,63.836792
2015-06-30,63.622576
2015-07-01,63.605045
2015-07-02,63.512471
2015-07-03,63.438807
2015-07-06,63.444586
2015-07-07,63.484585
2015-07-08,63.596335
2015-07-09,63.389995
2015-07-10,63.4
2015-07-13,63.541949
2015-07-14,63.340042
2015-07-15,63.422473
2015-07-16,63.510905
2015-07-17,63.473781
2015-07-20,63.655087
2015-07-21,63.610012
2015-07-22,63.640983
2015-07-23,63.767524
2015-07-24,64.119572
2015-07-27,64.170013
2015-07-28,63.915011
2015-07-29,63.904986
2015-07-30,64.041168
2015-07-31,64.136227
2015-08-03,64.04374
2015-08-04,63.752483
2015-08-05,63.755031
2015-08-06,63.764998
2015-08-07,63.815008
2015-08-10,63.871168
2015-08-11,64.204975
2015-08-12,64.71896
2015-08-13,65.229094
2015-08-14,65.007519
2015-08-17,65.315045
2015-08-18,65.315009
2015-08-19,65.273707
2015-08-20,65.550031
2015-08-21,65.9032
2015-08-24,66.772288
2015-08-25,66.096298
2015-08-26,66.194527
2015-08-27,66.045019
2015-08-28,66.162496
2015-08-31,66.401962
2015-09-01,66.309719
2015-09-02,66.193781
2015-09-03,66.242497
2015-09-04,66.495331
2015-09-07,66.856899
2015-09-08,66.502419
2015-09-09,66.411258
2015-09-10,66.433706
2015-09-11,66.468495
2015-09-14,66.361787
2015-09-15,66.363781
2015-09-16,66.460011
2015-09-17,66.25
2015-09-18,65.673789
2015-09-21,65.715289
2015-09-22,65.895831
2015-09-23,65.981166
2015-09-24,66.239125
2015-09-25,66.156309
2015-09-28,66.104834
2015-09-29,65.99527
2015-09-30,65.590021
2015-10-01,65.512508
2015-10-02,65.512545
2015-10-05,65.300018
2015-10-06,65.382573
2015-10-07,64.897923
2015-10-08,65.096144
2015-10-09,64.800035
2015-10-12,64.752484
2015-10-13,65.184983
2015-10-14,64.983786
2015-10-15,64.824985
2015-10-16,64.867165
2015-10-19,64.804994
2015-10-20,65.057505
2015-10-21,65.126299
2015-10-22,65.126315
2015-10-23,64.828762
2015-10-26,64.906457
2015-10-27,64.963656
2015-10-28,65.000902
2015-10-29,65.364044
2015-10-30,65.367614
2015-11-02,65.585025
2015-11-03,65.727861
2015-11-04,65.486328
2015-11-05,65.891758
2015-11-06,65.900037
2015-11-09,66.422513
2015-11-10,66.270003
2015-11-11,66.235536
2015-11-12,66.313817
2015-11-13,66.146414
2015-11-16,65.990208
2015-11-17,66.00956
2015-11-18,66.220139
2015-11-19,66.229999
2015-11-20,66.194985
2015-11-23,66.381244
2015-11-24,66.339499
2015-11-25,66.300302
2015-11-26,66.56634
2015-11-27,66.772117
2015-11-30,66.667454
2015-12-01,66.521038
2015-12-02,66.544572
2015-12-03,66.661325
2015-12-04,66.778573
2015-12-07,66.73374
2015-12-08,66.838713
2015-12-09,66.83996
2015-12-10,66.747327
2015-12-11,67.006301
2015-12-14,67.145042
2015-12-15,66.893631
2015-12-16,66.710875
2015-12-17,66.26695
2015-12-18,66.403654
2015-12-21,66.315547
2015-12-22,66.241234
2015-12-23,66.209967
2015-12-24,66.210012
2015-12-28,66.102536
2015-12-29,66.331081
2015-12-30,66.387516
2015-12-31,66.15367
2016-01-04,66.633327
2016-01-05,66.586544
2016-01-06,66.862968
2016-01-07,66.894737
2016-01-08,66.679495
2016-01-11,66.808688
2016-01-12,66.86997
2016-01-13,66.865015
2016-01-14,67.430093
2016-01-15,67.789995
2016-01-18,67.688762
2016-01-19,67.615017
2016-01-20,67.995507
2016-01-21,67.996328
2016-01-22,67.629996
2016-01-25,67.77374
2016-01-26,67.896743
2016-01-27,68.049963
2016-01-28,68.224984
2016-01-29,67.860714
2016-02-01,67.907019
2016-02-02,67.984706
2016-02-03,68.041709
2016-02-04,67.695877
2016-02-05,67.653723
2016-02-08,68.033961
2016-02-09,68.044589
2016-02-10,67.855024
2016-02-11,68.436591
2016-02-12,68.241064
2016-02-15,68.072004
2016-02-16,68.420652
2016-02-17,68.498563
2016-02-18,68.518676
2016-02-19,68.467466
2016-02-22,68.560493
2016-02-23,68.538357
2016-02-24,68.562517
2016-02-25,68.875034
2016-02-26,68.690714
2016-02-29,68.316036
2016-03-01,67.853201
2016-03-02,67.530859
2016-03-03,67.275021
2016-03-04,67.083865
2016-03-07,67.088925
2016-03-08,67.307309
2016-03-09,67.150278
2016-03-10,66.92871
2016-03-11,67.012624
2016-03-14,67.061157
2016-03-15,67.358268
2016-03-16,67.234996
2016-03-17,66.642207
2016-03-18,66.284688
2016-03-21,66.53651
2016-03-22,66.679005
2016-03-23,66.795721
2016-03-24,66.863009
2016-03-29,66.530552
2016-03-30,66.386436
2016-03-31,66.253667
2016-04-01,66.351295
2016-04-04,66.105009
2016-04-05,66.458608
2016-04-06,66.670783
2016-04-07,66.625748
2016-04-08,66.59949
2016-04-11,66.466637
2016-04-12,66.398736
2016-04-13,66.603824
2016-04-14,66.534661
2016-04-15,66.592077
2016-04-18,66.578808
2016-04-19,66.552499
2016-04-20,66.19826
2016-04-21,66.278732
2016-04-22,66.538666
2016-04-25,66.600675
2016-04-26,66.569771
2016-04-27,66.46669
2016-04-28,66.500264
2016-04-29,66.384723
2016-05-02,66.404333
2016-05-03,66.395367
2016-05-04,66.589309
2016-05-05,66.504502
2016-05-06,66.632537
2016-05-09,66.604651
2016-05-10,66.675604
2016-05-11,66.608379
2016-05-12,66.668715
2016-05-13,66.78049
2016-05-16,66.843871
2016-05-17,66.821435
2016-05-18,66.979342
2016-05-19,67.466107
2016-05-20,67.472591
2016-05-23,67.522336
2016-05-24,67.673711
2016-05-25,67.378432
2016-05-26,67.080498
2016-05-27,67.03707
2016-05-30,67.13933
2016-05-31,67.196521
2016-06-01,67.458386
2016-06-02,67.301573
2016-06-03,67.250314
2016-06-06,66.965812
2016-06-07,66.743479
2016-06-08,66.55036
2016-06-09,66.730583
2016-06-10,66.808209
2016-06-13,67.103745
2016-06-14,67.309577
2016-06-15,67.112199
2016-06-16,67.299982
2016-06-17,67.085036
2016-06-20,67.35616
2016-06-21,67.570532
2016-06-22,67.495613
2016-06-23,67.30266
2016-06-24,68.004699
2016-06-27,67.954628
2016-06-28,67.919263
2016-06-29,67.600812
2016-06-30,67.519636
2016-07-01,67.328065
2016-07-04,67.253098
2016-07-05,67.4712
2016-07-06,67.420996
2016-07-07,67.422744
2016-07-08,67.31093
2016-07-11,67.14318
2016-07-12,67.095204
2016-07-13,67.029895
2016-07-14,66.858475
2016-07-15,67.024623
2016-07-18,67.199674
2016-07-19,67.134028
2016-07-20,67.204486
2016-07-21,67.21498
2016-07-22,67.076721
2016-07-25,67.348753
2016-07-26,67.329272
2016-07-27,67.209535
2016-07-28,67.046258
2016-07-29,66.954918
2016-08-01,66.700107
2016-08-02,66.714018
2016-08-03,66.895
2016-08-04,66.876796
2016-08-05,66.772947
2016-08-08,66.835032
2016-08-09,66.888428
2016-08-10,66.640737
2016-08-11,66.848202
2016-08-12,66.864044
2016-08-15,66.88542
2016-08-16,66.764143
2016-08-17,66.867595
2016-08-18,66.807879
2016-08-19,67.177291
2016-08-22,67.213869
2016-08-23,67.069054
2016-08-24,67.116436
2016-08-25,67.048184
2016-08-26,67.003543
2016-08-29,67.174127
2016-08-30,67.040025
2016-08-31,66.974668
2016-09-01,66.959447
2016-09-02,66.793532
2016-09-05,66.457512
2016-09-06,66.491173
2016-09-07,66.357124
2016-09-08,66.380135
2016-09-09,66.740327
2016-09-12,66.907625
2016-09-13,66.895172
2016-09-14,66.920128
2016-09-15,66.91754
2016-09-16,67.02031
2016-09-19,66.980296
2016-09-20,67.026109
2016-09-21,66.977578
2016-09-22,66.623954
2016-09-23,66.622971
2016-09-26,66.648908
2016-09-27,66.470143
2016-09-28,66.451225
2016-09-29,66.866144
2016-09-30,66.629782
2016-10-03,66.541474
2016-10-04,66.484634
2016-10-05,66.572919
2016-10-06,66.736254
2016-10-07,66.706014
2016-10-10,66.516577
2016-10-11,66.590848
2016-10-12,66.796733
2016-10-13,66.893912
2016-10-14,66.749682
2016-10-17,66.815081
2016-10-18,66.710179
2016-10-19,66.66272
2016-10-20,66.79827
2016-10-21,66.89785
2016-10-24,66.841888
2016-10-25,66.811074
2016-10-26,66.842563
2016-10-27,66.819347
2016-10-28,66.798663
2016-10-31,66.776905
2016-11-01,66.705215
2016-11-02,66.670572
2016-11-03,66.744396
2016-11-04,66.744343
2016-11-07,66.754656
2016-11-08,66.595851
2016-11-09,66.572764
2016-11-10,66.735659
2016-11-11,67.250092
2016-11-14,67.811079
2016-11-15,67.755225
2016-11-16,68.068585
2016-11-17,67.868807
2016-11-18,67.943362
2016-11-21,68.14881
2016-11-22,68.295187
2016-11-23,68.736559
2016-11-24,68.756636
2016-11-25,68.535215
2016-11-28,68.720249
2016-11-29,68.699414
2016-11-30,68.508698
2016-12-01,68.351369
2016-12-02,68.255967
2016-12-05,68.164362
2016-12-06,67.800913
2016-12-07,67.644921
2016-12-08,67.371771
2016-12-09,67.564163
2016-12-12,67.42969
2016-12-13,67.539114
2016-12-14,67.478861
2016-12-15,67.801612
2016-12-16,67.800077
2016-12-19,67.858856
2016-12-20,68.069761
2016-12-21,67.880242
2016-12-22,67.982095
2016-12-23,67.803465
2016-12-27,68.016276
2016-12-28,68.232382
2016-12-29,68.013967
2016-12-30,67.919078
2017-01-02,68.139513
2017-01-03,68.368801
2017-01-04,68.064578
2017-01-05,67.935816
2017-01-06,67.989895
2017-01-09,68.169932
2017-01-10,68.217564
2017-01-11,68.391412
2017-01-12,67.97968
2017-01-13,68.16293
2017-01-16,68.120634
2017-01-17,67.983433
2017-01-18,68.113747
2017-01-19,68.136014
2017-01-20,68.173909
2017-01-23,68.159589
2017-01-24,68.09546
2017-01-25,68.080145
2017-01-26,68.184112
2017-01-27,68.067597
2017-01-30,67.950611
2017-01-31,67.689912
2017-02-01,67.427247
2017-02-02,67.23168
2017-02-03,67.321013
2017-02-06,67.162995
2017-02-07,67.422014
2017-02-08,67.144398
2017-02-09,66.741489
2017-02-10,66.93339
2017-02-13,66.975256
2017-02-14,66.813047
2017-02-15,66.888205
2017-02-16,66.996808
2017-02-17,67.1
2017-02-20,66.939054
2017-02-21,66.93556
2017-02-22,66.986588
2017-02-23,66.723257
2017-02-24,66.608069
2017-02-27,66.696892
2017-02-28,66.649995
2017-03-01,66.833761
2017-03-02,66.768119
2017-03-03,66.816848
2017-03-06,66.64983
2017-03-07,66.631997
2017-03-08,66.782872
2017-03-09,66.723059
2017-03-10,66.634452
2017-03-13,66.161024
2017-03-14,65.767096
2017-03-15,65.663246
2017-03-16,65.374324
2017-03-17,65.428891
2017-03-20,65.365048
2017-03-21,65.259211
2017-03-22,65.420098
2017-03-23,65.464027
2017-03-24,65.388246
2017-03-27,65.035357
2017-03-28,65.055254
2017-03-29,64.904168
2017-03-30,64.90733
2017-03-31,64.91114
2017-04-03,64.984992
2017-04-04,65.181673
2017-04-05,64.893238
2017-04-06,64.518095
2017-04-07,64.325024
2017-04-10,64.559936
2017-04-11,64.482856
2017-04-12,64.676568
2017-04-13,64.432267
2017-04-18,64.602134
2017-04-19,64.562238
2017-04-20,64.623081
2017-04-21,64.608805
2017-04-24,64.447824
2017-04-25,64.28519
2017-04-26,64.122831
2017-04-27,64.117269
2017-04-28,64.283166
2017-05-02,64.225836
2017-05-03,64.15789
2017-05-04,64.185961
2017-05-05,64.37825
2017-05-08,64.312946
2017-05-09,64.656043
2017-05-10,64.546039
2017-05-11,64.370166
2017-05-12,64.306271
2017-05-15,64.04712
2017-05-16,64.065919
2017-05-17,64.100927
2017-05-18,65.046994
2017-05-19,64.587172
2017-05-22,64.535266
2017-05-23,64.894784
2017-05-24,64.734656
2017-05-25,64.602283
2017-05-26,64.502947
2017-05-29,64.537898
2017-05-30,64.657209
2017-05-31,64.46306
2017-06-01,64.465193
2017-06-02,64.44281
2017-06-05,64.363054
2017-06-06,64.472819
2017-06-07,64.346973
2017-06-08,64.24125
2017-06-09,64.24481
2017-06-12,64.439889
2017-06-13,64.360346
2017-06-14,64.299741
2017-06-15,64.608633
2017-06-16,64.432256
2017-06-19,64.42227
2017-06-20,64.512818
2017-06-21,64.502108
2017-06-22,64.599785
2017-06-23,64.532802
2017-06-26,64.44802
2017-06-27,64.510108
2017-06-28,64.557802
2017-06-29,64.586875
2017-06-30,64.620137
2017-07-03,64.857947
2017-07-04,64.737955
2017-07-05,64.796099
2017-07-06,64.762846
2017-07-07,64.577199
2017-07-10,64.495038
2017-07-11,64.590092
2017-07-12,64.535331
2017-07-13,64.449943
2017-07-14,64.384582
2017-07-17,64.345228
2017-07-18,64.333189
2017-07-19,64.295066
2017-07-20,64.440575
2017-07-21,64.33989
2017-07-24,64.397751
2017-07-25,64.385155
2017-07-26,64.35718
2017-07-27,64.155122
2017-07-28,64.161906
2017-07-31,64.185896
2017-08-01,64.099644
2017-08-02,63.680108
2017-08-03,63.677066
2017-08-04,63.619397
2017-08-07,63.830211
2017-08-08,63.641866
2017-08-09,63.859858
2017-08-10,64.105012
2017-08-11,64.169996
2017-08-14,64.117148
2017-08-15,64.119976
2017-08-16,64.190009
2017-08-17,64.169873
2017-08-18,64.14523
2017-08-21,64.14293
2017-08-22,64.099482
2017-08-23,64.079583
2017-08-24,64.032272
2017-08-25,64.022273
2017-08-28,63.904822
2017-08-29,64.022244
2017-08-30,64.02526
2017-08-31,63.931924
2017-09-01,64.033138
2017-09-04,64.039899
2017-09-05,64.127418
2017-09-06,64.112396
2017-09-07,64.01512
2017-09-08,63.784826
2017-09-11,63.910978
2017-09-12,64.056398
2017-09-13,63.999917
2017-09-14,64.122423
2017-09-15,64.083006
2017-09-18,64.137513
2017-09-19,64.331273
2017-09-20,64.292912
2017-09-21,64.804284
2017-09-22,64.79475
2017-09-25,65.107862
2017-09-26,65.490371
2017-09-27,65.712461
2017-09-28,65.473765
2017-09-29,65.279519
2017-10-02,65.306965
2017-10-03,65.504127
2017-10-04,65.021634
2017-10-05,65.14776
2017-10-06,65.383104
2017-10-09,65.352035
2017-10-10,65.247097
2017-10-11,65.144548
2017-10-12,65.030027
2017-10-13,64.955546
2017-10-16,64.742438
2017-10-17,65.030615
2017-10-18,65.05277
2017-10-19,65.027886
2017-10-20,65.009985
2017-10-23,65.022572
2017-10-24,65.11266
2017-10-25,64.924905
2017-10-26,64.860036
2017-10-27,65.059888
2017-10-30,64.894936
2017-10-31,64.749957
2017-11-01,64.599552
2017-11-02,64.601975
2017-11-03,64.522604
2017-11-06,64.672563
2017-11-07,64.994811
2017-11-08,64.987489
2017-11-09,64.969905
2017-11-10,65.162176
2017-11-13,65.452128
2017-11-14,65.402299
2017-11-15,65.215372
2017-11-16,65.322403
2017-11-17,65.012293
2017-11-20,65.102708
2017-11-21,64.917648
2017-11-22,64.899991
2017-11-23,64.577988
2017-11-24,64.680054
2017-11-27,64.502175
2017-11-28,64.41748
2017-11-29,64.312167
2017-11-30,64.467466
2017-12-01,64.497265
2017-12-04,64.398651
2017-12-05,64.405757
2017-12-06,64.51976
2017-12-07,64.577465
2017-12-08,64.450264
2017-12-11,64.412089
2017-12-12,64.397416
2017-12-13,64.431663
2017-12-14,64.370198
2017-12-15,64.042436
2017-12-18,64.234421
2017-12-19,64.029857
2017-12-20,64.117771
2017-12-21,64.025213
2017-12-22,64.039906
2017-12-27,64.155107
2017-12-28,64.07994
2017-12-29,63.875177
2018-01-02,63.489847
2018-01-03,63.499543
2018-01-04,63.40489
2018-01-05,63.369863
2018-01-08,63.507475
2018-01-09,63.712286
2018-01-10,63.594897
2018-01-11,63.687692
2018-01-12,63.600148
2018-01-15,63.517553
2018-01-16,64.047424
2018-01-17,63.927723
2018-01-18,63.850429
2018-01-19,63.842513
2018-01-22,63.912493
2018-01-23,63.775002
2018-01-24,63.692519
2018-01-25,63.564923
2018-01-26,63.610084
2018-01-29,63.579853
2018-01-30,63.647854
2018-01-31,63.562656
2018-02-01,64.022795
2018-02-02,64.057397
2018-02-05,64.102492
2018-02-06,64.272447
2018-02-07,64.245015
2018-02-08,64.292769
2018-02-09,64.372607
2018-02-12,64.334991
2018-02-13,64.277143
2018-02-14,64.072319
2018-02-15,63.914992
2018-02-16,64.220154
2018-02-19,64.252619
2018-02-20,64.832253
2018-02-21,64.757554
2018-02-22,65.077794
2018-02-23,64.762582
2018-02-26,64.775162
2018-02-27,64.875213
2018-02-28,65.189946
2018-03-01,65.175006
2018-03-02,65.237573
2018-03-05,65.107256
2018-03-06,64.929901
2018-03-07,64.893291
2018-03-08,65.130022
2018-03-09,65.195265
2018-03-12,65.0126
2018-03-13,64.860236
2018-03-14,64.837497
2018-03-15,64.950166
2018-03-16,64.927242
2018-03-19,65.192542
2018-03-20,65.197947
2018-03-21,65.209995
2018-03-22,65.104742
2018-03-23,65.00486
2018-03-26,64.870276
2018-03-27,64.974952
2018-03-28,65.172205
2018-03-29,65.170035
2018-04-03,65.00975
2018-04-04,65.130336
2018-04-05,64.927406
2018-04-06,64.967304
2018-04-09,64.982526
2018-04-10,64.992719
2018-04-11,65.304829
2018-04-12,65.257648
2018-04-13,65.207437
2018-04-16,65.49515
2018-04-17,65.637291
2018-04-18,65.66516
2018-04-19,65.787433
2018-04-20,66.12235
2018-04-23,66.419758
2018-04-24,66.385409
2018-04-25,66.97538
2018-04-26,66.752137
2018-04-27,66.664872
2018-04-30,66.370147
2018-05-02,66.665695
2018-05-03,66.624833
2018-05-04,66.861893
2018-05-07,67.134935
2018-05-08,67.085088
2018-05-09,67.262396
2018-05-10,67.259219
2018-05-11,67.33702
2018-05-14,67.529613
2018-05-15,68.056888
2018-05-16,67.797437
2018-05-17,67.737823
2018-05-18,68.000594
2018-05-21,68.141849
2018-05-22,68.009581
2018-05-23,68.419457
2018-05-24,68.377387
2018-05-25,67.794861
2018-05-28,67.440742
2018-05-29,67.836996
2018-05-30,67.389959
2018-05-31,67.357894
2018-06-01,67.112863
2018-06-04,67.063134
2018-06-05,67.149893
2018-06-06,66.919677
2018-06-07,67.11558
2018-06-08,67.502127
2018-06-11,67.428329
2018-06-12,67.442738
2018-06-13,67.607956
2018-06-14,67.598039
2018-06-15,68.015264
2018-06-18,68.039697
2018-06-19,68.377839
2018-06-20,68.111936
2018-06-21,67.961952
2018-06-22,67.848558
2018-06-25,68.07265
2018-06-26,68.29121
2018-06-27,68.607094
2018-06-28,68.793059
2018-06-29,68.462
2018-07-02,68.795
2018-07-03,68.522075
2018-07-04,68.739907
2018-07-05,68.946964
2018-07-06,68.872398
2018-07-09,68.672915
2018-07-10,68.826944
2018-07-11,68.772476
2018-07-12,68.5199
2018-07-13,68.480632
2018-07-16,68.5593
2018-07-17,68.455198
2018-07-18,68.628025
2018-07-19,69.050311
2018-07-20,68.826907
2018-07-23,68.857118
2018-07-24,68.947548
2018-07-25,68.745937
2018-07-26,68.665073
2018-07-27,68.685161
2018-07-30,68.637881
2018-07-31,68.545075
2018-08-01,68.374231
2018-08-02,68.685117
2018-08-03,68.615809
2018-08-06,68.864247
2018-08-07,68.682124
2018-08-08,68.624989
2018-08-09,68.647028
2018-08-10,68.830307
2018-08-13,70.017101
2018-08-14,69.903121
2018-08-15,69.926243
2018-08-16,70.190853
2018-08-17,70.160214
2018-08-20,69.824869
2018-08-21,69.81525
2018-08-22,69.894972
2018-08-23,70.110977
2018-08-24,69.909821
2018-08-27,70.165048
2018-08-28,70.108027
2018-08-29,70.617925
2018-08-30,70.744954
2018-08-31,71.00206
2018-09-03,71.215006
2018-09-04,71.584933
2018-09-05,71.752288
2018-09-06,71.959343
2018-09-07,71.734826
2018-09-10,72.454844
2018-09-11,72.659841
2018-09-12,72.223133
2018-09-13,72.030981
2018-09-14,71.816237
2018-09-17,72.517779
2018-09-18,72.976832
2018-09-19,72.384932
2018-09-20,72.012066
2018-09-21,72.191938
2018-09-24,72.680285
2018-09-25,72.694659
2018-09-26,72.60714
2018-09-27,72.591612
2018-09-28,72.491361
2018-10-01,72.911856
2018-10-02,73.377805
2018-10-03,73.360755
2018-10-04,73.576769
2018-10-05,73.773249
2018-10-08,74.061683
2018-10-09,74.406646
2018-10-10,74.226522
2018-10-11,74.092009
2018-10-12,73.565319
2018-10-15,73.804939
2018-10-16,73.461638
2018-10-17,73.626626
2018-10-18,73.607127
2018-10-19,73.341761
2018-10-22,73.556638
2018-10-23,73.569873
2018-10-24,73.16314
2018-10-25,73.276542
2018-10-26,73.459674
2018-10-29,73.420174
2018-10-30,73.626451
2018-10-31,73.979943
2018-11-01,73.448609
2018-11-02,72.443286
2018-11-05,73.080035
2018-11-06,72.959835
2018-11-07,72.499347
2018-11-08,72.408526
2018-11-09,72.504848
2018-11-12,72.890013
2018-11-13,72.674718
2018-11-14,72.30347
2018-11-15,71.977001
2018-11-16,71.896263
2018-11-19,71.65704
2018-11-20,71.491113
2018-11-21,71.30511
2018-11-22,70.6871
2018-11-23,70.651868
2018-11-26,70.877849
2018-11-27,70.764477
2018-11-28,70.580468
2018-11-29,69.848951
2018-11-30,69.620125
2018-12-03,70.412107
2018-12-04,70.533789
2018-12-05,70.517879
2018-12-06,70.914457
2018-12-07,70.80204
2018-12-10,72.409978
2018-12-11,71.905703
2018-12-12,71.998942
2018-12-13,71.610237
2018-12-14,71.976074
2018-12-17,71.610087
2018-12-18,70.539685
2018-12-19,70.246383
2018-12-20,69.818356
2018-12-21,70.124409
2018-12-24,70.142882
2018-12-27,70.268524
2018-12-28,70.04147
2018-12-31,69.633013
2019-01-02,70.181188
2019-01-03,70.151569
2019-01-04,69.658423
2019-01-07,69.628222
2019-01-08,70.144231
2019-01-09,70.394151
2019-01-10,70.394885
2019-01-11,70.534553
2019-01-14,70.8289
2019-01-15,71.105567
2019-01-16,71.126087
2019-01-17,71.05695
2019-01-18,71.116909
2019-01-21,71.231737
2019-01-22,71.381011
2019-01-23,71.305973
2019-01-24,71.118949
2019-01-25,71.068218
2019-01-28,71.143808
2019-01-29,71.183681
2019-01-30,71.179456
2019-01-31,71.105501
2019-02-01,71.28498
2019-02-04,71.813456
2019-02-05,71.644489
2019-02-06,71.575829
2019-02-07,71.472455
2019-02-08,71.272255
2019-02-11,71.136263
2019-02-12,70.645361
2019-02-13,70.823529
2019-02-14,71.177671
2019-02-15,71.368561
2019-02-18,71.401395
2019-02-19,71.452541
2019-02-20,71.154558
2019-02-21,71.114585
2019-02-22,71.128477
2019-02-25,70.92162
2019-02-26,71.167151
2019-02-27,71.279203
2019-02-28,70.858006
2019-03-01,70.890802
2019-03-04,70.885596
2019-03-05,70.558743
2019-03-06,70.262716
2019-03-07,69.988466
2019-03-08,70.159508
2019-03-11,69.856813
2019-03-12,69.638581
2019-03-13,69.593913
2019-03-14,69.475874
2019-03-15,69.043155
2019-03-18,68.535554
2019-03-19,68.983096
2019-03-20,68.818038
2019-03-21,68.561957
2019-03-22,68.977172
2019-03-25,68.91479
2019-03-26,68.865025
2019-03-27,69.141284
2019-03-28,69.331877
2019-03-29,69.17579
2019-04-01,69.320488
2019-04-02,68.753125
2019-04-03,68.425242
2019-04-04,69.162136
2019-04-05,69.248642
2019-04-08,69.643873
2019-04-09,69.334043
2019-04-10,69.150191
2019-04-11,68.967951
2019-04-12,69.155993
2019-04-15,69.424998
2019-04-16,69.566121
2019-04-17,69.42483
2019-04-18,69.393778
2019-04-23,69.642063
2019-04-24,69.85012
2019-04-25,70.285894
2019-04-26,70.016617
2019-04-29,69.832735
2019-04-30,69.585933
2019-05-02,69.373885
2019-05-03,69.259525
2019-05-06,69.410215
2019-05-07,69.414394
2019-05-08,69.702285
2019-05-09,69.993299
2019-05-10,69.997774
2019-05-13,70.557581
2019-05-14,70.405754
2019-05-15,70.35545
2019-05-16,70.042846
2019-05-17,70.204977
2019-05-20,69.657025
2019-05-21,69.691784
2019-05-22,69.698326
2019-05-23,69.947931
2019-05-24,69.545008
2019-05-27,69.528934
2019-05-28,69.605522
2019-05-29,69.821172
2019-05-30,69.886384
2019-05-31,69.716617
2019-06-03,69.264193
2019-06-04,69.258271
2019-06-05,69.332415
2019-06-06,69.250843
2019-06-07,69.486383
2019-06-10,69.590744
2019-06-11,69.448322
2019-06-12,69.319968
2019-06-13,69.514129
2019-06-14,69.780737
2019-06-17,69.945701
2019-06-18,69.724233
2019-06-19,69.666726
2019-06-20,69.431768
2019-06-21,69.546218
2019-06-24,69.410655
2019-06-25,69.34712
2019-06-26,69.151998
2019-06-27,69.100704
2019-06-28,69.001757
2019-07-01,68.93647
2019-07-02,68.956729
2019-07-03,68.845302
2019-07-04,68.509479
2019-07-05,68.480906
2019-07-08,68.564868
2019-07-09,68.523873
2019-07-10,68.583779
2019-07-11,68.364643
2019-07-12,68.641251
2019-07-15,68.524714
2019-07-16,68.686626
2019-07-17,68.866251
2019-07-18,68.89934
2019-07-19,68.817477
2019-07-22,68.933125
2019-07-23,68.929562
2019-07-24,68.966338
2019-07-25,68.983356
2019-07-26,68.899264
2019-07-29,68.777768
2019-07-30,68.81612
2019-07-31,68.77993
2019-08-01,69.105735
2019-08-02,69.638033
2019-08-05,70.785995
2019-08-06,70.809869
2019-08-07,70.881985
2019-08-08,70.736174
2019-08-09,70.810413
2019-08-12,71.23995
2019-08-13,71.454732
2019-08-14,71.275027
2019-08-15,71.318834
2019-08-16,71.148429
2019-08-19,71.404125
2019-08-20,71.723546
2019-08-21,71.564751
2019-08-22,71.811784
2019-08-23,71.671035
2019-08-26,72.025009
2019-08-27,71.526027
2019-08-28,71.813137
2019-08-29,71.659592
2019-08-30,71.435756
2019-09-02,71.929249
2019-09-03,72.411996
2019-09-04,72.053912
2019-09-05,71.814523
2019-09-06,71.715335
2019-09-09,71.677241
2019-09-10,71.903533
2019-09-11,71.682268
2019-09-12,71.146584
2019-09-13,70.963861
2019-09-16,71.60049
2019-09-17,71.782151
2019-09-18,71.208722
2019-09-19,71.323304
2019-09-20,70.981414
2019-09-23,70.951752
2019-09-24,70.947469
2019-09-25,71.044892
2019-09-26,70.908758
2019-09-27,70.478738
2019-09-30,70.861879
2019-10-01,71.106625
2019-10-02,71.237986
2019-10-03,70.966578
2019-10-04,70.900355
2019-10-07,70.993814
2019-10-08,71.13053
2019-10-09,71.062745
2019-10-10,71.038531
2019-10-11,71.074436
2019-10-14,71.185296
2019-10-15,71.496321
2019-10-16,71.444898
2019-10-17,71.158553
2019-10-18,71.135589
2019-10-21,70.857424
2019-10-22,70.9115
2019-10-23,70.866223
2019-10-24,71.011862
2019-10-25,70.902584
2019-10-28,70.745468
2019-10-29,70.856242
2019-10-30,70.926076
2019-10-31,70.92747
2019-11-01,70.7568
2019-11-04,70.72997
2019-11-05,70.689531
2019-11-06,70.951758
2019-11-07,70.911799
2019-11-08,71.281494
2019-11-11,71.542886
2019-11-12,71.692238
2019-11-13,72.068872
2019-11-14,71.928708
2019-11-15,71.744608
2019-11-18,71.807251
2019-11-19,71.677801
2019-11-20,71.817524
2019-11-21,71.7406
2019-11-22,71.686562
2019-11-25,71.708757
2019-11-26,71.521325
2019-11-27,71.350259
2019-11-28,71.612449
2019-11-29,71.651339
2019-12-02,71.648825
2019-12-03,71.746003
2019-12-04,71.529194
2019-12-05,71.22724
2019-12-06,71.248873
2019-12-09,71.067269
2019-12-10,70.922632
2019-12-11,70.800451
2019-12-12,70.876807
2019-12-13,70.75443
2019-12-16,70.972815
2019-12-17,70.958162
2019-12-18,70.980657
2019-12-19,71.091122
2019-12-20,71.193566
2019-12-23,71.282619
2019-12-24,71.256769
2019-12-27,71.404107
2019-12-30,71.330771
2019-12-31,71.37885
2020-01-02,71.389708
2020-01-03,71.775814
2020-01-06,71.929158
2020-01-07,71.844791
2020-01-08,71.713
2020-01-09,71.252925
2020-01-10,70.950771
2020-01-13,70.845317
2020-01-14,70.830859
2020-01-15,70.797433
2020-01-16,70.929358
2020-01-17,71.080933
2020-01-20,71.072621
2020-01-21,71.196131
2020-01-22,71.127796
2020-01-23,71.315932
2020-01-24,71.291346
2020-01-27,71.421769
2020-01-28,71.289868
2020-01-29,71.281702
2020-01-30,71.639315
2020-01-31,71.39477
2020-02-03,71.393006
2020-02-04,71.245474
2020-02-05,71.153951
2020-02-06,71.148323
2020-02-07,71.439967
2020-02-10,71.32408
2020-02-11,71.272819
2020-02-12,71.316199
2020-02-13,71.27036
2020-02-14,71.449917
2020-02-17,71.381634
2020-02-18,71.551405
2020-02-19,71.513426
2020-02-20,71.616775
2020-02-21,71.987779
2020-02-24,71.941671
2020-02-25,71.701107
2020-02-26,71.650115
2020-02-27,71.632616
2020-02-28,72.228296
2020-03-02,72.754001
2020-03-03,73.247279
2020-03-04,73.260674
2020-03-05,73.436131
2020-03-06,73.735004
2020-03-09,74.162011
2020-03-10,73.845478
2020-03-11,73.678105
2020-03-12,74.259786
2020-03-13,73.736041
2020-03-16,74.22022
2020-03-17,74.273356
2020-03-18,74.204774
2020-03-19,75.122674
2020-03-20,75.15177
2020-03-23,76.162014
2020-03-24,75.954994
2020-03-25,76.382193
2020-03-26,75.161188
2020-03-27,75.49376
2020-03-30,75.675186
2020-03-31,75.664932
2020-04-01,76.445135
2020-04-02,76.403814
2020-04-03,76.231803
2020-04-06,76.08748
2020-04-07,75.564538
2020-04-08,76.233097
2020-04-09,76.311309
2020-04-14,76.15981
2020-04-15,76.505549
2020-04-16,76.878215
2020-04-17,76.479282
2020-04-20,76.559392
2020-04-21,76.936422
2020-04-22,76.533082
2020-04-23,76.067583
2020-04-24,76.264815
2020-04-27,76.132971
2020-04-28,75.868346
2020-04-29,75.651633
2020-04-30,75.037514
2020-05-04,75.659843
2020-05-05,75.757171
2020-05-06,75.859628
2020-05-07,75.830938
2020-05-08,75.58932
2020-05-11,75.846268
2020-05-12,75.145515
2020-05-13,75.294253
2020-05-14,75.604151
2020-05-15,75.929339
2020-05-18,75.834103
2020-05-19,75.665297
2020-05-20,75.619182
2020-05-21,75.504091
2020-05-22,75.86803
2020-05-25,75.886801
2020-05-26,75.559909
2020-05-27,75.739241
2020-05-28,75.765704
2020-05-29,75.523078
2020-06-01,75.510975
2020-06-02,75.209415
2020-06-03,75.491781
2020-06-04,75.495111
2020-06-05,75.578111
2020-06-08,75.534781
2020-06-09,75.534355
2020-06-10,75.519121
2020-06-11,75.834508
2020-06-12,75.891277
2020-06-15,76.004177
2020-06-16,76.0948
2020-06-17,76.166756
2020-06-18,76.343789
2020-06-19,76.139161
2020-06-22,76.035405
2020-06-23,75.488602
2020-06-24,75.645833
2020-06-25,75.635714
2020-06-26,75.645679
2020-06-29,75.49805
2020-06-30,75.570191
2020-07-01,75.555357
2020-07-02,74.742158
2020-07-03,74.68015
2020-07-06,74.572627
2020-07-07,74.813552
2020-07-08,75.000443
2020-07-09,74.982807
2020-07-10,75.240333
2020-07-13,75.219349
2020-07-14,75.404396
2020-07-15,75.123209
2020-07-16,75.219467
2020-07-17,74.964998
2020-07-20,74.803896
2020-07-21,74.613738
2020-07-22,74.527552
2020-07-23,74.835336
2020-07-24,74.832874
2020-07-27,74.732143
2020-07-28,74.860459
2020-07-29,74.792324
2020-07-30,74.887167
2020-07-31,74.810517
2020-08-03,75.200836
2020-08-04,75.121547
2020-08-05,74.834655
2020-08-06,74.951448
2020-08-07,75.004654
2020-08-10,74.906486
2020-08-11,74.566749
2020-08-12,74.80333
2020-08-13,74.844925
2020-08-14,74.890375
2020-08-17,74.824517
2020-08-18,74.650596
2020-08-19,74.847901
2020-08-20,75.098734
2020-08-21,74.940947
2020-08-24,74.087955
2020-08-25,74.247926
2020-08-26,74.317584
2020-08-27,73.916229
2020-08-28,73.195552
2020-08-31,73.2567
2020-09-01,72.919413
2020-09-02,73.199983
2020-09-03,73.530433
2020-09-04,73.195406
2020-09-07,73.451032
2020-09-08,73.912601
2020-09-09,73.563663
2020-09-10,73.452612
2020-09-11,73.598026
2020-09-14,73.544544
2020-09-15,73.596115
2020-09-16,73.524728
2020-09-17,73.629736
2020-09-18,73.535029
2020-09-21,73.55137
2020-09-22,73.477002
2020-09-23,73.54131
2020-09-24,73.949764
2020-09-25,73.678442
2020-09-28,73.715081
2020-09-29,73.726713
2020-09-30,73.709429
2020-10-01,73.03225
2020-10-02,73.348252
2020-10-05,73.153467
2020-10-06,73.396778
2020-10-07,73.290569
2020-10-08,73.256269
2020-10-09,73.080543
2020-10-12,73.290957
2020-10-13,73.322304
2020-10-14,73.27617
2020-10-15,73.474953
2020-10-16,73.308492
2020-10-19,73.308867
2020-10-20,73.53641
2020-10-21,73.721313
2020-10-22,73.692581
2020-10-23,73.654268
2020-10-26,74.074372
2020-10-27,73.667596
2020-10-28,74.020636
2020-10-29,74.407468
2020-10-30,74.467003
2020-11-02,74.455458
2020-11-03,74.405657
2020-11-04,74.392543
2020-11-05,74.011388
2020-11-06,74.143639
2020-11-09,73.750736
2020-11-10,74.24331
2020-11-11,74.419514
2020-11-12,74.68917
2020-11-13,74.639018
2020-11-16,74.454353
2020-11-17,74.467682
2020-11-18,74.158241
2020-11-19,74.203009
2020-11-20,74.13049
2020-11-23,74.030754
2020-11-24,74.087231
2020-11-25,73.888982
2020-11-26,73.836555
2020-11-27,74.066012
2020-11-30,74.066945
2020-12-01,73.65767
2020-12-02,73.735704
2020-12-03,73.828491
2020-12-04,73.752365
2020-12-07,73.902127
2020-12-08,73.636289
2020-12-09,73.674127
2020-12-10,73.670244
2020-12-11,73.777934
2020-12-14,73.54917
2020-12-15,73.591433
2020-12-16,73.650833
2020-12-17,73.58811
2020-12-18,73.51089
2020-12-21,74.044032
2020-12-22,73.860201
2020-12-23,73.807743
2020-12-24,73.554088
2020-12-28,73.503969
2020-12-29,73.368138
2020-12-30,73.188177
2020-12-31,73.066987
2021-01-04,73.022934
2021-01-05,73.23527
2021-01-06,73.110715
2021-01-07,73.350847
2021-01-08,73.304082
2021-01-11,73.457206
2021-01-12,73.260012
2021-01-13,73.162502
2021-01-14,73.129743
2021-01-15,73.114328
2021-01-18,73.306117
2021-01-19,73.155704
2021-01-20,73.02537
2021-01-21,72.974173
2021-01-22,73.011186
2021-01-25,72.934496
2021-01-26,72.927201
2021-01-27,73.004788
2021-01-28,73.046894
2021-01-29,72.867502
2021-02-01,73.10907
2021-02-02,72.98738
2021-02-03,72.912124
2021-02-04,72.886379
2021-02-05,72.909121
2021-02-08,72.951351
2021-02-09,72.931675
2021-02-10,72.827987
2021-02-11,72.778464
2021-02-12,72.577635
2021-02-15,72.609448
2021-02-16,72.815202
2021-02-17,72.797678
2021-02-18,72.550066
2021-02-19,72.505561
2021-02-22,72.506388
2021-02-23,72.517088
2021-02-24,72.349745
2021-02-25,72.633129
2021-02-26,73.901988
2021-03-01,73.563843
2021-03-02,73.377951
2021-03-03,72.847361
2021-03-04,72.753864
2021-03-05,73.06961
2021-03-08,73.358756
2021-03-09,73.000673
2021-03-10,72.998655
2021-03-11,72.594202
2021-03-12,72.677449
2021-03-15,72.560822
2021-03-16,72.512997
2021-03-17,72.586714
2021-03-18,72.708613
2021-03-19,72.504836
2021-03-22,72.3541
2021-03-23,72.458554
2021-03-24,72.607611
2021-03-25,72.666074
2021-03-26,72.555169
2021-03-29,72.559233
2021-03-30,73.46393
2021-03-31,73.18806
2021-04-01,73.410097
2021-04-06,73.399932
2021-04-07,74.358381
2021-04-08,74.613409
2021-04-09,74.709371
2021-04-12,75.018481
2021-04-13,75.42157
2021-04-14,75.086092
2021-04-15,75.021721
2021-04-16,74.449775
2021-04-19,74.837973
2021-04-20,75.137333
2021-04-21,75.452236
2021-04-22,75.040677
2021-04-23,74.980524
2021-04-26,74.785271
2021-04-27,74.579749
2021-04-28,74.473074
2021-04-29,74.082365
2021-04-30,74.060172
2021-05-03,73.892395
2021-05-04,73.882373
2021-05-05,73.879633
2021-05-06,73.748342
2021-05-07,73.503193
2021-05-10,73.349084
2021-05-11,73.368118
2021-05-12,73.41393
2021-05-13,73.5531
2021-05-14,73.25497
2021-05-17,73.316479
2021-05-18,73.008509
2021-05-19,73.148542
2021-05-20,73.066459
2021-05-21,72.86019
2021-05-24,72.921471
2021-05-25,72.762557
2021-05-26,72.754109
2021-05-27,72.604525
2021-05-28,72.546533
2021-05-31,72.56897
2021-06-01,72.896115
2021-06-02,73.102741
2021-06-03,72.926479
2021-06-04,73.005034
2021-06-07,72.792715
2021-06-08,72.876375
2021-06-09,72.947929
2021-06-10,73.084607
2021-06-11,73.131052
2021-06-14,73.234396
2021-06-15,73.342501
2021-06-16,73.308726
2021-06-17,74.123314
2021-06-18,73.986973
2021-06-21,74.161971
2021-06-22,74.300908
2021-06-23,74.175885
2021-06-24,74.147118
2021-06-25,74.211213
2021-06-28,74.302267
2021-06-29,74.280787
2021-06-30,74.321777
2021-07-01,74.519522
2021-07-02,74.689588
2021-07-05,74.29673
2021-07-06,74.516472
2021-07-07,74.619643
2021-07-08,74.84989
2021-07-09,74.524372
2021-07-12,74.595849
2021-07-13,74.5423
2021-07-14,74.490772
2021-07-15,74.562622
2021-07-16,74.5899
2021-07-19,74.983852
2021-07-20,74.667516
2021-07-21,74.574839
2021-07-22,74.447134
2021-07-23,74.43741
2021-07-26,74.42988
2021-07-27,74.439458
2021-07-28,74.390616
2021-07-29,74.258823
2021-07-30,74.336978
2021-08-02,74.369847
2021-08-03,74.225915
2021-08-04,74.156901
2021-08-05,74.11443
2021-08-06,74.107987
2021-08-09,74.244962
2021-08-10,74.384064
2021-08-11,74.38172
2021-08-12,74.205213
2021-08-13,74.266043
2021-08-16,74.21806
2021-08-17,74.30866
2021-08-18,74.253178
2021-08-19,74.382267
2021-08-20,74.374518
2021-08-23,74.172214
2021-08-24,74.158859
2021-08-25,74.260395
2021-08-26,74.134444
2021-08-27,73.719072
2021-08-30,73.301839
2021-08-31,72.997296
2021-09-01,73.070999
2021-09-02,73.037734
2021-09-03,73.032766
2021-09-06,73.089599
2021-09-07,73.470067
2021-09-08,73.569375
2021-09-09,73.551698
2021-09-10,73.42868
2021-09-13,73.721562
2021-09-14,73.672761
2021-09-15,73.462872
2021-09-16,73.512709
2021-09-17,73.45798
2021-09-20,73.667492
2021-09-21,73.683336
2021-09-22,73.852843
2021-09-23,73.723431
2021-09-24,73.787013
2021-09-27,73.860916
2021-09-28,74.121853
2021-09-29,74.195126
2021-09-30,74.338544
2021-10-01,74.116379
2021-10-04,74.254469
2021-10-05,74.545768
2021-10-06,74.889967
2021-10-07,74.734475
2021-10-08,74.984441
2021-10-11,75.457059
2021-10-12,75.527477
2021-10-13,75.341204
2021-10-14,75.276245
2021-10-15,74.958628
2021-10-18,75.326008
2021-10-19,75.075075
2021-10-20,74.858986
2021-10-21,74.885709
2021-10-22,74.870163
2021-10-25,75.166767
2021-10-26,74.954381
2021-10-27,75.063269
2021-10-28,74.875528
2021-10-29,74.867325
2021-11-01,74.907151
2021-11-02,74.639317
2021-11-03,74.482208
2021-11-04,74.419137
2021-11-05,74.261221
2021-11-08,74.111322
2021-11-09,74.10469
2021-11-10,74.305589
2021-11-11,74.440663
2021-11-12,74.417365
2021-11-15,74.399685
2021-11-16,74.366995
2021-11-17,74.257688
2021-11-18,74.233583
2021-11-19,74.25295
2021-11-22,74.350062
2021-11-23,74.464428
2021-11-24,74.459218
2021-11-25,74.49648
2021-11-26,74.87335
2021-11-29,75.082919
2021-11-30,75.092317
2021-12-01,74.905869
2021-12-02,75.008378
2021-12-03,75.144363
2021-12-06,75.413307
2021-12-07,75.406894
2021-12-08,75.435437
2021-12-09,75.596764
2021-12-10,75.676838
2021-12-13,75.742596
2021-12-14,75.938633
2021-12-15,76.393625
2021-12-16,76.217802
2021-12-17,75.961165
2021-12-20,75.847157
2021-12-21,75.577512
2021-12-22,75.574728
2021-12-23,75.223254
2021-12-24,75.006627
2021-12-27,74.973922
2021-12-28,74.691995
2021-12-29,74.659825
2021-12-30,74.34048
2021-12-31,74.368003
2022-01-03,74.323998
2022-01-04,74.656884
2022-01-05,74.353741
2022-01-06,74.456474
2022-01-07,74.32997
2022-01-10,74.04135
2022-01-11,73.877999
2022-01-12,73.903694
2022-01-13,73.904737
2022-01-14,74.206779
2022-01-17,74.304569
2022-01-18,74.613354
2022-01-19,74.405906
2022-01-20,74.406421
2022-01-21,74.391082
2022-01-24,74.619161
2022-01-25,74.79322
2022-01-26,74.868139
2022-01-27,75.080018
2022-01-28,75.059706
2022-01-31,74.727053
2022-02-01,74.775311
2022-02-02,74.726663
2022-02-03,74.887471
2022-02-04,74.707345
2022-02-07,74.722198
2022-02-08,74.732205
2022-02-09,74.837341
2022-02-10,75.126584
2022-02-11,75.19795
2022-02-14,75.531548
2022-02-15,75.313354
2022-02-16,75.086616
2022-02-17,75.016271
2022-02-18,74.557425
2022-02-21,74.684248
2022-02-22,74.729325
2022-02-23,74.588769
2022-02-24,75.513751
2022-02-25,75.202389
2022-02-28,75.501384
2022-03-01,75.704623
2022-03-02,75.793715
2022-03-03,75.99675
2022-03-04,76.343124
2022-03-07,76.92749
2022-03-08,77.051047
2022-03-09,76.59647
2022-03-10,76.332551
2022-03-11,76.421747
2022-03-14,76.57938
2022-03-15,76.385679
2022-03-16,76.205658
2022-03-17,75.869605
2022-03-18,76.110556
2022-03-21,76.266987
2022-03-22,76.119829
2022-03-23,76.438325
2022-03-24,76.406449
2022-03-25,76.189329
2022-03-28,76.128488
2022-03-29,75.749662
2022-03-30,75.840374
2022-03-31,75.789569
2022-04-01,75.990499
2022-04-04,75.527488
2022-04-05,75.335035
2022-04-06,75.834752
2022-04-07,75.990289
2022-04-08,75.857656
2022-04-11,75.879358
2022-04-12,76.170242
2022-04-13,76.18511
2022-04-14,76.129803
2022-04-19,76.46376
2022-04-20,76.301754
2022-04-21,76.205566
2022-04-22,76.448461
2022-04-25,76.606179
2022-04-26,76.565955
2022-04-27,76.60446
2022-04-28,76.649499
2022-04-29,76.506641
2022-05-02,76.488978
2022-05-03,76.583933
2022-05-04,76.34935
2022-05-05,76.285484
2022-05-06,76.913907
2022-05-09,77.414054
2022-05-10,77.262175
2022-05-11,77.223065
2022-05-12,77.504804
2022-05-13,77.449687
2022-05-16,77.797927
2022-05-17,77.460867
2022-05-18,77.587665
2022-05-19,77.635629
2022-05-20,77.679588
2022-05-23,77.567783
2022-05-24,77.597948
2022-05-25,77.577515
2022-05-26,77.597925
2022-05-27,77.589536
2022-05-30,77.550167
2022-05-31,77.69159
2022-06-01,77.530807
2022-06-02,77.555181
2022-06-03,77.607642
2022-06-06,77.610479
2022-06-07,77.727443
2022-06-08,77.673899
2022-06-09,77.749232
2022-06-10,77.836548
2022-06-13,78.054519
2022-06-14,78.031956
2022-06-15,78.146103
2022-06-16,78.071635
2022-06-17,78.076483
2022-06-20,77.963298
2022-06-21,78.126066
2022-06-22,78.32668
2022-06-23,78.28924
2022-06-24,78.2958
2022-06-27,78.445422
2022-06-28,78.97737
2022-06-29,78.955025
2022-06-30,79.053625
2022-07-01,79.016499
2022-07-04,78.916021
2022-07-05,79.371234
2022-07-06,79.131473
2022-07-07,79.174853
2022-07-08,79.236446
2022-07-11,79.464745
2022-07-12,79.562338
2022-07-13,79.595212
2022-07-14,80.035182
2022-07-15,79.844915
2022-07-18,79.986181
2022-07-19,79.939483
2022-07-20,80.006863
2022-07-21,79.861751
2022-07-22,79.866536
2022-07-25,79.784584
2022-07-26,79.81529
2022-07-27,79.920213
2022-07-28,79.681387
2022-07-29,79.31163
2022-08-01,79.090687
2022-08-02,78.564456
2022-08-03,79.153914
2022-08-04,79.335527
2022-08-05,79.201505
2022-08-08,79.582312
2022-08-09,79.544655
2022-08-10,79.46547
2022-08-11,79.594216
2022-08-12,79.721439
2022-08-15,79.510544
2022-08-16,79.335209
2022-08-17,79.452479
2022-08-18,79.624681
2022-08-19,79.867515
2022-08-22,79.853515
2022-08-23,79.863504
2022-08-24,79.827461
2022-08-25,79.895186
2022-08-26,79.846607
2022-08-29,79.941418
2022-08-30,79.532091
2022-08-31,79.5465
2022-09-01,79.587665
2022-09-02,79.865506
2022-09-05,79.872177
2022-09-06,79.805097
2022-09-07,79.947395
2022-09-08,79.665801
2022-09-09,79.578565
2022-09-12,79.460364
2022-09-13,79.16
2022-09-14,79.501502
2022-09-15,79.775721
2022-09-16,79.727245
2022-09-19,79.732733
2022-09-20,79.72111
2022-09-21,79.906622
2022-09-22,80.834682
2022-09-23,81.064691
2022-09-26,81.59237
2022-09-27,81.474492
2022-09-28,81.824882
2022-09-29,81.716464
2022-09-30,81.478252
2022-10-03,81.829168
2022-10-04,81.588818
2022-10-05,81.602622
2022-10-06,82.212475
2022-10-07,82.214964
2022-10-10,82.466536
2022-10-11,82.233364
2022-10-12,82.315578
2022-10-13,82.142006
2022-10-14,82.298549
2022-10-17,82.275388
2022-10-18,82.277072
2022-10-19,83.038965
2022-10-20,82.739272
2022-10-21,82.979445
2022-10-24,82.7785
2022-10-25,82.803975
2022-10-26,82.01736
2022-10-27,82.3513
2022-10-28,82.460557
2022-10-31,82.815715
2022-11-01,82.521363
2022-11-02,82.753331
2022-11-03,82.932944
2022-11-04,82.070502
2022-11-07,81.898029
2022-11-08,81.55062
2022-11-09,81.340273
2022-11-10,81.681535
2022-11-11,80.738553
2022-11-14,81.188003
2022-11-15,80.863514
2022-11-16,81.243277
2022-11-17,81.785057
2022-11-18,81.697376
2022-11-21,81.727015
2022-11-22,81.639868
2022-11-23,81.807264
2022-11-24,81.657063
2022-11-25,81.65253
2022-11-28,81.656313
2022-11-29,81.665831
2022-11-30,81.362278
2022-12-01,81.2445
2022-12-02,81.271114
2022-12-05,81.727496
2022-12-06,82.396824
2022-12-07,82.336404
2022-12-08,82.398992
2022-12-09,82.350128
2022-12-12,82.610301
2022-12-13,82.784732
2022-12-14,82.489905
2022-12-15,82.793993
2022-12-16,82.704586
2022-12-19,82.593036
2022-12-20,82.710539
2022-12-21,82.840354
2022-12-22,82.795542
2022-12-23,82.807381
2022-12-27,82.90738
2022-12-28,82.795395
2022-12-29,82.852381
2022-12-30,82.665479
2023-01-02,82.772629
2023-01-03,82.891892
2023-01-04,82.829512
2023-01-05,82.516272
2023-01-06,82.771714
2023-01-09,82.346672
2023-01-10,81.789611
2023-01-11,81.708384
2023-01-12,81.491831
2023-01-13,81.464768
2023-01-16,81.649556
2023-01-17,81.690492
2023-01-18,81.31931
2023-01-19,81.411003
2023-01-20,81.116756
2023-01-23,81.3651
2023-01-24,81.620464
2023-01-25,81.564442
2023-01-26,81.528683
2023-01-27,81.612517
2023-01-30,81.526644
2023-01-31,81.820364
2023-02-01,81.793648
2023-02-02,82.181926
2023-02-03,81.91643
2023-02-06,82.676503
2023-02-07,82.719252
2023-02-08,82.528179
2023-02-09,82.52762
2023-02-10,82.55145
2023-02-13,82.720382
2023-02-14,82.835487
2023-02-15,82.842523
2023-02-16,82.670467
2023-02-17,82.843294
2023-02-20,82.729998
2023-02-21,82.786478
2023-02-22,82.899286
2023-02-23,82.582423
2023-02-24,82.766793
2023-02-27,82.751563
2023-02-28,82.607119
2023-03-01,82.445526
2023-03-02,82.542669
2023-03-03,81.882713
2023-03-06,81.856566
2023-03-07,81.821378
2023-03-08,81.954481
2023-03-09,82.074569
2023-03-10,82.124976
2023-03-13,82.239865
2023-03-14,82.360995
2023-03-15,82.768509
2023-03-16,82.80302
2023-03-17,82.638614
2023-03-20,82.569749
2023-03-21,82.619525
2023-03-22,82.596198
2023-03-23,82.251126
2023-03-24,82.424383
2023-03-27,82.305022
2023-03-28,82.154783
2023-03-29,82.325528
2023-03-30,82.084788
2023-03-31,82.206437
2023-04-03,82.310028
2023-04-04,82.185121
2023-04-05,82.01234
2023-04-06,81.874027
2023-04-11,82.091243
2023-04-12,82.116371
2023-04-13,81.857921
2023-04-14,81.721534
2023-04-17,82.015026
2023-04-18,82.022876
2023-04-19,82.226745
2023-04-20,82.178819
2023-04-21,82.081436
2023-04-24,81.917379
2023-04-25,81.955181
2023-04-26,81.752423
2023-04-27,81.795417
2023-04-28,81.828158
2023-05-02,81.852713
2023-05-03,81.813366
2023-05-04,81.767654
2023-05-05,81.71509
2023-05-08,81.795325
2023-05-09,82.078201
2023-05-10,82.026027
2023-05-11,82.059012
2023-05-12,82.188762
2023-05-15,82.290364
2023-05-16,82.221763
2023-05-17,82.360144
2023-05-18,82.577915
2023-05-19,82.736399
2023-05-22,82.859915
2023-05-23,82.816124
2023-05-24,82.6586
2023-05-25,82.725198
2023-05-26,82.601525
2023-05-29,82.613159
2023-05-30,82.649386
2023-05-31,82.692128
2023-06-01,82.459568
2023-06-02,82.354362
2023-06-05,82.624415
2023-06-06,82.588692
2023-06-07,82.5007
2023-06-08,82.534227
2023-06-09,82.458256
2023-06-12,82.427311
2023-06-13,82.33392
2023-06-14,82.056157
2023-06-15,82.246511
2023-06-16,81.885191
2023-06-19,81.956144
2023-06-20,82.093204
2023-06-21,82.007232
2023-06-22,81.957214
2023-06-23,81.973999
2023-06-26,82.02647
2023-06-27,81.996621
2023-06-28,82.050192
2023-06-29,82.013622
2023-06-30,82.096908
2023-07-03,81.954766
2023-07-04,82.017439
2023-07-05,82.284677
2023-07-06,82.437838
2023-07-07,82.702517
2023-07-10,82.601771
2023-07-11,82.414687
2023-07-12,82.305661
2023-07-13,82.090413
2023-07-14,82.166028
2023-07-17,82.018967
2023-07-18,82.037761
2023-07-19,82.079398
2023-07-20,81.969277
2023-07-21,81.969792
2023-07-24,81.813266
2023-07-25,81.84282
2023-07-26,82.035537
2023-07-27,81.922247
2023-07-28,82.19891
2023-07-31,82.254377
2023-08-01,82.27484
2023-08-02,82.544379
2023-08-03,82.781284
2023-08-04,82.888726
2023-08-07,82.732884
2023-08-08,82.841192
2023-08-09,82.858771
2023-08-10,82.673836
2023-08-11,82.785351
2023-08-14,83.090576
2023-08-15,83.343859
2023-08-16,83.220502
2023-08-17,83.027064
2023-08-18,83.079507
2023-08-21,83.114686
2023-08-22,82.963167
2023-08-23,82.670801
2023-08-24,82.582565
2023-08-25,82.627683
2023-08-28,82.627683
2023-08-29,82.7858
2023-08-30,82.692265
2023-08-31,82.746872
2023-09-01,82.715788
2023-09-04,82.681696
2023-09-05,83.027211
2023-09-06,83.14658
2023-09-07,83.189076
2023-09-08,83.016629
2023-09-11,82.96671
2023-09-12,82.914216
2023-09-13,82.996832
2023-09-14,82.994408
2023-09-15,83.144117
2023-09-18,83.306293
2023-09-19,83.210865
2023-09-20,83.080078
2023-09-21,83.095252
2023-09-22,82.931812
2023-09-25,83.115772
2023-09-26,83.262141
2023-09-27,83.191439
2023-09-28,83.15732
2023-09-29,83.081461
2023-10-02,83.167142
2023-10-03,83.214729
2023-10-04,83.259503
2023-10-05,83.248147
2023-10-06,83.152513
2023-10-09,83.297408
2023-10-10,83.239936
2023-10-11,83.174274
2023-10-12,83.239947
2023-10-13,83.27062
2023-10-16,83.252515
2023-10-17,83.223105
2023-10-18,83.250355
2023-10-19,83.22599
2023-10-20,83.073364
2023-10-23,83.13768
2023-10-24,83.056622
2023-10-25,83.175586
2023-10-26,83.240512
2023-10-27,83.24732
2023-10-30,83.267327
2023-10-31,83.265373
2023-11-01,83.280345
2023-11-02,83.204202
2023-11-03,83.212951
2023-11-06,83.22875
2023-11-07,83.264552
2023-11-08,83.287414
2023-11-09,83.297166
2023-11-10,83.291491
2023-11-13,83.26523
2023-11-14,83.174002
2023-11-15,83.082168
2023-11-16,83.246843
2023-11-17,83.247333
2023-11-20,83.369327
2023-11-21,83.288453
2023-11-22,83.31317
2023-11-23,83.316514
2023-11-24,83.399597
2023-11-27,83.347913
2023-11-28,83.345511
2023-11-29,83.320892
2023-11-30,83.354039
2023-12-01,83.321839
2023-12-04,83.382407
2023-12-05,83.376629
2023-12-06,83.343385
2023-12-07,83.366447
2023-12-08,83.406792
2023-12-11,83.368783
2023-12-12,83.373288
2023-12-13,83.399926
2023-12-14,83.334554
2023-12-15,83.081491
2023-12-18,83.156256
2023-12-19,83.181445
2023-12-20,83.204952
2023-12-21,83.250023
2023-12-22,83.124376
2023-12-27,83.31315
2023-12-28,83.182473
2023-12-29,83.171493
2024-01-02,83.319642
2024-01-03,83.308911
2024-01-04,83.241578
2024-01-05,83.151726
2024-01-08,83.103874
2024-01-09,83.107404
2024-01-10,83.021652
2024-01-11,83.015382
2024-01-12,82.923597
2024-01-15,82.867063
2024-01-16,83.095938
2024-01-17,83.135515
2024-01-18,83.153563
2024-01-19,83.079361
2024-01-22,83.131772
2024-01-23,83.117642
2024-01-24,83.106282
2024-01-25,83.124484
2024-01-26,83.128507
2024-01-29,83.155779
2024-01-30,83.125115
2024-01-31,83.049737
2024-02-01,82.978546
2024-02-02,82.910962
2024-02-05,83.055556
2024-02-06,83.045239
2024-02-07,82.982554
2024-02-08,82.98615
2024-02-09,83.026643
2024-02-12,83.015038
2024-02-13,82.997313
2024-02-14,83.035564
2024-02-15,83.050358
2024-02-16,83.006594
2024-02-19,83.019673
2024-02-20,82.951768
2024-02-21,82.92349
2024-02-22,82.876245
2024-02-23,82.902898
2024-02-26,82.876428
2024-02-27,82.880895
2024-02-28,82.897391
2024-02-29,82.898393
2024-03-01,82.875705
2024-03-04,82.924488
2024-03-05,82.913172
2024-03-06,82.81773
2024-03-07,82.717302
2024-03-08,82.7264
2024-03-11,82.747117
2024-03-12,82.77391
2024-03-13,82.817442
2024-03-14,82.857666
2024-03-15,82.867242
2024-03-18,82.891113
2024-03-19,83.01686
2024-03-20,83.216525
2024-03-21,83.117264
2024-03-22,83.53414
2024-03-25,83.403784
2024-03-26,83.31322
2024-03-27,83.33395
2024-03-28,83.374803
2024-04-02,83.402177
2024-04-03,83.469814
2024-04-04,83.405455
2024-04-05,83.321004
2024-04-08,83.303151
2024-04-09,83.200055
2024-04-10,83.203039
2024-04-11,83.36145
2024-04-12,83.471649
2024-04-15,83.422485
2024-04-16,83.573846
2024-04-17,83.669863
2024-04-18,83.517183
2024-04-19,83.472074
2024-04-22,83.359669
2024-04-23,83.330991
2024-04-24,83.327251
2024-04-25,83.316698
2024-04-26,83.366716
2024-04-29,83.452425
2024-04-30,83.425546
2024-05-02,83.467751
2024-05-03,83.461467
2024-05-06,83.507331
2024-05-07,83.501765
2024-05-08,83.497626
2024-05-09,83.495155
2024-05-10,83.512849
2024-05-13,83.495137
2024-05-14,83.512412
2024-05-15,83.497507
2024-05-16,83.498988
2024-05-17,83.353283
2024-05-20,83.29942
2024-05-21,83.313236
2024-05-22,83.299631
2024-05-23,83.236134
2024-05-24,83.121771
2024-05-27,83.131329
2024-05-28,83.178644
2024-05-29,83.383071
2024-05-30,83.285252
2024-05-31,83.418264
2024-06-03,83.125807
2024-06-04,83.472158
2024-06-05,83.432671
2024-06-06,83.491486
2024-06-07,83.399706
2024-06-10,83.488657
2024-06-11,83.573905
2024-06-12,83.556897
2024-06-13,83.560831
2024-06-14,83.535467
2024-06-17,83.541355
2024-06-18,83.423705
2024-06-19,83.432877
2024-06-20,83.610878
2024-06-21,83.565681
2024-06-24,83.48863
2024-06-25,83.428691
2024-06-26,83.565348
2024-06-27,83.434929
2024-06-28,83.371789
2024-07-01,83.441135
2024-07-02,83.457638
2024-07-03,83.506228
2024-07-04,83.517593
2024-07-05,83.489006
2024-07-08,83.498385
2024-07-09,83.494544
2024-07-10,83.511778
2024-07-11,83.571165
2024-07-12,83.524793
2024-07-15,83.586687
2024-07-16,83.573198
2024-07-17,83.559722
2024-07-18,83.634492
2024-07-19,83.67034
2024-07-22,83.659533
2024-07-23,83.708564
2024-07-24,83.70944
2024-07-25,83.763248
2024-07-26,83.747238
2024-07-29,83.733013
2024-07-30,83.724593
2024-07-31,83.69505
2024-08-01,83.741311
2024-08-02,83.736041
2024-08-05,84.147821
2024-08-06,83.914338
2024-08-07,83.954404
2024-08-08,83.95151
2024-08-09,83.956215
2024-08-12,83.970252
2024-08-13,83.945659
2024-08-14,83.94818
2024-08-15,83.951049
2024-08-16,83.934419
2024-08-19,83.876913
2024-08-20,83.764435
2024-08-21,83.895736
2024-08-22,83.949708
2024-08-23,83.903426
2024-08-26,83.905312
2024-08-27,83.922236
2024-08-28,83.976343
2024-08-29,83.895202
2024-08-30,83.835573
2024-09-02,83.905162
2024-09-03,83.977345
2024-09-04,83.980543
2024-09-05,83.985492
2024-09-06,83.946681
2024-09-09,83.954541
2024-09-10,83.974708
2024-09-11,83.983519
2024-09-12,83.959695
2024-09-13,83.916614
2024-09-16,83.859428
2024-09-17,83.764252
2024-09-18,83.721233
2024-09-19,83.654536
2024-09-20,83.533942
2024-09-23,83.546632
2024-09-24,83.671068
2024-09-25,83.59389
2024-09-26,83.636934
2024-09-27,83.692418
2024-09-30,83.791533
2024-10-01,83.82735
2024-10-02,83.984283
2024-10-03,83.995833
2024-10-04,83.969082
2024-10-07,83.997268
2024-10-08,83.961482
2024-10-09,83.964133
2024-10-10,83.972283
2024-10-11,84.071585
2024-10-14,84.039395
2024-10-15,84.033752
2024-10-16,84.013949
2024-10-17,84.045647
2024-10-18,84.076703
2024-10-21,84.072607
2024-10-22,84.06894
2024-10-23,84.08749
2024-10-24,84.062587
2024-10-25,84.089607
2024-10-28,84.080237
2024-10-29,84.063486
2024-10-30,84.08969
2024-10-31,84.077375
2024-11-01,84.0565
2024-11-04,84.114087
2024-11-05,84.111682
2024-11-06,84.320711
2024-11-07,84.316643
2024-11-08,84.37616
2024-11-11,84.399117
2024-11-12,84.382406
2024-11-13,84.383761
2024-11-14,84.462641
2024-11-15,84.424549
2024-11-18,84.416698
2024-11-19,84.414351
2024-11-20,84.36139
2024-11-21,84.472544
2024-11-22,84.449673
2024-11-25,84.28728
2024-11-26,84.299468
2024-11-27,84.411737
2024-11-28,84.471163
2024-11-29,84.571577
2024-12-02,84.706386
2024-12-03,84.681317
2024-12-04,84.761247
2024-12-05,84.681499
2024-12-06,84.692373
2024-12-09,84.868471
2024-12-10,84.879358
2024-12-11,84.847721
2024-12-12,84.876561
2024-12-13,84.798441
2024-12-16,84.895218
2024-12-17,84.919501
2024-12-18,84.947599
2024-12-19,85.118807
2024-12-20,85.038499
2024-12-23,85.118349
2024-12-24,85.16354
2024-12-27,85.491136
2024-12-30,85.473478
2024-12-31,85.603523
2025-01-02,85.754287
2025-01-03,85.769007
2025-01-06,85.61337
2025-01-07,85.742327
2025-01-08,85.895392
2025-01-09,85.85541
2025-01-10,86.011743
2025-01-13,86.699843
2025-01-14,86.571498
2025-01-15,86.421845
2025-01-16,86.587812
2025-01-17,86.616819
2025-01-20,86.538872
2025-01-21,86.594574
2025-01-22,86.382266
2025-01-23,86.436467
2025-01-24,86.258594
2025-01-27,86.305793
2025-01-28,86.551675
2025-01-29,86.566468
2025-01-30,86.606748
2025-01-31,86.591456
2025-02-03,87.0657
2025-02-04,87.093372
2025-02-05,87.372385
2025-02-06,87.606178
2025-02-07,87.514214
2025-02-10,87.474806
2025-02-11,86.737699
2025-02-12,86.88621
2025-02-13,86.984697
2025-02-14,86.667303
2025-02-17,86.88246
2025-02-18,86.962764
2025-02-19,86.871765
2025-02-20,86.59006
2025-02-21,86.631438
2025-02-24,86.724919
2025-02-25,87.186625
2025-02-26,87.107371
2025-02-27,87.153765
2025-02-28,87.379695
2025-03-03,87.293837
2025-03-04,87.136781
2025-03-05,87.046288
2025-03-06,87.076695
2025-03-07,86.988579
2025-03-10,87.315629
2025-03-11,87.193457
2025-03-12,87.201451
2025-03-13,87.045245
2025-03-14,86.936817
2025-03-17,86.793543
2025-03-18,86.558436
2025-03-19,86.317794
2025-03-20,86.357426
2025-03-21,86.025677
2025-03-24,85.568644
2025-03-25,85.702356
2025-03-26,85.652021
2025-03-27,85.732035
2025-03-28,85.529314
2025-03-31,85.432732
2025-04-01,85.635892
2025-04-02,85.496621
2025-04-03,85.277552
2025-04-04,85.399295
2025-04-07,85.765478
2025-04-08,86.221461
2025-04-09,86.675419
2025-04-10,86.161343
2025-04-11,86.096422
2025-04-14,85.993496
2025-04-15,85.884581
2025-04-16,85.653457
2025-04-17,85.403609
2025-04-22,85.208261
2025-04-23,85.399737
2025-04-24,85.336937
2025-04-25,85.42793
2025-04-28,85.025973
2025-04-29,85.133826
2025-04-30,84.530027
2025-05-02,84.300538
2025-05-05,84.294719
2025-05-06,84.378366
2025-05-07,84.764525
2025-05-08,85.502346
2025-05-09,85.385265
2025-05-12,84.856834
2025-05-13,85.339273
2025-05-14,85.389513
2025-05-15,85.513634
2025-05-16,85.599428
2025-05-19,85.435535
2025-05-20,85.565341
2025-05-21,85.564438
2025-05-22,85.975329
2025-05-23,85.436687
2025-05-26,85.088305
2025-05-27,85.398468
2025-05-28,85.391446
2025-05-29,85.468753
2025-05-30,85.567334
2025-06-02,85.383571
2025-06-03,85.624012
2025-06-04,85.891602
2025-06-05,85.826841
2025-06-06,85.738323
2025-06-09,85.665206
2025-06-10,85.577828
2025-06-11,85.538354
2025-06-12,85.537174
2025-06-13,86.092773
2025-06-16,86.036375
2025-06-17,86.252593
2025-06-18,86.423358
2025-06-19,86.738543
2025-06-20,86.615284
2025-06-23,86.763424
2025-06-24,86.027139
2025-06-25,86.10019
2025-06-26,85.742625
2025-06-27,85.507519
2025-06-30,85.802474
2025-07-01,85.565199
2025-07-02,85.6661
2025-07-03,85.37727
2025-07-04,85.406646
2025-07-07,85.928121
2025-07-08,85.67119
2025-07-09,85.715507
2025-07-10,85.762661
2025-07-11,85.822135
2025-07-14,86.001711
2025-07-15,85.864123
2025-07-16,85.996811
2025-07-17,86.080404
2025-07-18,86.138197
2025-07-21,86.282678
2025-07-22,86.425421
2025-07-23,86.421201
2025-07-24,86.39248
2025-07-25,86.509724
2025-07-28,86.695984
2025-07-29,86.849042
2025-07-30,87.488505
2025-07-31,87.624498
2025-08-01,87.504384
2025-08-04,87.656291
2025-08-05,87.778884
2025-08-06,87.722768
2025-08-07,87.49592
2025-08-08,87.620622
2025-08-11,87.738341
2025-08-12,87.705756
2025-08-13,87.448126
2025-08-14,87.571429
2025-08-15,87.461499
2025-08-18,87.379851
2025-08-19,87.087656
2025-08-20,87.057334
2025-08-21,87.263511
2025-08-22,87.537043
2025-08-25,87.559631
2025-08-26,87.617536
2025-08-27,87.758992
2025-08-28,87.575797
2025-08-29,88.182793
2025-09-01,88.196756
2025-09-02,88.081315
2025-09-03,88.03055
2025-09-04,88.113248
2025-09-05,88.245704
2025-09-08,88.033339
2025-09-09,88.169704
2025-09-10,88.120355
2025-09-11,88.430466
2025-09-12,88.273426
2025-09-15,88.147629
2025-09-16,88.050733
2025-09-17,87.851229
2025-09-18,88.114317
2025-09-19,88.160361
2025-09-22,88.276038
2025-09-23,88.774527
2025-09-24,88.707469
2025-09-25,88.68856
2025-09-26,88.716158
2025-09-29,88.750576
2025-09-30,88.795503
2025-10-01,88.725691
2025-10-02,88.718564
2025-10-03,88.787285
2025-10-06,88.780613
2025-10-07,88.755786
2025-10-08,88.756773
2025-10-09,88.797261
2025-10-10,88.710494
2025-10-13,88.690466
2025-10-14,88.793214
2025-10-15,88.058424
2025-10-16,87.92729
2025-10-17,87.995035
2025-10-20,87.903475
2025-10-21,87.970449
2025-10-22,88.413912
2025-10-23,87.821013
2025-10-24,87.803996
2025-10-27,88.244845
2025-10-28,88.315391
2025-10-29,88.231351
2025-10-30,88.717576
2025-10-31,88.719924
2025-11-03,88.774101
2025-11-04,88.70899
2025-11-05,88.641664
2025-11-06,88.574092
2025-11-07,88.67572
2025-11-10,88.679457
2025-11-11,88.492441
2025-11-12,88.603576
2025-11-13,88.688786
2025-11-14,88.673163
2025-11-17,88.604761
2025-11-18,88.562554
2025-11-19,88.504274
2025-11-20,88.712871
2025-11-21,89.637847
2025-11-24,89.149342
2025-11-25,89.199463
2025-11-26,89.199706
2025-11-27,89.402296
2025-11-28,89.478212
2025-12-01,89.543448
2025-12-02,89.952213
2025-12-03,90.167552
2025-12-04,89.870564
2025-12-05,89.938171
2025-12-08,90.0429
2025-12-09,89.842743
2025-12-10,89.909575
2025-12-11,90.319703
2025-12-12,90.525531
2025-12-15,90.745342
2025-12-16,90.921365
2025-12-17,90.366405
2025-12-18,90.262394
2025-12-19,89.697746
2025-12-22,89.646658
2025-12-23,89.553623
2025-12-24,89.739119
2025-12-29,89.899711
2025-12-30,89.80182
2025-12-31,89.869362
2026-01-02,90.196229
2026-01-05,90.291495
2026-01-06,90.151619
2026-01-07,89.852362
2026-01-08,89.925482
2026-01-09,90.219464
2026-01-12,90.16336
2026-01-13,90.224644
2026-01-14,90.302807
2026-01-15,90.299983
2026-01-16,90.726521
2026-01-19,90.874817
2026-01-20,90.959243
2026-01-21,91.641111
2026-01-22,91.590637
2026-01-23,91.861693
2026-01-26,91.763687
2026-01-27,91.615391
2026-01-28,91.943377
2026-01-29,91.917614
2026-01-30,91.939341
2026-02-02,91.568412
2026-02-03,90.137277
2026-02-04,90.414382
2026-02-05,90.308527
2026-02-06,90.661777
2026-02-09,90.726485
2026-02-10,90.5396
2026-02-11,90.715546
2026-02-12,90.588681
2026-02-13,90.609509
2026-02-16,90.731759
2026-02-17,90.695501
2026-02-18,90.692275
2026-02-19,91.19629
2026-02-20,90.945441
2026-02-23,90.898676
2026-02-24,90.928505
2026-02-25,90.942804
2026-02-26,90.926866
2026-02-27,91.080474
2026-03-02,91.739614
2026-03-03,92.152766
2026-03-04,92.083269
2026-03-05,91.648563
2026-03-06,91.838509
2026-03-09,92.297707
2026-03-10,91.959454
2026-03-11,92.07236
2026-03-12,92.209665
2026-03-13,92.384542
2026-03-16,92.247604
2026-03-17,92.364496
2026-03-18,92.895652
2026-03-19,93.248324
2026-03-20,93.617482
2026-03-23,93.220938
2026-03-24,93.844625
2026-03-25,93.944531
2026-03-26,94.119508
2026-03-27,94.811583
2026-03-30,94.713166
2026-03-31,93.823969
2026-04-01,93.428695
2026-04-02,93.101952
2026-04-07,93.008134
2026-04-08,92.220485
2026-04-09,92.660505
2026-04-10,92.886602
2026-04-13,93.330195
2026-04-14,93.086153
2026-04-15,93.437606
2026-04-16,93.243507
2026-04-17,92.822328
2026-04-20,93.071854
2026-04-21,93.505141
2026-04-22,93.804227
2026-04-23,94.1098
2026-04-24,94.252476
2026-04-27,94.199081
2026-04-28,94.542808
2026-04-29,94.850077
2026-04-30,94.914972
2026-05-04,95.092735
2026-05-05,95.284956
2026-05-06,94.615287
2026-05-07,94.254885
2026-05-08,94.488989
2026-05-11,95.315342
2026-05-12,95.636821
2026-05-13,95.671618
2026-05-14,95.767817
2026-05-15,95.970072
2026-05-18,96.350017
2026-05-19,96.541738
2026-05-20,96.825
2026-05-21,96.205276
2026-05-22,95.695127
2026-05-25,95.2392
2026-05-26,95.685061
2026-05-27,95.699063
2026-05-28,95.696393
2026-05-29,95.001288
2026-06-01,94.993131
2026-06-02,95.273843
2026-06-03,95.709919
2026-06-04,95.785653
2026-06-05,94.949742
2026-06-08,95.708406
2026-06-09,95.350817
2026-06-10,95.266054
2026-06-11,95.76493
2026-06-12,95.114982
2026-06-15,94.714827
2026-06-16,94.560549
2026-06-17,94.534121
2026-06-18,94.333392
2026-06-19,94.32938
2026-06-22,94.686627
2026-06-23,94.740169
2026-06-24,94.674162
2026-06-25,94.395609
2026-06-26,94.404438
2026-06-29,94.544976
2026-06-30,94.660786
2026-07-01,95.248616
2026-07-02,95.397403
2026-07-03,95.214885
2026-07-06,95.403855
2026-07-07,94.972448
2026-07-08,95.559891
2026-07-09,95.388282
2026-07-10,95.333771
2026-07-13,95.621061
2026-07-14,96.204735
2026-07-15,96.259863
2026-07-16,96.354321
2026-07-17,96.28509
2026-07-20,96.445388
2026-07-21,96.235768
2026-07-22,96.569951
2026-07-23,96.581373
2026-07-24,96.567636
2026-07-27,95.919308
2026-07-28,95.857306
2026-07-29,95.648067
2026-07-30,95.684908
2026-07-31,95.38485
2026-08-03,95.338101
2026-08-04,95.378637
2026-08-05,95.122468
2026-08-06,95.224831
2026-08-07,95.212397
2026-08-10,95.303159
2026-08-11,95.439775
2026-08-12,95.339108
2026-08-13,95.44087
2026-08-14,95.428201
2026-08-17,95.607263
2026-08-18,95.687025
2026-08-19,95.757432
2026-08-20,95.7097
2026-08-21,95.70006
2026-08-24,95.754029
2026-08-25,95.417596
2026-08-26,95.42163
2026-08-27,95.541005
2026-08-28,95.386498
2026-08-31,95.171611
2026-09-01,94.951251
2026-09-02,94.974952
2026-09-03,94.489884
2026-09-04,94.490191
2026-09-07,94.494063
2026-09-08,94.826502
2026-09-09,95.110281
2026-09-10,95.441202
2026-09-11,95.555124
2026-09-14,95.55493
2026-09-15,95.960222
2026-09-16,95.964289
2026-09-17,95.938943
2026-09-18,95.8774
2026-09-21,95.820279
2026-09-22,95.594958
2026-09-23,95.740952
2026-09-24,95.959796
2026-09-25,95.817329
2026-09-28,95.983037
2026-09-29,95.985029
